"Characteristic","Overall (N=1106)","Immune Low (n=369)","Immune Mid (n=368)","Immune High (n=369)","P value"
"Age, years, median [IQR]","59.1 [49.4–68.1]","61.8 [50.7–70.1]","58.9 [50.3–68.0]","56.9 [48.2–65.4]","0.002"
"  Missing","16 (1.4%)","5 (1.4%)","5 (1.4%)","6 (1.6%)",""
"Pathological stage, n (%)","","","","","0.146"
"  Stage I","184 (16.6%)","66 (17.9%)","49 (13.3%)","69 (18.7%)",""
"  Stage II","627 (56.7%)","214 (58.0%)","206 (56.0%)","207 (56.1%)",""
"  Stage III","250 (22.6%)","73 (19.8%)","97 (26.4%)","80 (21.7%)",""
"  Stage IV","20 (1.8%)","7 (1.9%)","9 (2.4%)","4 (1.1%)",""
"  Missing","25 (2.3%)","9 (2.4%)","7 (1.9%)","9 (2.4%)",""
"Pathological T stage, n (%)","","","","","0.125"
"  T1","282 (25.5%)","93 (25.2%)","81 (22.0%)","108 (29.3%)",""
"  T2","640 (57.9%)","207 (56.1%)","222 (60.3%)","211 (57.2%)",""
"  T3","140 (12.7%)","49 (13.3%)","49 (13.3%)","42 (11.4%)",""
"  T4","40 (3.6%)","18 (4.9%)","15 (4.1%)","7 (1.9%)",""
"  Missing","4 (0.4%)","2 (0.5%)","1 (0.3%)","1 (0.3%)",""
"Pathological N stage, n (%)","","","","","0.004"
"  N0","524 (47.4%)","190 (51.5%)","148 (40.2%)","186 (50.4%)",""
"  N1","364 (32.9%)","116 (31.4%)","137 (37.2%)","111 (30.1%)",""
"  N2","120 (10.8%)","33 (8.9%)","43 (11.7%)","44 (11.9%)",""
"  N3","77 (7.0%)","17 (4.6%)","37 (10.1%)","23 (6.2%)",""
"  Missing","21 (1.9%)","13 (3.5%)","3 (0.8%)","5 (1.4%)",""
