MCP_counter_population,Immune-Low (n=369),Immune-Mid (n=368),Immune-High (n=369),Kruskal-Wallis_P,BH-FDR
T cells,5.63 [5.01–6.18],6.78 [6.28–7.22],7.92 [7.36–8.41],<0.001,<0.001
CD8 T cells,5.25 [4.17–6.23],6.78 [5.90–7.42],8.16 [7.43–8.85],<0.001,<0.001
Cytotoxic lymphocytes,4.06 [3.49–4.54],5.02 [4.51–5.51],6.11 [5.53–6.76],<0.001,<0.001
NK cells,2.08 [1.70–2.53],2.78 [2.29–3.27],3.65 [3.03–4.46],<0.001,<0.001
B lineage,0.68 [0.28–1.29],1.35 [0.77–2.11],2.56 [1.58–3.65],<0.001,<0.001
Monocytic lineage,3.88 [3.38–4.30],4.35 [3.99–4.73],4.75 [4.38–5.11],<0.001,<0.001
Myeloid dendritic cells,0.73 [0.52–1.02],1.08 [0.80–1.43],1.62 [1.16–2.17],<0.001,<0.001
Neutrophils,0.01 [0.00–0.09],0.07 [0.00–0.22],0.22 [0.05–0.51],<0.001,<0.001
Endothelial cells,2.05 [1.59–2.61],2.24 [1.75–2.86],2.54 [1.98–3.15],<0.001,<0.001
Fibroblasts,1.92 [1.34–2.64],2.19 [1.57–2.87],2.48 [1.85–3.09],<0.001,<0.001
