Rank,Gene,logFC,AveExpr,t,P_value,BH_FDR,B
1,KCNJ3,-3.1382,6.8276,-9.5951,1.264E-20,1.528E-19,35.4087
2,CPB1,-2.7866,8.1525,-7.5531,1.260E-13,9.729E-13,19.5042
3,CST9,-2.65,4.6695,-8.8671,5.589E-18,5.839E-17,29.3856
4,BMPR1B,-2.2903,10.4127,-8.8265,7.766E-18,8.041E-17,29.0607
5,ESR1,-2.2841,13.1821,-9.9387,6.279E-22,8.106E-21,38.3805
6,GPR139,-2.2528,3.0463,-9.8426,1.466E-21,1.862E-20,37.5411
7,GRIA2,-2.2444,5.5333,-7.882,1.158E-14,9.699E-14,21.8529
8,BMPR1B-DT,-2.1996,3.4695,-9.6562,7.453E-21,9.110E-20,35.9314
9,EEF1A2,-2.197,10.4926,-9.9646,4.990E-22,6.475E-21,38.6081
10,MYT1,-2.1774,5.5313,-11.4496,4.720E-28,7.971E-27,52.3616
11,AGR3,-2.1581,10.3766,-7.2965,7.646E-13,5.571E-12,17.7318
12,NKAIN1,-2.1355,9.5754,-10.3575,1.455E-23,2.042E-22,42.1101
13,GATA3-AS1,-2.0874,7.263,-10.2101,5.544E-23,7.588E-22,40.7845
14,SYT13,-2.0275,8.9688,-7.5226,1.564E-13,1.200E-12,19.2912
15,ABCC8,-2.0138,7.5073,-8.9123,3.871E-18,4.079E-17,29.7484
