"Gene","N_Selected_Hallmarks","Selected_Hallmarks"
"IL6",5,"HALLMARK_ALLOGRAFT_REJECTION;HALLMARK_IL6_JAK_STAT3_SIGNALING;HALLMARK_INFLAMMATORY_RESPONSE;HALLMARK_INTERFERON_GAMMA_RESPONSE;HALLMARK_TNFA_SIGNALING_VIA_NFKB"
"CCL2",4,"HALLMARK_ALLOGRAFT_REJECTION;HALLMARK_INFLAMMATORY_RESPONSE;HALLMARK_INTERFERON_GAMMA_RESPONSE;HALLMARK_TNFA_SIGNALING_VIA_NFKB"
"CCL5",4,"HALLMARK_ALLOGRAFT_REJECTION;HALLMARK_INFLAMMATORY_RESPONSE;HALLMARK_INTERFERON_GAMMA_RESPONSE;HALLMARK_TNFA_SIGNALING_VIA_NFKB"
"CCL7",4,"HALLMARK_ALLOGRAFT_REJECTION;HALLMARK_IL6_JAK_STAT3_SIGNALING;HALLMARK_INFLAMMATORY_RESPONSE;HALLMARK_INTERFERON_GAMMA_RESPONSE"
"CSF1",4,"HALLMARK_ALLOGRAFT_REJECTION;HALLMARK_IL6_JAK_STAT3_SIGNALING;HALLMARK_INFLAMMATORY_RESPONSE;HALLMARK_TNFA_SIGNALING_VIA_NFKB"
"CXCL10",4,"HALLMARK_IL6_JAK_STAT3_SIGNALING;HALLMARK_INFLAMMATORY_RESPONSE;HALLMARK_INTERFERON_GAMMA_RESPONSE;HALLMARK_TNFA_SIGNALING_VIA_NFKB"
"CXCL11",4,"HALLMARK_IL6_JAK_STAT3_SIGNALING;HALLMARK_INFLAMMATORY_RESPONSE;HALLMARK_INTERFERON_GAMMA_RESPONSE;HALLMARK_TNFA_SIGNALING_VIA_NFKB"
"CXCL9",4,"HALLMARK_ALLOGRAFT_REJECTION;HALLMARK_IL6_JAK_STAT3_SIGNALING;HALLMARK_INFLAMMATORY_RESPONSE;HALLMARK_INTERFERON_GAMMA_RESPONSE"
"ICAM1",4,"HALLMARK_ALLOGRAFT_REJECTION;HALLMARK_INFLAMMATORY_RESPONSE;HALLMARK_INTERFERON_GAMMA_RESPONSE;HALLMARK_TNFA_SIGNALING_VIA_NFKB"
"IL15RA",4,"HALLMARK_IL6_JAK_STAT3_SIGNALING;HALLMARK_INFLAMMATORY_RESPONSE;HALLMARK_INTERFERON_GAMMA_RESPONSE;HALLMARK_TNFA_SIGNALING_VIA_NFKB"
"IL1B",4,"HALLMARK_ALLOGRAFT_REJECTION;HALLMARK_IL6_JAK_STAT3_SIGNALING;HALLMARK_INFLAMMATORY_RESPONSE;HALLMARK_TNFA_SIGNALING_VIA_NFKB"
"IL4R",4,"HALLMARK_ALLOGRAFT_REJECTION;HALLMARK_IL6_JAK_STAT3_SIGNALING;HALLMARK_INFLAMMATORY_RESPONSE;HALLMARK_INTERFERON_GAMMA_RESPONSE"
"IRF1",4,"HALLMARK_IL6_JAK_STAT3_SIGNALING;HALLMARK_INFLAMMATORY_RESPONSE;HALLMARK_INTERFERON_GAMMA_RESPONSE;HALLMARK_TNFA_SIGNALING_VIA_NFKB"
"TLR2",4,"HALLMARK_ALLOGRAFT_REJECTION;HALLMARK_IL6_JAK_STAT3_SIGNALING;HALLMARK_INFLAMMATORY_RESPONSE;HALLMARK_TNFA_SIGNALING_VIA_NFKB"
"CD40",3,"HALLMARK_ALLOGRAFT_REJECTION;HALLMARK_INFLAMMATORY_RESPONSE;HALLMARK_INTERFERON_GAMMA_RESPONSE"
"CD69",3,"HALLMARK_INFLAMMATORY_RESPONSE;HALLMARK_INTERFERON_GAMMA_RESPONSE;HALLMARK_TNFA_SIGNALING_VIA_NFKB"
"FAS",3,"HALLMARK_ALLOGRAFT_REJECTION;HALLMARK_IL6_JAK_STAT3_SIGNALING;HALLMARK_INTERFERON_GAMMA_RESPONSE"
"GCH1",3,"HALLMARK_INFLAMMATORY_RESPONSE;HALLMARK_INTERFERON_GAMMA_RESPONSE;HALLMARK_TNFA_SIGNALING_VIA_NFKB"
"IL12B",3,"HALLMARK_ALLOGRAFT_REJECTION;HALLMARK_INFLAMMATORY_RESPONSE;HALLMARK_TNFA_SIGNALING_VIA_NFKB"
"IL15",3,"HALLMARK_ALLOGRAFT_REJECTION;HALLMARK_INFLAMMATORY_RESPONSE;HALLMARK_INTERFERON_GAMMA_RESPONSE"
"IL18",3,"HALLMARK_ALLOGRAFT_REJECTION;HALLMARK_INFLAMMATORY_RESPONSE;HALLMARK_TNFA_SIGNALING_VIA_NFKB"
"IL2RB",3,"HALLMARK_ALLOGRAFT_REJECTION;HALLMARK_INFLAMMATORY_RESPONSE;HALLMARK_INTERFERON_GAMMA_RESPONSE"
"IL7",3,"HALLMARK_ALLOGRAFT_REJECTION;HALLMARK_IL6_JAK_STAT3_SIGNALING;HALLMARK_INTERFERON_GAMMA_RESPONSE"
"LCP2",3,"HALLMARK_ALLOGRAFT_REJECTION;HALLMARK_INFLAMMATORY_RESPONSE;HALLMARK_INTERFERON_GAMMA_RESPONSE"
"LIF",3,"HALLMARK_ALLOGRAFT_REJECTION;HALLMARK_INFLAMMATORY_RESPONSE;HALLMARK_TNFA_SIGNALING_VIA_NFKB"
"NAMPT",3,"HALLMARK_INFLAMMATORY_RESPONSE;HALLMARK_INTERFERON_GAMMA_RESPONSE;HALLMARK_TNFA_SIGNALING_VIA_NFKB"
"PDE4B",3,"HALLMARK_INFLAMMATORY_RESPONSE;HALLMARK_INTERFERON_GAMMA_RESPONSE;HALLMARK_TNFA_SIGNALING_VIA_NFKB"
"SOCS1",3,"HALLMARK_ALLOGRAFT_REJECTION;HALLMARK_IL6_JAK_STAT3_SIGNALING;HALLMARK_INTERFERON_GAMMA_RESPONSE"
"SOCS3",3,"HALLMARK_IL6_JAK_STAT3_SIGNALING;HALLMARK_INTERFERON_GAMMA_RESPONSE;HALLMARK_TNFA_SIGNALING_VIA_NFKB"
"STAT1",3,"HALLMARK_ALLOGRAFT_REJECTION;HALLMARK_IL6_JAK_STAT3_SIGNALING;HALLMARK_INTERFERON_GAMMA_RESPONSE"
"TAP1",3,"HALLMARK_ALLOGRAFT_REJECTION;HALLMARK_INTERFERON_GAMMA_RESPONSE;HALLMARK_TNFA_SIGNALING_VIA_NFKB"
"TNF",3,"HALLMARK_ALLOGRAFT_REJECTION;HALLMARK_IL6_JAK_STAT3_SIGNALING;HALLMARK_TNFA_SIGNALING_VIA_NFKB"
"TNFAIP6",3,"HALLMARK_INFLAMMATORY_RESPONSE;HALLMARK_INTERFERON_GAMMA_RESPONSE;HALLMARK_TNFA_SIGNALING_VIA_NFKB"
"ABCA1",2,"HALLMARK_INFLAMMATORY_RESPONSE;HALLMARK_TNFA_SIGNALING_VIA_NFKB"
"B2M",2,"HALLMARK_ALLOGRAFT_REJECTION;HALLMARK_INTERFERON_GAMMA_RESPONSE"
"BST2",2,"HALLMARK_INFLAMMATORY_RESPONSE;HALLMARK_INTERFERON_GAMMA_RESPONSE"
"BTG1",2,"HALLMARK_INTERFERON_GAMMA_RESPONSE;HALLMARK_TNFA_SIGNALING_VIA_NFKB"
"CCL20",2,"HALLMARK_INFLAMMATORY_RESPONSE;HALLMARK_TNFA_SIGNALING_VIA_NFKB"
"CCL22",2,"HALLMARK_ALLOGRAFT_REJECTION;HALLMARK_INFLAMMATORY_RESPONSE"
"CCL4",2,"HALLMARK_ALLOGRAFT_REJECTION;HALLMARK_TNFA_SIGNALING_VIA_NFKB"
"CCR1",2,"HALLMARK_ALLOGRAFT_REJECTION;HALLMARK_IL6_JAK_STAT3_SIGNALING"
"CCRL2",2,"HALLMARK_INFLAMMATORY_RESPONSE;HALLMARK_TNFA_SIGNALING_VIA_NFKB"
"CD14",2,"HALLMARK_IL6_JAK_STAT3_SIGNALING;HALLMARK_INFLAMMATORY_RESPONSE"
"CD38",2,"HALLMARK_IL6_JAK_STAT3_SIGNALING;HALLMARK_INTERFERON_GAMMA_RESPONSE"
"CD74",2,"HALLMARK_ALLOGRAFT_REJECTION;HALLMARK_INTERFERON_GAMMA_RESPONSE"
"CD80",2,"HALLMARK_ALLOGRAFT_REJECTION;HALLMARK_TNFA_SIGNALING_VIA_NFKB"
"CD86",2,"HALLMARK_ALLOGRAFT_REJECTION;HALLMARK_INTERFERON_GAMMA_RESPONSE"
"CMKLR1",2,"HALLMARK_INFLAMMATORY_RESPONSE;HALLMARK_INTERFERON_GAMMA_RESPONSE"
"CSF2",2,"HALLMARK_IL6_JAK_STAT3_SIGNALING;HALLMARK_TNFA_SIGNALING_VIA_NFKB"
"CSF2RB",2,"HALLMARK_IL6_JAK_STAT3_SIGNALING;HALLMARK_INTERFERON_GAMMA_RESPONSE"
"CXCL1",2,"HALLMARK_IL6_JAK_STAT3_SIGNALING;HALLMARK_TNFA_SIGNALING_VIA_NFKB"
"CXCL13",2,"HALLMARK_ALLOGRAFT_REJECTION;HALLMARK_IL6_JAK_STAT3_SIGNALING"
"CXCL3",2,"HALLMARK_IL6_JAK_STAT3_SIGNALING;HALLMARK_TNFA_SIGNALING_VIA_NFKB"
"CXCL6",2,"HALLMARK_INFLAMMATORY_RESPONSE;HALLMARK_TNFA_SIGNALING_VIA_NFKB"
"EBI3",2,"HALLMARK_IL6_JAK_STAT3_SIGNALING;HALLMARK_INFLAMMATORY_RESPONSE"
"EDN1",2,"HALLMARK_INFLAMMATORY_RESPONSE;HALLMARK_TNFA_SIGNALING_VIA_NFKB"
"EREG",2,"HALLMARK_ALLOGRAFT_REJECTION;HALLMARK_INFLAMMATORY_RESPONSE"
"F3",2,"HALLMARK_INFLAMMATORY_RESPONSE;HALLMARK_TNFA_SIGNALING_VIA_NFKB"
"FPR1",2,"HALLMARK_INFLAMMATORY_RESPONSE;HALLMARK_INTERFERON_GAMMA_RESPONSE"
"GPR183",2,"HALLMARK_INFLAMMATORY_RESPONSE;HALLMARK_TNFA_SIGNALING_VIA_NFKB"
"GZMA",2,"HALLMARK_ALLOGRAFT_REJECTION;HALLMARK_INTERFERON_GAMMA_RESPONSE"
"HBEGF",2,"HALLMARK_INFLAMMATORY_RESPONSE;HALLMARK_TNFA_SIGNALING_VIA_NFKB"
"HIF1A",2,"HALLMARK_INFLAMMATORY_RESPONSE;HALLMARK_INTERFERON_GAMMA_RESPONSE"
"HLA-A",2,"HALLMARK_ALLOGRAFT_REJECTION;HALLMARK_INTERFERON_GAMMA_RESPONSE"
"HLA-DMA",2,"HALLMARK_ALLOGRAFT_REJECTION;HALLMARK_INTERFERON_GAMMA_RESPONSE"
"HLA-DQA1",2,"HALLMARK_ALLOGRAFT_REJECTION;HALLMARK_INTERFERON_GAMMA_RESPONSE"
"HLA-G",2,"HALLMARK_ALLOGRAFT_REJECTION;HALLMARK_INTERFERON_GAMMA_RESPONSE"
"IFIH1",2,"HALLMARK_INTERFERON_GAMMA_RESPONSE;HALLMARK_TNFA_SIGNALING_VIA_NFKB"
"IFIT2",2,"HALLMARK_INTERFERON_GAMMA_RESPONSE;HALLMARK_TNFA_SIGNALING_VIA_NFKB"
"IFNAR2",2,"HALLMARK_ALLOGRAFT_REJECTION;HALLMARK_INTERFERON_GAMMA_RESPONSE"
"IL10",2,"HALLMARK_ALLOGRAFT_REJECTION;HALLMARK_INFLAMMATORY_RESPONSE"
"IL10RA",2,"HALLMARK_INFLAMMATORY_RESPONSE;HALLMARK_INTERFERON_GAMMA_RESPONSE"
"IL12RB1",2,"HALLMARK_ALLOGRAFT_REJECTION;HALLMARK_IL6_JAK_STAT3_SIGNALING"
"IL18R1",2,"HALLMARK_IL6_JAK_STAT3_SIGNALING;HALLMARK_INFLAMMATORY_RESPONSE"
"IL18RAP",2,"HALLMARK_ALLOGRAFT_REJECTION;HALLMARK_INFLAMMATORY_RESPONSE"
"IL1A",2,"HALLMARK_INFLAMMATORY_RESPONSE;HALLMARK_TNFA_SIGNALING_VIA_NFKB"
"IL1R1",2,"HALLMARK_IL6_JAK_STAT3_SIGNALING;HALLMARK_INFLAMMATORY_RESPONSE"
"IL2RA",2,"HALLMARK_ALLOGRAFT_REJECTION;HALLMARK_IL6_JAK_STAT3_SIGNALING"
"IL2RG",2,"HALLMARK_ALLOGRAFT_REJECTION;HALLMARK_IL6_JAK_STAT3_SIGNALING"
"IL7R",2,"HALLMARK_INFLAMMATORY_RESPONSE;HALLMARK_TNFA_SIGNALING_VIA_NFKB"
"INHBA",2,"HALLMARK_INFLAMMATORY_RESPONSE;HALLMARK_TNFA_SIGNALING_VIA_NFKB"
"IRF4",2,"HALLMARK_ALLOGRAFT_REJECTION;HALLMARK_INTERFERON_GAMMA_RESPONSE"
"IRF7",2,"HALLMARK_INFLAMMATORY_RESPONSE;HALLMARK_INTERFERON_GAMMA_RESPONSE"
"IRF8",2,"HALLMARK_ALLOGRAFT_REJECTION;HALLMARK_INTERFERON_GAMMA_RESPONSE"
"KLF6",2,"HALLMARK_INFLAMMATORY_RESPONSE;HALLMARK_TNFA_SIGNALING_VIA_NFKB"
"LCK",2,"HALLMARK_ALLOGRAFT_REJECTION;HALLMARK_INFLAMMATORY_RESPONSE"
"LTB",2,"HALLMARK_ALLOGRAFT_REJECTION;HALLMARK_IL6_JAK_STAT3_SIGNALING"
"LY6E",2,"HALLMARK_INFLAMMATORY_RESPONSE;HALLMARK_INTERFERON_GAMMA_RESPONSE"
"LYN",2,"HALLMARK_ALLOGRAFT_REJECTION;HALLMARK_INFLAMMATORY_RESPONSE"
"MAP3K8",2,"HALLMARK_IL6_JAK_STAT3_SIGNALING;HALLMARK_TNFA_SIGNALING_VIA_NFKB"
"NFKBIA",2,"HALLMARK_INTERFERON_GAMMA_RESPONSE;HALLMARK_TNFA_SIGNALING_VIA_NFKB"
"NLRP3",2,"HALLMARK_ALLOGRAFT_REJECTION;HALLMARK_INFLAMMATORY_RESPONSE"
"NMI",2,"HALLMARK_INFLAMMATORY_RESPONSE;HALLMARK_INTERFERON_GAMMA_RESPONSE"
"OLR1",2,"HALLMARK_INFLAMMATORY_RESPONSE;HALLMARK_TNFA_SIGNALING_VIA_NFKB"
"OSMR",2,"HALLMARK_IL6_JAK_STAT3_SIGNALING;HALLMARK_INFLAMMATORY_RESPONSE"
"PIK3R5",2,"HALLMARK_IL6_JAK_STAT3_SIGNALING;HALLMARK_INFLAMMATORY_RESPONSE"
"PIM1",2,"HALLMARK_IL6_JAK_STAT3_SIGNALING;HALLMARK_INTERFERON_GAMMA_RESPONSE"
"PLAUR",2,"HALLMARK_INFLAMMATORY_RESPONSE;HALLMARK_TNFA_SIGNALING_VIA_NFKB"
"PSMB10",2,"HALLMARK_ALLOGRAFT_REJECTION;HALLMARK_INTERFERON_GAMMA_RESPONSE"
"PTGER4",2,"HALLMARK_INFLAMMATORY_RESPONSE;HALLMARK_TNFA_SIGNALING_VIA_NFKB"
"PTGS2",2,"HALLMARK_INTERFERON_GAMMA_RESPONSE;HALLMARK_TNFA_SIGNALING_VIA_NFKB"
"PTPRE",2,"HALLMARK_INFLAMMATORY_RESPONSE;HALLMARK_TNFA_SIGNALING_VIA_NFKB"
"RIGI",2,"HALLMARK_INTERFERON_GAMMA_RESPONSE;HALLMARK_TNFA_SIGNALING_VIA_NFKB"
"RTP4",2,"HALLMARK_INFLAMMATORY_RESPONSE;HALLMARK_INTERFERON_GAMMA_RESPONSE"
"SERPINE1",2,"HALLMARK_INFLAMMATORY_RESPONSE;HALLMARK_TNFA_SIGNALING_VIA_NFKB"
"SPHK1",2,"HALLMARK_INFLAMMATORY_RESPONSE;HALLMARK_TNFA_SIGNALING_VIA_NFKB"
"ST8SIA4",2,"HALLMARK_ALLOGRAFT_REJECTION;HALLMARK_INTERFERON_GAMMA_RESPONSE"
"STAB1",2,"HALLMARK_ALLOGRAFT_REJECTION;HALLMARK_INFLAMMATORY_RESPONSE"
"STAT4",2,"HALLMARK_ALLOGRAFT_REJECTION;HALLMARK_INTERFERON_GAMMA_RESPONSE"
"TAPBP",2,"HALLMARK_INFLAMMATORY_RESPONSE;HALLMARK_INTERFERON_GAMMA_RESPONSE"
"TGFB1",2,"HALLMARK_ALLOGRAFT_REJECTION;HALLMARK_IL6_JAK_STAT3_SIGNALING"
"TLR1",2,"HALLMARK_ALLOGRAFT_REJECTION;HALLMARK_INFLAMMATORY_RESPONSE"
"TNFAIP2",2,"HALLMARK_INTERFERON_GAMMA_RESPONSE;HALLMARK_TNFA_SIGNALING_VIA_NFKB"
"TNFAIP3",2,"HALLMARK_INTERFERON_GAMMA_RESPONSE;HALLMARK_TNFA_SIGNALING_VIA_NFKB"
"TNFRSF1B",2,"HALLMARK_IL6_JAK_STAT3_SIGNALING;HALLMARK_INFLAMMATORY_RESPONSE"
"TNFRSF9",2,"HALLMARK_INFLAMMATORY_RESPONSE;HALLMARK_TNFA_SIGNALING_VIA_NFKB"
"TNFSF10",2,"HALLMARK_INFLAMMATORY_RESPONSE;HALLMARK_INTERFERON_GAMMA_RESPONSE"
"TNFSF9",2,"HALLMARK_INFLAMMATORY_RESPONSE;HALLMARK_TNFA_SIGNALING_VIA_NFKB"
"WARS1",2,"HALLMARK_ALLOGRAFT_REJECTION;HALLMARK_INTERFERON_GAMMA_RESPONSE"
"A2M",1,"HALLMARK_IL6_JAK_STAT3_SIGNALING"
"ACHE",1,"HALLMARK_ALLOGRAFT_REJECTION"
"ACVRL1",1,"HALLMARK_IL6_JAK_STAT3_SIGNALING"
"ADGRE1",1,"HALLMARK_INFLAMMATORY_RESPONSE"
"ADM",1,"HALLMARK_INFLAMMATORY_RESPONSE"
"AHR",1,"HALLMARK_INFLAMMATORY_RESPONSE"
"APLNR",1,"HALLMARK_INFLAMMATORY_RESPONSE"
"APOL6",1,"HALLMARK_INTERFERON_GAMMA_RESPONSE"
"AQP9",1,"HALLMARK_INFLAMMATORY_RESPONSE"
"ARID5B",1,"HALLMARK_INTERFERON_GAMMA_RESPONSE"
"ARL4A",1,"HALLMARK_INTERFERON_GAMMA_RESPONSE"
"ATF3",1,"HALLMARK_TNFA_SIGNALING_VIA_NFKB"
"AXL",1,"HALLMARK_INFLAMMATORY_RESPONSE"
"B4GALT5",1,"HALLMARK_TNFA_SIGNALING_VIA_NFKB"
"BANK1",1,"HALLMARK_INTERFERON_GAMMA_RESPONSE"
"BATF2",1,"HALLMARK_INTERFERON_GAMMA_RESPONSE"
"BCAT1",1,"HALLMARK_ALLOGRAFT_REJECTION"
"BCL2A1",1,"HALLMARK_TNFA_SIGNALING_VIA_NFKB"
"BCL3",1,"HALLMARK_TNFA_SIGNALING_VIA_NFKB"
"BDKRB1",1,"HALLMARK_INFLAMMATORY_RESPONSE"
"BIRC3",1,"HALLMARK_TNFA_SIGNALING_VIA_NFKB"
"BMP2",1,"HALLMARK_TNFA_SIGNALING_VIA_NFKB"
"BTG3",1,"HALLMARK_TNFA_SIGNALING_VIA_NFKB"
"C1R",1,"HALLMARK_INTERFERON_GAMMA_RESPONSE"
"C1S",1,"HALLMARK_INTERFERON_GAMMA_RESPONSE"
"C2",1,"HALLMARK_ALLOGRAFT_REJECTION"
"C3AR1",1,"HALLMARK_INFLAMMATORY_RESPONSE"
"C5AR1",1,"HALLMARK_INFLAMMATORY_RESPONSE"
"CALCRL",1,"HALLMARK_INFLAMMATORY_RESPONSE"
"CASP1",1,"HALLMARK_INTERFERON_GAMMA_RESPONSE"
"CASP4",1,"HALLMARK_INTERFERON_GAMMA_RESPONSE"
"CCL11",1,"HALLMARK_ALLOGRAFT_REJECTION"
"CCL13",1,"HALLMARK_ALLOGRAFT_REJECTION"
"CCL17",1,"HALLMARK_INFLAMMATORY_RESPONSE"
"CCL19",1,"HALLMARK_ALLOGRAFT_REJECTION"
"CCL24",1,"HALLMARK_INFLAMMATORY_RESPONSE"
"CCN1",1,"HALLMARK_TNFA_SIGNALING_VIA_NFKB"
"CCND2",1,"HALLMARK_ALLOGRAFT_REJECTION"
"CCR2",1,"HALLMARK_ALLOGRAFT_REJECTION"
"CCR5",1,"HALLMARK_ALLOGRAFT_REJECTION"
"CCR7",1,"HALLMARK_INFLAMMATORY_RESPONSE"
"CD1D",1,"HALLMARK_ALLOGRAFT_REJECTION"
"CD2",1,"HALLMARK_ALLOGRAFT_REJECTION"
"CD247",1,"HALLMARK_ALLOGRAFT_REJECTION"
"CD274",1,"HALLMARK_INTERFERON_GAMMA_RESPONSE"
"CD28",1,"HALLMARK_ALLOGRAFT_REJECTION"
"CD36",1,"HALLMARK_IL6_JAK_STAT3_SIGNALING"
"CD3D",1,"HALLMARK_ALLOGRAFT_REJECTION"
"CD3E",1,"HALLMARK_ALLOGRAFT_REJECTION"
"CD3G",1,"HALLMARK_ALLOGRAFT_REJECTION"
"CD4",1,"HALLMARK_ALLOGRAFT_REJECTION"
"CD40LG",1,"HALLMARK_ALLOGRAFT_REJECTION"
"CD48",1,"HALLMARK_INFLAMMATORY_RESPONSE"
"CD7",1,"HALLMARK_ALLOGRAFT_REJECTION"
"CD70",1,"HALLMARK_INFLAMMATORY_RESPONSE"
"CD79A",1,"HALLMARK_ALLOGRAFT_REJECTION"
"CD82",1,"HALLMARK_INFLAMMATORY_RESPONSE"
"CD83",1,"HALLMARK_TNFA_SIGNALING_VIA_NFKB"
"CD8A",1,"HALLMARK_ALLOGRAFT_REJECTION"
"CD8B",1,"HALLMARK_ALLOGRAFT_REJECTION"
"CD96",1,"HALLMARK_ALLOGRAFT_REJECTION"
"CEBPB",1,"HALLMARK_TNFA_SIGNALING_VIA_NFKB"
"CEBPD",1,"HALLMARK_TNFA_SIGNALING_VIA_NFKB"
"CFH",1,"HALLMARK_INTERFERON_GAMMA_RESPONSE"
"CFLAR",1,"HALLMARK_TNFA_SIGNALING_VIA_NFKB"
"CFP",1,"HALLMARK_ALLOGRAFT_REJECTION"
"CHST2",1,"HALLMARK_INFLAMMATORY_RESPONSE"
"CIITA",1,"HALLMARK_INTERFERON_GAMMA_RESPONSE"
"CLEC5A",1,"HALLMARK_INFLAMMATORY_RESPONSE"
"CMPK2",1,"HALLMARK_INTERFERON_GAMMA_RESPONSE"
"CNTFR",1,"HALLMARK_IL6_JAK_STAT3_SIGNALING"
"CRLF2",1,"HALLMARK_IL6_JAK_STAT3_SIGNALING"
"CRTAM",1,"HALLMARK_ALLOGRAFT_REJECTION"
"CSF2RA",1,"HALLMARK_IL6_JAK_STAT3_SIGNALING"
"CSF3",1,"HALLMARK_INFLAMMATORY_RESPONSE"
"CTSS",1,"HALLMARK_ALLOGRAFT_REJECTION"
"CX3CL1",1,"HALLMARK_INFLAMMATORY_RESPONSE"
"CXCL2",1,"HALLMARK_TNFA_SIGNALING_VIA_NFKB"
"CXCL8",1,"HALLMARK_INFLAMMATORY_RESPONSE"
"CXCR3",1,"HALLMARK_ALLOGRAFT_REJECTION"
"CXCR6",1,"HALLMARK_INFLAMMATORY_RESPONSE"
"CYBB",1,"HALLMARK_INFLAMMATORY_RESPONSE"
"DDX60",1,"HALLMARK_INTERFERON_GAMMA_RESPONSE"
"DNAJB4",1,"HALLMARK_TNFA_SIGNALING_VIA_NFKB"
"DRAM1",1,"HALLMARK_TNFA_SIGNALING_VIA_NFKB"
"DUSP1",1,"HALLMARK_TNFA_SIGNALING_VIA_NFKB"
"DUSP2",1,"HALLMARK_TNFA_SIGNALING_VIA_NFKB"
"EGFR",1,"HALLMARK_ALLOGRAFT_REJECTION"
"EGR1",1,"HALLMARK_TNFA_SIGNALING_VIA_NFKB"
"EGR2",1,"HALLMARK_TNFA_SIGNALING_VIA_NFKB"
"EGR3",1,"HALLMARK_TNFA_SIGNALING_VIA_NFKB"
"EHD1",1,"HALLMARK_TNFA_SIGNALING_VIA_NFKB"
"EMP3",1,"HALLMARK_INFLAMMATORY_RESPONSE"
"EPSTI1",1,"HALLMARK_INTERFERON_GAMMA_RESPONSE"
"ETS1",1,"HALLMARK_ALLOGRAFT_REJECTION"
"ETS2",1,"HALLMARK_TNFA_SIGNALING_VIA_NFKB"
"F2RL1",1,"HALLMARK_TNFA_SIGNALING_VIA_NFKB"
"FASLG",1,"HALLMARK_ALLOGRAFT_REJECTION"
"FCGR1A",1,"HALLMARK_INTERFERON_GAMMA_RESPONSE"
"FCGR2B",1,"HALLMARK_ALLOGRAFT_REJECTION"
"FGL2",1,"HALLMARK_INTERFERON_GAMMA_RESPONSE"
"FGR",1,"HALLMARK_ALLOGRAFT_REJECTION"
"FLNA",1,"HALLMARK_ALLOGRAFT_REJECTION"
"FOS",1,"HALLMARK_TNFA_SIGNALING_VIA_NFKB"
"FOSB",1,"HALLMARK_TNFA_SIGNALING_VIA_NFKB"
"FOSL1",1,"HALLMARK_TNFA_SIGNALING_VIA_NFKB"
"FUT4",1,"HALLMARK_TNFA_SIGNALING_VIA_NFKB"
"FYB1",1,"HALLMARK_ALLOGRAFT_REJECTION"
"G0S2",1,"HALLMARK_TNFA_SIGNALING_VIA_NFKB"
"GADD45A",1,"HALLMARK_TNFA_SIGNALING_VIA_NFKB"
"GADD45B",1,"HALLMARK_TNFA_SIGNALING_VIA_NFKB"
"GBP2",1,"HALLMARK_ALLOGRAFT_REJECTION"
"GBP4",1,"HALLMARK_INTERFERON_GAMMA_RESPONSE"
"GBP6",1,"HALLMARK_INTERFERON_GAMMA_RESPONSE"
"GEM",1,"HALLMARK_TNFA_SIGNALING_VIA_NFKB"
"GFPT2",1,"HALLMARK_TNFA_SIGNALING_VIA_NFKB"
"GNA15",1,"HALLMARK_INFLAMMATORY_RESPONSE"
"GP1BA",1,"HALLMARK_INFLAMMATORY_RESPONSE"
"GPC3",1,"HALLMARK_INFLAMMATORY_RESPONSE"
"GPR132",1,"HALLMARK_INFLAMMATORY_RESPONSE"
"GPR18",1,"HALLMARK_INTERFERON_GAMMA_RESPONSE"
"GPR65",1,"HALLMARK_ALLOGRAFT_REJECTION"
"GZMB",1,"HALLMARK_ALLOGRAFT_REJECTION"
"HAS2",1,"HALLMARK_INFLAMMATORY_RESPONSE"
"HCLS1",1,"HALLMARK_ALLOGRAFT_REJECTION"
"HDAC9",1,"HALLMARK_ALLOGRAFT_REJECTION"
"HERC6",1,"HALLMARK_INTERFERON_GAMMA_RESPONSE"
"HLA-B",1,"HALLMARK_INTERFERON_GAMMA_RESPONSE"
"HLA-DMB",1,"HALLMARK_ALLOGRAFT_REJECTION"
"HLA-DOA",1,"HALLMARK_ALLOGRAFT_REJECTION"
"HLA-DOB",1,"HALLMARK_ALLOGRAFT_REJECTION"
"HLA-DRA",1,"HALLMARK_ALLOGRAFT_REJECTION"
"HLA-DRB1",1,"HALLMARK_INTERFERON_GAMMA_RESPONSE"
"HLA-E",1,"HALLMARK_ALLOGRAFT_REJECTION"
"HMOX1",1,"HALLMARK_IL6_JAK_STAT3_SIGNALING"
"HRH1",1,"HALLMARK_INFLAMMATORY_RESPONSE"
"ICOSLG",1,"HALLMARK_TNFA_SIGNALING_VIA_NFKB"
"IDO1",1,"HALLMARK_INTERFERON_GAMMA_RESPONSE"
"IER2",1,"HALLMARK_TNFA_SIGNALING_VIA_NFKB"
"IFI27",1,"HALLMARK_INTERFERON_GAMMA_RESPONSE"
"IFI30",1,"HALLMARK_INTERFERON_GAMMA_RESPONSE"
"IFI35",1,"HALLMARK_INTERFERON_GAMMA_RESPONSE"
"IFI44",1,"HALLMARK_INTERFERON_GAMMA_RESPONSE"
"IFI44L",1,"HALLMARK_INTERFERON_GAMMA_RESPONSE"
"IFIT1",1,"HALLMARK_INTERFERON_GAMMA_RESPONSE"
"IFIT3",1,"HALLMARK_INTERFERON_GAMMA_RESPONSE"
"IFITM1",1,"HALLMARK_INFLAMMATORY_RESPONSE"
"IFITM3",1,"HALLMARK_INTERFERON_GAMMA_RESPONSE"
"IFNG",1,"HALLMARK_ALLOGRAFT_REJECTION"
"IFNGR1",1,"HALLMARK_IL6_JAK_STAT3_SIGNALING"
"IFNGR2",1,"HALLMARK_TNFA_SIGNALING_VIA_NFKB"
"IGSF6",1,"HALLMARK_ALLOGRAFT_REJECTION"
"IL12A",1,"HALLMARK_ALLOGRAFT_REJECTION"
"IL13",1,"HALLMARK_ALLOGRAFT_REJECTION"
"IL16",1,"HALLMARK_ALLOGRAFT_REJECTION"
"IL18BP",1,"HALLMARK_INTERFERON_GAMMA_RESPONSE"
"IL1R2",1,"HALLMARK_IL6_JAK_STAT3_SIGNALING"
"IL2",1,"HALLMARK_ALLOGRAFT_REJECTION"
"IL23A",1,"HALLMARK_TNFA_SIGNALING_VIA_NFKB"
"IL27RA",1,"HALLMARK_ALLOGRAFT_REJECTION"
"IL3RA",1,"HALLMARK_IL6_JAK_STAT3_SIGNALING"
"IL9R",1,"HALLMARK_IL6_JAK_STAT3_SIGNALING"
"IRAK2",1,"HALLMARK_INFLAMMATORY_RESPONSE"
"IRF5",1,"HALLMARK_INTERFERON_GAMMA_RESPONSE"
"IRF9",1,"HALLMARK_INTERFERON_GAMMA_RESPONSE"
"ISG15",1,"HALLMARK_INTERFERON_GAMMA_RESPONSE"
"ISG20",1,"HALLMARK_INTERFERON_GAMMA_RESPONSE"
"ITGA4",1,"HALLMARK_IL6_JAK_STAT3_SIGNALING"
"ITGA5",1,"HALLMARK_INFLAMMATORY_RESPONSE"
"ITGAL",1,"HALLMARK_ALLOGRAFT_REJECTION"
"ITGB2",1,"HALLMARK_ALLOGRAFT_REJECTION"
"ITGB3",1,"HALLMARK_INFLAMMATORY_RESPONSE"
"ITGB7",1,"HALLMARK_INTERFERON_GAMMA_RESPONSE"
"ITK",1,"HALLMARK_ALLOGRAFT_REJECTION"
"JAG1",1,"HALLMARK_TNFA_SIGNALING_VIA_NFKB"
"JAK2",1,"HALLMARK_INTERFERON_GAMMA_RESPONSE"
"JUN",1,"HALLMARK_TNFA_SIGNALING_VIA_NFKB"
"JUNB",1,"HALLMARK_TNFA_SIGNALING_VIA_NFKB"
"KCNA3",1,"HALLMARK_INFLAMMATORY_RESPONSE"
"KCNJ2",1,"HALLMARK_INFLAMMATORY_RESPONSE"
"KLF10",1,"HALLMARK_TNFA_SIGNALING_VIA_NFKB"
"KLF2",1,"HALLMARK_TNFA_SIGNALING_VIA_NFKB"
"KLF4",1,"HALLMARK_TNFA_SIGNALING_VIA_NFKB"
"KLF9",1,"HALLMARK_TNFA_SIGNALING_VIA_NFKB"
"KLRD1",1,"HALLMARK_ALLOGRAFT_REJECTION"
"KLRK1",1,"HALLMARK_INTERFERON_GAMMA_RESPONSE"
"KRT1",1,"HALLMARK_ALLOGRAFT_REJECTION"
"KYNU",1,"HALLMARK_TNFA_SIGNALING_VIA_NFKB"
"LAMB3",1,"HALLMARK_TNFA_SIGNALING_VIA_NFKB"
"LAMP3",1,"HALLMARK_INFLAMMATORY_RESPONSE"
"LAP3",1,"HALLMARK_INTERFERON_GAMMA_RESPONSE"
"LATS2",1,"HALLMARK_INTERFERON_GAMMA_RESPONSE"
"LEPR",1,"HALLMARK_IL6_JAK_STAT3_SIGNALING"
"LITAF",1,"HALLMARK_TNFA_SIGNALING_VIA_NFKB"
"LPAR1",1,"HALLMARK_INFLAMMATORY_RESPONSE"
"LTA",1,"HALLMARK_INFLAMMATORY_RESPONSE"
"LY75",1,"HALLMARK_ALLOGRAFT_REJECTION"
"LY86",1,"HALLMARK_ALLOGRAFT_REJECTION"
"LYSMD2",1,"HALLMARK_INTERFERON_GAMMA_RESPONSE"
"MAFF",1,"HALLMARK_TNFA_SIGNALING_VIA_NFKB"
"MAP2K3",1,"HALLMARK_TNFA_SIGNALING_VIA_NFKB"
"MAP4K1",1,"HALLMARK_ALLOGRAFT_REJECTION"
"MARCHF1",1,"HALLMARK_INTERFERON_GAMMA_RESPONSE"
"MARCKS",1,"HALLMARK_TNFA_SIGNALING_VIA_NFKB"
"MARCO",1,"HALLMARK_INFLAMMATORY_RESPONSE"
"MCL1",1,"HALLMARK_TNFA_SIGNALING_VIA_NFKB"
"MEFV",1,"HALLMARK_INFLAMMATORY_RESPONSE"
"MEP1A",1,"HALLMARK_INFLAMMATORY_RESPONSE"
"MET",1,"HALLMARK_INFLAMMATORY_RESPONSE"
"MMP14",1,"HALLMARK_INFLAMMATORY_RESPONSE"
"MMP9",1,"HALLMARK_ALLOGRAFT_REJECTION"
"MSC",1,"HALLMARK_TNFA_SIGNALING_VIA_NFKB"
"MSR1",1,"HALLMARK_INFLAMMATORY_RESPONSE"
"MT2A",1,"HALLMARK_INTERFERON_GAMMA_RESPONSE"
"MX1",1,"HALLMARK_INTERFERON_GAMMA_RESPONSE"
"MX2",1,"HALLMARK_INTERFERON_GAMMA_RESPONSE"
"MYD88",1,"HALLMARK_INTERFERON_GAMMA_RESPONSE"
"NCF4",1,"HALLMARK_ALLOGRAFT_REJECTION"
"NCR1",1,"HALLMARK_ALLOGRAFT_REJECTION"
"NFIL3",1,"HALLMARK_TNFA_SIGNALING_VIA_NFKB"
"NFKB2",1,"HALLMARK_TNFA_SIGNALING_VIA_NFKB"
"NFKBIE",1,"HALLMARK_TNFA_SIGNALING_VIA_NFKB"
"NLRC5",1,"HALLMARK_INTERFERON_GAMMA_RESPONSE"
"NMUR1",1,"HALLMARK_INFLAMMATORY_RESPONSE"
"NOD1",1,"HALLMARK_INTERFERON_GAMMA_RESPONSE"
"NOD2",1,"HALLMARK_INFLAMMATORY_RESPONSE"
"NR4A1",1,"HALLMARK_TNFA_SIGNALING_VIA_NFKB"
"NR4A3",1,"HALLMARK_TNFA_SIGNALING_VIA_NFKB"
"OAS2",1,"HALLMARK_INTERFERON_GAMMA_RESPONSE"
"OAS3",1,"HALLMARK_INTERFERON_GAMMA_RESPONSE"
"OASL",1,"HALLMARK_INTERFERON_GAMMA_RESPONSE"
"OPRK1",1,"HALLMARK_INFLAMMATORY_RESPONSE"
"OSM",1,"HALLMARK_INFLAMMATORY_RESPONSE"
"P2RX7",1,"HALLMARK_INFLAMMATORY_RESPONSE"
"P2RY14",1,"HALLMARK_INTERFERON_GAMMA_RESPONSE"
"PANX1",1,"HALLMARK_TNFA_SIGNALING_VIA_NFKB"
"PARP12",1,"HALLMARK_INTERFERON_GAMMA_RESPONSE"
"PARP14",1,"HALLMARK_INTERFERON_GAMMA_RESPONSE"
"PCDH7",1,"HALLMARK_INFLAMMATORY_RESPONSE"
"PDPN",1,"HALLMARK_INFLAMMATORY_RESPONSE"
"PELI1",1,"HALLMARK_INTERFERON_GAMMA_RESPONSE"
"PER1",1,"HALLMARK_TNFA_SIGNALING_VIA_NFKB"
"PFKP",1,"HALLMARK_INTERFERON_GAMMA_RESPONSE"
"PLA2G2A",1,"HALLMARK_IL6_JAK_STAT3_SIGNALING"
"PLA2G4A",1,"HALLMARK_INTERFERON_GAMMA_RESPONSE"
"PLAU",1,"HALLMARK_TNFA_SIGNALING_VIA_NFKB"
"PLEK",1,"HALLMARK_TNFA_SIGNALING_VIA_NFKB"
"PLPP3",1,"HALLMARK_TNFA_SIGNALING_VIA_NFKB"
"PLSCR1",1,"HALLMARK_INTERFERON_GAMMA_RESPONSE"
"PMEPA1",1,"HALLMARK_TNFA_SIGNALING_VIA_NFKB"
"PML",1,"HALLMARK_INTERFERON_GAMMA_RESPONSE"
"PNP",1,"HALLMARK_INTERFERON_GAMMA_RESPONSE"
"PNRC1",1,"HALLMARK_TNFA_SIGNALING_VIA_NFKB"
"PPP1R15A",1,"HALLMARK_TNFA_SIGNALING_VIA_NFKB"
"PRF1",1,"HALLMARK_ALLOGRAFT_REJECTION"
"PRKCB",1,"HALLMARK_ALLOGRAFT_REJECTION"
"PROK2",1,"HALLMARK_INFLAMMATORY_RESPONSE"
"PSMB8",1,"HALLMARK_INTERFERON_GAMMA_RESPONSE"
"PSMB9",1,"HALLMARK_INTERFERON_GAMMA_RESPONSE"
"PSME2",1,"HALLMARK_INTERFERON_GAMMA_RESPONSE"
"PTAFR",1,"HALLMARK_INFLAMMATORY_RESPONSE"
"PTGER2",1,"HALLMARK_INFLAMMATORY_RESPONSE"
"PTGIR",1,"HALLMARK_INFLAMMATORY_RESPONSE"
"PTPN6",1,"HALLMARK_INTERFERON_GAMMA_RESPONSE"
"PTPRC",1,"HALLMARK_ALLOGRAFT_REJECTION"
"PTX3",1,"HALLMARK_TNFA_SIGNALING_VIA_NFKB"
"RASGRP1",1,"HALLMARK_INFLAMMATORY_RESPONSE"
"RCAN1",1,"HALLMARK_TNFA_SIGNALING_VIA_NFKB"
"RELB",1,"HALLMARK_TNFA_SIGNALING_VIA_NFKB"
"RGS1",1,"HALLMARK_INFLAMMATORY_RESPONSE"
"RGS16",1,"HALLMARK_INFLAMMATORY_RESPONSE"
"RHOG",1,"HALLMARK_INFLAMMATORY_RESPONSE"
"RIPK2",1,"HALLMARK_TNFA_SIGNALING_VIA_NFKB"
"RNF19B",1,"HALLMARK_TNFA_SIGNALING_VIA_NFKB"
"ROS1",1,"HALLMARK_INFLAMMATORY_RESPONSE"
"RSAD2",1,"HALLMARK_INTERFERON_GAMMA_RESPONSE"
"SAMD9L",1,"HALLMARK_INTERFERON_GAMMA_RESPONSE"
"SAMHD1",1,"HALLMARK_INTERFERON_GAMMA_RESPONSE"
"SAT1",1,"HALLMARK_TNFA_SIGNALING_VIA_NFKB"
"SCARF1",1,"HALLMARK_INFLAMMATORY_RESPONSE"
"SECTM1",1,"HALLMARK_INTERFERON_GAMMA_RESPONSE"
"SELE",1,"HALLMARK_INFLAMMATORY_RESPONSE"
"SELL",1,"HALLMARK_INFLAMMATORY_RESPONSE"
"SELP",1,"HALLMARK_INTERFERON_GAMMA_RESPONSE"
"SEMA4D",1,"HALLMARK_INFLAMMATORY_RESPONSE"
"SERPINB2",1,"HALLMARK_TNFA_SIGNALING_VIA_NFKB"
"SERPINB8",1,"HALLMARK_TNFA_SIGNALING_VIA_NFKB"
"SERPING1",1,"HALLMARK_INTERFERON_GAMMA_RESPONSE"
"SGK1",1,"HALLMARK_TNFA_SIGNALING_VIA_NFKB"
"SGMS2",1,"HALLMARK_INFLAMMATORY_RESPONSE"
"SIK1",1,"HALLMARK_TNFA_SIGNALING_VIA_NFKB"
"SIT1",1,"HALLMARK_ALLOGRAFT_REJECTION"
"SLAMF1",1,"HALLMARK_INFLAMMATORY_RESPONSE"
"SLAMF7",1,"HALLMARK_INTERFERON_GAMMA_RESPONSE"
"SLC2A3",1,"HALLMARK_TNFA_SIGNALING_VIA_NFKB"
"SLC2A6",1,"HALLMARK_TNFA_SIGNALING_VIA_NFKB"
"SLC31A2",1,"HALLMARK_INFLAMMATORY_RESPONSE"
"SP110",1,"HALLMARK_INTERFERON_GAMMA_RESPONSE"
"SPI1",1,"HALLMARK_ALLOGRAFT_REJECTION"
"SPSB1",1,"HALLMARK_TNFA_SIGNALING_VIA_NFKB"
"SRGN",1,"HALLMARK_ALLOGRAFT_REJECTION"
"SSPN",1,"HALLMARK_INTERFERON_GAMMA_RESPONSE"
"ST3GAL5",1,"HALLMARK_INTERFERON_GAMMA_RESPONSE"
"STAT2",1,"HALLMARK_INTERFERON_GAMMA_RESPONSE"
"STAT5A",1,"HALLMARK_TNFA_SIGNALING_VIA_NFKB"
"TACR1",1,"HALLMARK_INFLAMMATORY_RESPONSE"
"TAP2",1,"HALLMARK_ALLOGRAFT_REJECTION"
"TGFB2",1,"HALLMARK_ALLOGRAFT_REJECTION"
"THY1",1,"HALLMARK_ALLOGRAFT_REJECTION"
"TIMP1",1,"HALLMARK_INFLAMMATORY_RESPONSE"
"TLR3",1,"HALLMARK_INFLAMMATORY_RESPONSE"
"TLR6",1,"HALLMARK_ALLOGRAFT_REJECTION"
"TMT1B",1,"HALLMARK_INTERFERON_GAMMA_RESPONSE"
"TNC",1,"HALLMARK_TNFA_SIGNALING_VIA_NFKB"
"TNFAIP8",1,"HALLMARK_TNFA_SIGNALING_VIA_NFKB"
"TNFRSF12A",1,"HALLMARK_IL6_JAK_STAT3_SIGNALING"
"TNFRSF21",1,"HALLMARK_IL6_JAK_STAT3_SIGNALING"
"TNFSF15",1,"HALLMARK_INFLAMMATORY_RESPONSE"
"TNIP1",1,"HALLMARK_TNFA_SIGNALING_VIA_NFKB"
"TRAF1",1,"HALLMARK_TNFA_SIGNALING_VIA_NFKB"
"TRAT1",1,"HALLMARK_ALLOGRAFT_REJECTION"
"TRIM21",1,"HALLMARK_INTERFERON_GAMMA_RESPONSE"
"TRIP10",1,"HALLMARK_TNFA_SIGNALING_VIA_NFKB"
"TXNIP",1,"HALLMARK_INTERFERON_GAMMA_RESPONSE"
"UBE2L6",1,"HALLMARK_INTERFERON_GAMMA_RESPONSE"
"UPP1",1,"HALLMARK_INTERFERON_GAMMA_RESPONSE"
"USP18",1,"HALLMARK_INTERFERON_GAMMA_RESPONSE"
"VAMP5",1,"HALLMARK_INTERFERON_GAMMA_RESPONSE"
"VCAM1",1,"HALLMARK_INTERFERON_GAMMA_RESPONSE"
"WAS",1,"HALLMARK_ALLOGRAFT_REJECTION"
"XAF1",1,"HALLMARK_INTERFERON_GAMMA_RESPONSE"
"XCL1",1,"HALLMARK_INTERFERON_GAMMA_RESPONSE"
"ZAP70",1,"HALLMARK_ALLOGRAFT_REJECTION"
"ZBP1",1,"HALLMARK_INTERFERON_GAMMA_RESPONSE"
"ZC3H12A",1,"HALLMARK_TNFA_SIGNALING_VIA_NFKB"
"ZFP36",1,"HALLMARK_TNFA_SIGNALING_VIA_NFKB"
