"Feature","KW_chisq","df","Pvalue","BH_FDR","Label","Feature_type","Zero_n","Zero_pct","Significant_FDR05","Significant_FDR01"
"CD4+_Tem_xCell",556.533897085412,2,1.41318738451992e-121,9.46835547628347e-120,"CD4+ Tem","xCell enrichment signature",70,6.32911392405063,TRUE,TRUE
"Class-switched_memory_B-cells_xCell",280.053343768367,2,1.53882446181702e-61,5.15506194708701e-60,"Class-switched memory B-cells","xCell enrichment signature",234,21.1573236889693,TRUE,TRUE
"ImmuneScore_xCell",124.817850538751,2,7.87314289825829e-28,1.75833524727768e-26,"ImmuneScore","Composite xCell score",0,0,TRUE,TRUE
"MicroenvironmentScore_xCell",121.563089432291,2,4.00784141022914e-27,6.71313436213382e-26,"MicroenvironmentScore","Composite xCell score",0,0,TRUE,TRUE
"Plasma_cells_xCell",105.869555421917,2,1.02498648578635e-23,1.37348189095371e-22,"Plasma cells","xCell enrichment signature",79,7.14285714285714,TRUE,TRUE
"Pericytes_xCell",85.4523595619853,2,2.78135157021706e-19,3.10584258674239e-18,"Pericytes","xCell enrichment signature",565,51.0849909584087,TRUE,TRUE
"Astrocytes_xCell",78.7415515368663,2,7.9705691792039e-18,7.62897335723802e-17,"Astrocytes","xCell enrichment signature",480,43.3996383363472,TRUE,TRUE
"CD4+_Tcm_xCell",71.3221693781578,2,3.25527513453046e-16,2.72629292516926e-15,"CD4+ Tcm","xCell enrichment signature",161,14.5569620253165,TRUE,TRUE
"Basophils_xCell",70.8393634702998,2,4.14407561956346e-16,3.08503407234168e-15,"Basophils","xCell enrichment signature",2,0.180831826401447,TRUE,TRUE
"HSC_xCell",61.9472863361652,2,3.53441618812029e-14,2.3680588460406e-13,"HSC","xCell enrichment signature",435,39.3309222423146,TRUE,TRUE
"Preadipocytes_xCell",55.7812218509938,2,7.71367928662338e-13,4.69833192912515e-12,"Preadipocytes","xCell enrichment signature",223,20.1627486437613,TRUE,TRUE
"Mast_cells_xCell",54.715547129603,2,1.31422554257342e-12,7.33775927936825e-12,"Mast cells","xCell enrichment signature",444,40.1446654611212,TRUE,TRUE
"Smooth_muscle_xCell",44.5274724638554,2,2.14280281347277e-10,1.10436760386673e-09,"Smooth muscle","xCell enrichment signature",5,0.452079566003617,TRUE,TRUE
"NKT_xCell",43.6058939500349,2,3.39703826994992e-10,1.62572545776175e-09,"NKT","xCell enrichment signature",251,22.6943942133816,TRUE,TRUE
"MEP_xCell",42.4906391362217,2,5.93300815522906e-10,2.61045107237073e-09,"MEP","xCell enrichment signature",21,1.89873417721519,TRUE,TRUE
"Melanocytes_xCell",42.3916934060647,2,6.23391300864652e-10,2.61045107237073e-09,"Melanocytes","xCell enrichment signature",464,41.9529837251356,TRUE,TRUE
"B-cells_xCell",41.0099267952072,2,1.24396323415543e-09,4.90267862873024e-09,"B-cells","xCell enrichment signature",447,40.4159132007233,TRUE,TRUE
"Osteoblast_xCell",37.3105199989357,2,7.90903547938907e-09,2.9439187617726e-08,"Osteoblast","xCell enrichment signature",336,30.379746835443,TRUE,TRUE
"CD8+_Tem_xCell",21.1157149835033,2,2.5988472289266e-05,9.16435601779378e-05,"CD8+ Tem","xCell enrichment signature",592,53.5262206148282,TRUE,TRUE
"Hepatocytes_xCell",19.6303249528179,2,5.46171579500863e-05,0.000182967479132789,"Hepatocytes","xCell enrichment signature",326,29.4755877034358,TRUE,TRUE
"Chondrocytes_xCell",18.3451251512661,2,0.000103850044864154,0.000331331095518966,"Chondrocytes","xCell enrichment signature",755,68.2640144665461,TRUE,TRUE
"Monocytes_xCell",13.261493958958,2,0.0013191773195058,0.00401749456394948,"Monocytes","xCell enrichment signature",510,46.1121157323689,TRUE,TRUE
"Epithelial_cells_xCell",12.9572811423006,2,0.00153589720373128,0.00447413533260852,"Epithelial cells","xCell enrichment signature",428,38.6980108499096,TRUE,TRUE
"Mesangial_cells_xCell",11.3251711546643,2,0.00347352421211338,0.00969692175881651,"Mesangial cells","xCell enrichment signature",636,57.50452079566,TRUE,TRUE
"NK_cells_xCell",11.1222280416816,2,0.00384449116785283,0.0103032363298456,"NK cells","xCell enrichment signature",570,51.5370705244123,TRUE,FALSE
"CD4+_memory_T-cells_xCell",7.69851998375192,2,0.0212954894441763,0.0548768381830696,"CD4+ memory T-cells","xCell enrichment signature",539,48.7341772151899,FALSE,FALSE
"Eosinophils_xCell",7.59673701987564,2,0.0224072993371411,0.0556032983551278,"Eosinophils","xCell enrichment signature",527,47.6491862567812,FALSE,FALSE
"Macrophages_M1_xCell",7.38511179982005,2,0.02490825760141,0.0595416919667581,"Macrophages M1","xCell enrichment signature",560,50.6329113924051,FALSE,FALSE
"naive_B-cells_xCell",7.3048197057867,2,0.0259285693916021,0.0595416919667581,"naive B-cells","xCell enrichment signature",544,49.1862567811935,FALSE,FALSE
"ly_Endothelial_cells_xCell",7.24914748843011,2,0.0266604590895932,0.0595416919667581,"ly Endothelial cells","xCell enrichment signature",550,49.7287522603978,FALSE,FALSE
"Fibroblasts_xCell",6.38332177389248,2,0.0411035458718853,0.0867843975361162,"Fibroblasts","xCell enrichment signature",566,51.1754068716094,FALSE,FALSE
"mv_Endothelial_cells_xCell",6.36657028390488,2,0.0414492644948615,0.0867843975361162,"mv Endothelial cells","xCell enrichment signature",553,50,FALSE,FALSE
"Th2_cells_xCell",5.49001973531895,2,0.0642476669672755,0.130442232933559,"Th2 cells","xCell enrichment signature",557,50.3616636528029,FALSE,FALSE
"aDC_xCell",5.39139885675283,2,0.0674951572328183,0.133005162782318,"aDC","xCell enrichment signature",585,52.8933092224231,FALSE,FALSE
"Th1_cells_xCell",5.09943887965972,2,0.0781035756799991,0.149452735429857,"Th1 cells","xCell enrichment signature",552,49.9095840867993,FALSE,FALSE
"cDC_xCell",5.02546616996046,2,0.0810464294873775,0.149452735429857,"cDC","xCell enrichment signature",499,45.1175406871609,FALSE,FALSE
"Myocytes_xCell",4.98909958771049,2,0.0825336001627569,0.149452735429857,"Myocytes","xCell enrichment signature",570,51.5370705244123,FALSE,FALSE
"pro_B-cells_xCell",4.31550240425223,2,0.115584755748635,0.203794174609435,"pro B-cells","xCell enrichment signature",511,46.2025316455696,FALSE,FALSE
"Platelets_xCell",4.17395481366013,2,0.124061557286211,0.213131393286568,"Platelets","xCell enrichment signature",567,51.2658227848101,FALSE,FALSE
"iDC_xCell",3.8422283234648,2,0.146443709225399,0.24025242483754,"iDC","xCell enrichment signature",549,49.6383363471971,FALSE,FALSE
"CD4+_naive_T-cells_xCell",3.83437138178619,2,0.147020140572226,0.24025242483754,"CD4+ naive T-cells","xCell enrichment signature",595,53.7974683544304,FALSE,FALSE
"pDC_xCell",3.63676117088146,2,0.162288350365202,0.25493720488813,"pDC","xCell enrichment signature",529,47.8300180831826,FALSE,FALSE
"CD4+_T-cells_xCell",3.62046104637522,2,0.163616415077456,0.25493720488813,"CD4+ T-cells","xCell enrichment signature",549,49.6383363471971,FALSE,FALSE
"Megakaryocytes_xCell",3.14211057776571,2,0.207825750391368,0.316461938095947,"Megakaryocytes","xCell enrichment signature",572,51.7179023508137,FALSE,FALSE
"Sebocytes_xCell",2.91358578383913,2,0.232982277178836,0.3468847237996,"Sebocytes","xCell enrichment signature",538,48.6437613019892,FALSE,FALSE
"CLP_xCell",2.82319025460043,2,0.243754153975112,0.352035340687604,"CLP","xCell enrichment signature",576,52.0795660036166,FALSE,FALSE
"MSC_xCell",2.79313138161559,2,0.247445310069277,0.352035340687604,"MSC","xCell enrichment signature",198,17.9023508137432,FALSE,FALSE
"Neurons_xCell",2.75503063445227,2,0.252204423179179,0.352035340687604,"Neurons","xCell enrichment signature",1021,92.3146473779385,FALSE,FALSE
"Adipocytes_xCell",2.56050997941528,2,0.277966412841428,0.380076523681137,"Adipocytes","xCell enrichment signature",556,50.2712477396022,FALSE,FALSE
"CD8+_T-cells_xCell",2.46416417895476,2,0.291684631499352,0.390857406209132,"CD8+ T-cells","xCell enrichment signature",555,50.1808318264015,FALSE,FALSE
"CD8+_naive_T-cells_xCell",2.39247292697278,2,0.302329903093523,0.397178500142472,"CD8+ naive T-cells","xCell enrichment signature",553,50,FALSE,FALSE
"StromaScore_xCell",2.33228791259058,2,0.311566040158581,0.401440859435095,"StromaScore","Composite xCell score",152,13.7432188065099,FALSE,FALSE
"Macrophages_xCell",2.16804987209276,2,0.338231422428237,0.427575571748903,"Macrophages","xCell enrichment signature",554,50.0904159132007,FALSE,FALSE
"Skeletal_muscle_xCell",1.9901553216349,2,0.369694732634036,0.458695316416303,"Skeletal muscle","xCell enrichment signature",648,58.5895117540687,FALSE,FALSE
"Neutrophils_xCell",1.46720839612584,2,0.480175220942158,0.584940723693174,"Neutrophils","xCell enrichment signature",549,49.6383363471971,FALSE,FALSE
"DC_xCell",1.26972020175234,2,0.530009631014199,0.634118665677702,"DC","xCell enrichment signature",539,48.7341772151899,FALSE,FALSE
"MPP_xCell",1.16259623900278,2,0.559172023119262,0.657272378052466,"MPP","xCell enrichment signature",580,52.4412296564195,FALSE,FALSE
"CD8+_Tcm_xCell",1.09976231976008,2,0.577018379239448,0.666555713949018,"CD8+ Tcm","xCell enrichment signature",538,48.6437613019892,FALSE,FALSE
"GMP_xCell",1.01821997077831,2,0.601030266555815,0.682525895919315,"GMP","xCell enrichment signature",682,61.6636528028933,FALSE,FALSE
"Endothelial_cells_xCell",0.901082308339505,2,0.637283189835944,0.711632895316805,"Endothelial cells","xCell enrichment signature",534,48.2820976491863,FALSE,FALSE
"Tgd_cells_xCell",0.737837904150064,2,0.691481451316063,0.759496020297971,"Tgd cells","xCell enrichment signature",539,48.7341772151899,FALSE,FALSE
"Macrophages_M2_xCell",0.579443004222934,2,0.748471986422959,0.808832630489326,"Macrophages M2","xCell enrichment signature",544,49.1862567811935,FALSE,FALSE
"Erythrocytes_xCell",0.362963408385561,2,0.834033504480102,0.870619869711258,"Erythrocytes","xCell enrichment signature",522,47.1971066907776,FALSE,FALSE
"Memory_B-cells_xCell",0.339921106232387,2,0.843698097200779,0.870619869711258,"Memory B-cells","xCell enrichment signature",574,51.8987341772152,FALSE,FALSE
"CMP_xCell",0.337710353222285,2,0.844631216884057,0.870619869711258,"CMP","xCell enrichment signature",501,45.2983725135624,FALSE,FALSE
"Keratinocytes_xCell",0.19643708752297,2,0.906450782941971,0.920184885713819,"Keratinocytes","xCell enrichment signature",545,49.2766726943942,FALSE,FALSE
"Tregs_xCell",0.165574171222801,2,0.920547124084339,0.920547124084339,"Tregs","xCell enrichment signature",591,53.4358047016275,FALSE,FALSE
