"Direction_group","Gene","logFC","AveExpr","t","P_value","FDR_BH","B","Direction","DEG_status","Rank_direction"
"Higher_in_Immune_High","PLA2G2D",4.51905236395176,6.2991396376867,31.6134955565352,2.53183704715502e-139,8.52279645998557e-137,307.751489828624,"Higher_in_Immune_High","Significant",1
"Higher_in_Immune_High","MS4A1",4.48685236677819,6.59298187693288,26.9213454772627,1.00502386411717e-111,1.22169723815548e-109,244.350436630968,"Higher_in_Immune_High","Significant",2
"Higher_in_Immune_High","IGHM",4.45915983580398,12.0369044008924,23.4820972954554,1.74924056779888e-91,1.28653703861494e-89,197.855168118601,"Higher_in_Immune_High","Significant",3
"Higher_in_Immune_High","IGHG1",4.42429288579161,14.6287433240153,22.1823746130108,6.41197006450184e-84,3.83065972676015e-82,180.482098938442,"Higher_in_Immune_High","Significant",4
"Higher_in_Immune_High","IGHV5-51",4.35749851539664,8.50149212055219,23.1413383151368,1.70923000653111e-89,1.20399262170317e-87,193.284514127434,"Higher_in_Immune_High","Significant",5
"Higher_in_Immune_High","IGLV1-47",4.32874089274626,7.86585713147008,24.0277383490953,1.11723416723943e-94,8.84915180110525e-93,205.193235276386,"Higher_in_Immune_High","Significant",6
"Higher_in_Immune_High","IGHV1-18",4.32640647307413,8.46459917170902,21.9516247453157,1.38577344351512e-82,8.14002390671488e-81,177.41684215589,"Higher_in_Immune_High","Significant",7
"Higher_in_Immune_High","CCL19",4.26480342220901,8.24616052533565,25.9143561720611,8.84061996939602e-106,9.07628341667406e-104,230.694970021539,"Higher_in_Immune_High","Significant",8
"Higher_in_Immune_High","CXCL9",4.24569535749798,11.0207459753557,32.2512863499529,4.86893109259315e-143,2.24284748184992e-140,316.287537180906,"Higher_in_Immune_High","Significant",9
"Higher_in_Immune_High","IGKV4-1",4.24429914014932,9.92441711846542,22.7621897845404,2.76428143023515e-87,1.83285470816481e-85,188.211393873064,"Higher_in_Immune_High","Significant",10
"Higher_in_Immune_High","IGLV1-44",4.24090156163934,8.3885024983114,23.0273632110057,7.89584393117016e-89,5.43075835336613e-87,191.75804988918,"Higher_in_Immune_High","Significant",11
"Higher_in_Immune_High","IGKV1-5",4.22398572780668,9.81482129027442,23.7178441986321,7.30690387054477e-93,5.53695665809312e-91,201.022888156044,"Higher_in_Immune_High","Significant",12
"Higher_in_Immune_High","IGHV1-2",4.20033018118117,7.7372814110697,21.7351458733142,2.461672710325e-81,1.40131219375232e-79,174.547244322296,"Higher_in_Immune_High","Significant",13
"Higher_in_Immune_High","IGLV3-25",4.18625339549569,8.27645548988264,21.2267633055681,2.06496490805199e-78,1.09202955386695e-76,167.833237693246,"Higher_in_Immune_High","Significant",14
"Higher_in_Immune_High","IGKV3-15",4.17550315374163,8.53213994231142,24.4249387537587,5.21237291783216e-97,4.33444093777639e-95,210.547839316186,"Higher_in_Immune_High","Significant",15
"Higher_in_Immune_Low","KCNJ3",-3.13819360447097,6.82764055611783,-9.59506585129742,1.26394447068995e-20,1.52794999911549e-19,35.4087052593577,"Higher_in_Immune_Low","Significant",1
"Higher_in_Immune_Low","CPB1",-2.78656696632846,8.15251997690901,-7.5530736933305,1.25976664747328e-13,9.72935595883349e-13,19.504192254621,"Higher_in_Immune_Low","Significant",2
"Higher_in_Immune_Low","CST9",-2.64999047642123,4.6694911928178,-8.86714155116913,5.58908478984778e-18,5.8391008477404e-17,29.3855707963878,"Higher_in_Immune_Low","Significant",3
"Higher_in_Immune_Low","BMPR1B",-2.29029096353386,10.4127104753029,-8.82652274600721,7.7657991939601e-18,8.04119680512715e-17,29.0606743385143,"Higher_in_Immune_Low","Significant",4
"Higher_in_Immune_Low","ESR1",-2.28407195349736,13.1821284783638,-9.93869174519713,6.27922932126713e-22,8.10580897154281e-21,38.3805417707835,"Higher_in_Immune_Low","Significant",5
"Higher_in_Immune_Low","GPR139",-2.25282327134218,3.04625465340706,-9.8425696558909,1.4658418939311e-21,1.86203406620587e-20,37.5411315111332,"Higher_in_Immune_Low","Significant",6
"Higher_in_Immune_Low","GRIA2",-2.24438847691785,5.53330935184172,-7.88195808300511,1.15829462186313e-14,9.69881282391921e-14,21.8528766885421,"Higher_in_Immune_Low","Significant",7
"Higher_in_Immune_Low","BMPR1B-DT",-2.19961047606296,3.46948878526648,-9.65619262169097,7.45282034351688e-21,9.11018810775776e-20,35.9314490484212,"Higher_in_Immune_Low","Significant",8
"Higher_in_Immune_Low","EEF1A2",-2.19698433466407,10.492626439128,-9.96463023958204,4.98995063919418e-22,6.47491408182168e-21,38.6081240423706,"Higher_in_Immune_Low","Significant",9
"Higher_in_Immune_Low","MYT1",-2.1773628725689,5.53131255320119,-11.4495762354235,4.71963119425241e-28,7.97055323104595e-27,52.3615923491811,"Higher_in_Immune_Low","Significant",10
"Higher_in_Immune_Low","AGR3",-2.1580975781191,10.3766247719791,-7.29654143465372,7.64560916350853e-13,5.5705542394437e-12,17.7317961467715,"Higher_in_Immune_Low","Significant",11
"Higher_in_Immune_Low","NKAIN1",-2.13553322215385,9.57536344665147,-10.3575205270337,1.45495742679852e-23,2.0423658602562e-22,42.1100627659242,"Higher_in_Immune_Low","Significant",12
"Higher_in_Immune_Low","GATA3-AS1",-2.0873931589081,7.26296106745096,-10.2101419790354,5.54441851707373e-23,7.58813713308187e-22,40.7844855636815,"Higher_in_Immune_Low","Significant",13
"Higher_in_Immune_Low","SYT13",-2.02749649096225,8.96879288651103,-7.52263941806579,1.56446610435087e-13,1.1996139732723e-12,19.2911696994637,"Higher_in_Immune_Low","Significant",14
"Higher_in_Immune_Low","ABCC8",-2.01375351916449,7.50733599659966,-8.9123212994377,3.87126044151588e-18,4.0785120913942e-17,29.7483622641631,"Higher_in_Immune_Low","Significant",15
