Signature,Genes_defined,Genes_present_in_expression,Genes_absent_from_expression,PC1_loading
CD_8_T_effector,8,8,0,0.296922
IFNG_signature_Ayers_et_al,6,6,0,0.277232
T_cell_inflamed_GEP_Ayers_et_al,18,18,0,0.305566
CAF_Peng_et_al,50,48,2,0.220723
TAM_Peng_et_al,50,49,1,0.26144
MDSC_Peng_et_al,50,50,0,0.161669
Immune_Checkpoint,7,7,0,0.293497
EMT1,8,8,0,0.134688
EMT2,7,7,0,0.149656
EMT3,6,6,0,0.199153
Pan_F_TBRs,19,17,2,0.187552
CD8_T_cells_Bindea_et_al,37,31,6,0.262223
NK_cells_Bindea_et_al,37,26,11,0.150067
Cytotoxic_cells_Bindea_et_al,17,16,1,0.299393
Macrophages_Bindea_et_al,33,32,1,0.259474
DC_Bindea_et_al,7,7,0,0.274029
B_cells_Bindea_et_al,34,32,2,0.271202
