"sample","PC1","ImmunePhenotype"
"TCGA-D8-A146-01A",1.09254461840816,"Immune_Mid"
"TCGA-AQ-A0Y5-01A",-0.979698668298213,"Immune_Mid"
"TCGA-C8-A274-01A",-3.56294489796462,"Immune_Low"
"TCGA-BH-A0BD-01A",1.58707592013991,"Immune_High"
"TCGA-B6-A1KC-01B",-5.47592380634476,"Immune_Low"
"TCGA-AC-A62V-01A",-1.93471171771663,"Immune_Low"
"TCGA-AO-A0J5-01A",0.0534788537430791,"Immune_Mid"
"TCGA-BH-A0B1-01A",-0.0406308543243716,"Immune_Mid"
"TCGA-A2-A0YM-01A",1.304680858496,"Immune_High"
"TCGA-AO-A03N-01B",-0.961644336277485,"Immune_Mid"
"TCGA-AO-A1KQ-01A",0.606182790376705,"Immune_Mid"
"TCGA-E2-A1LI-01A",-0.353329143171755,"Immune_Mid"
"TCGA-B6-A0WV-01A",-4.9886939762964,"Immune_Low"
"TCGA-E2-A1LE-01A",3.04590893032408,"Immune_High"
"TCGA-A2-A0CO-01A",3.96169996077169,"Immune_High"
"TCGA-AN-A0AK-01A",-1.31873522292828,"Immune_Low"
"TCGA-BH-A28Q-01A",-1.20003257259954,"Immune_Low"
"TCGA-3C-AALJ-01A",1.32126014470652,"Immune_High"
"TCGA-BH-A0BM-01A",0.265206493637593,"Immune_Mid"
"TCGA-AO-A03O-01A",0.33881470245431,"Immune_Mid"
"TCGA-AC-A4ZE-01A",-2.78936641712865,"Immune_Low"
"TCGA-E9-A22A-01A",3.75558666156601,"Immune_High"
"TCGA-AR-A0TW-01A",1.88038631300324,"Immune_High"
"TCGA-BH-A1FE-01A",3.39840633602832,"Immune_High"
"TCGA-A2-A3XX-01A",1.18759423959626,"Immune_Mid"
"TCGA-A8-A095-01A",-0.854168330925359,"Immune_Mid"
"TCGA-AN-A0FL-01A",-2.71015616314691,"Immune_Low"
"TCGA-D8-A1Y2-01A",3.65830860200419,"Immune_High"
"TCGA-C8-A138-01A",3.93824163429544,"Immune_High"
"TCGA-AR-A255-01A",1.37401816401359,"Immune_High"
"TCGA-GM-A5PV-01A",-1.32473704474309,"Immune_Low"
"TCGA-E2-A108-01A",6.78786377751693,"Immune_High"
"TCGA-AC-A2BM-01A",-1.5488523207221,"Immune_Low"
"TCGA-E2-A1IN-01A",-1.45543618713085,"Immune_Low"
"TCGA-A8-A08I-01A",2.43795865932749,"Immune_High"
"TCGA-AC-A3W7-01A",-0.953733680182256,"Immune_Mid"
"TCGA-E9-A1QZ-01A",3.23671201113123,"Immune_High"
"TCGA-EW-A1PH-01A",0.0941995590362376,"Immune_Mid"
"TCGA-BH-A0W7-01A",3.16975308202446,"Immune_High"
"TCGA-AR-A24K-01A",-4.97819203600543,"Immune_Low"
"TCGA-BH-A0H9-01A",-1.99039699557335,"Immune_Low"
"TCGA-A8-A09B-01A",-1.67349117914432,"Immune_Low"
"TCGA-A2-A0YT-01A",-1.09872310507257,"Immune_Mid"
"TCGA-BH-A0B5-01A",0.858712658766043,"Immune_Mid"
"TCGA-C8-A131-01A",1.28611469150306,"Immune_Mid"
"TCGA-A8-A093-01A",-2.71162913096271,"Immune_Low"
"TCGA-A1-A0SK-01A",-6.32242860148502,"Immune_Low"
"TCGA-3C-AALK-01A",0.826088922902949,"Immune_Mid"
"TCGA-AC-A6IV-01A",3.23341530738092,"Immune_High"
"TCGA-BH-A0GZ-01A",-1.27683725349379,"Immune_Low"
"TCGA-A2-A0CV-01A",1.49014201988556,"Immune_High"
"TCGA-C8-A12Q-01A",0.523268577733172,"Immune_Mid"
"TCGA-AR-A1AL-01A",0.0541216710589218,"Immune_Mid"
"TCGA-AN-A0XP-01A",-1.69433028843809,"Immune_Low"
"TCGA-AN-A046-01A",2.36962093315366,"Immune_High"
"TCGA-A7-A4SF-01A",-0.726413851694879,"Immune_Mid"
"TCGA-LL-A740-01A",1.45631103525809,"Immune_High"
"TCGA-EW-A1J5-01A",1.08625541610861,"Immune_Mid"
"TCGA-BH-A18G-01A",-0.239181208065668,"Immune_Mid"
"TCGA-A8-A07R-01A",-2.16317049539069,"Immune_Low"
"TCGA-EW-A6SB-01A",3.68997690176886,"Immune_High"
"TCGA-A2-A04Q-01A",6.82903014653726,"Immune_High"
"TCGA-B6-A0IC-01A",-8.29214973659209,"Immune_Low"
"TCGA-C8-A12X-01A",-2.4433543695369,"Immune_Low"
"TCGA-Z7-A8R5-01A",1.76437872502936,"Immune_High"
"TCGA-OL-A97C-01A",2.26404769592923,"Immune_High"
"TCGA-A2-A0EV-01A",1.98685603221122,"Immune_High"
"TCGA-AR-A0U4-01A",3.48963734815298,"Immune_High"
"TCGA-A8-A06X-01A",0.45631809353144,"Immune_Mid"
"TCGA-PL-A8LY-01A",-2.49355312978604,"Immune_Low"
"TCGA-A2-A4S2-01A",2.34403431565923,"Immune_High"
"TCGA-A2-A04Y-01A",-0.00826484148222126,"Immune_Mid"
"TCGA-D8-A1JA-01A",-0.305076310726084,"Immune_Mid"
"TCGA-D8-A27E-01A",-3.3081125884475,"Immune_Low"
"TCGA-A8-A06O-01A",-1.23243361929502,"Immune_Low"
"TCGA-A1-A0SO-01A",-3.59777759529215,"Immune_Low"
"TCGA-A7-A26J-01A",-1.6266582565252,"Immune_Low"
"TCGA-GM-A2D9-01A",-0.574246769928486,"Immune_Mid"
"TCGA-LL-A5YP-01A",2.43096330250263,"Immune_High"
"TCGA-A7-A26J-01B",-3.0663113440148,"Immune_Low"
"TCGA-A7-A26E-01B",-6.14456587137556,"Immune_Low"
"TCGA-E2-A1IU-01A",-1.33808304911128,"Immune_Low"
"TCGA-A7-A26E-01A",-2.29271784715332,"Immune_Low"
"TCGA-AC-A2FB-01A",4.00549842812335,"Immune_High"
"TCGA-A2-A04W-01A",-0.17460255875349,"Immune_Mid"
"TCGA-A2-A0T1-01A",5.01170713540743,"Immune_High"
"TCGA-B6-A0IQ-01A",-0.991536866742139,"Immune_Mid"
"TCGA-E9-A1N3-01A",-5.49293749571788,"Immune_Low"
"TCGA-BH-A5IZ-01A",-1.03822209500276,"Immune_Mid"
"TCGA-AC-A2B8-01A",1.69058941579693,"Immune_High"
"TCGA-BH-A204-01A",-5.25728855406816,"Immune_Low"
"TCGA-AO-A03U-01B",2.88674538345578,"Immune_High"
"TCGA-LL-A7SZ-01A",3.5213978123363,"Immune_High"
"TCGA-A8-A09Q-01A",1.40791065062619,"Immune_High"
"TCGA-BH-AB28-01A",0.360308948126488,"Immune_Mid"
"TCGA-D8-A1XZ-01A",0.305346830515441,"Immune_Mid"
"TCGA-E2-A1LL-01A",-2.11260258662269,"Immune_Low"
"TCGA-AO-A12E-01A",-0.585574139545341,"Immune_Mid"
"TCGA-S3-AA12-01A",-4.14249451200714,"Immune_Low"
"TCGA-A2-A3XY-01A",3.97370587157027,"Immune_High"
"TCGA-E2-A15J-01A",-4.15488067672931,"Immune_Low"
"TCGA-E2-A1IE-01A",-4.6887252480331,"Immune_Low"
"TCGA-AR-A24L-01A",-1.44062983319911,"Immune_Low"
"TCGA-A8-A0AB-01A",-4.70715965327023,"Immune_Low"
"TCGA-A1-A0SJ-01A",0.29234707252379,"Immune_Mid"
"TCGA-A7-A4SA-01A",2.14295537454598,"Immune_High"
"TCGA-S3-AA10-01A",4.75019725403317,"Immune_High"
"TCGA-AR-A1AJ-01A",6.07304899545966,"Immune_High"
"TCGA-LL-A5YL-01A",1.2402978029385,"Immune_Mid"
"TCGA-E9-A244-01A",-0.0317514704139919,"Immune_Mid"
"TCGA-B6-A0X0-01A",-2.75075175645206,"Immune_Low"
"TCGA-AO-A1KT-01A",-0.18819718110041,"Immune_Mid"
"TCGA-E2-A1LK-01A",-3.86351435485138,"Immune_Low"
"TCGA-EW-A1P4-01A",3.73390916971278,"Immune_High"
"TCGA-E2-A14R-01A",1.50784496310842,"Immune_High"
"TCGA-A7-A5ZW-01A",1.58238815592072,"Immune_High"
"TCGA-BH-A1FL-01A",-2.2224044495876,"Immune_Low"
"TCGA-A2-A0ST-01A",6.98393363683499,"Immune_High"
"TCGA-E9-A22H-01A",-2.21706607815363,"Immune_Low"
"TCGA-A1-A0SI-01A",2.86349986965614,"Immune_High"
"TCGA-B6-A0IN-01A",1.87952780529058,"Immune_High"
"TCGA-E2-A15K-01A",1.45307264777862,"Immune_High"
"TCGA-AR-A24Z-01A",-3.17118428123983,"Immune_Low"
"TCGA-E9-A1NG-01A",2.00102004100308,"Immune_High"
"TCGA-AR-A1AW-01A",5.91247616494198,"Immune_High"
"TCGA-D8-A1JK-01A",4.62489832563941,"Immune_High"
"TCGA-3C-AALI-01A",1.2713502354798,"Immune_Mid"
"TCGA-AC-A7VB-01A",-5.50074325496179,"Immune_Low"
"TCGA-BH-A0E7-01A",-4.45593297486475,"Immune_Low"
"TCGA-AC-A6NO-01A",-2.56751770886622,"Immune_Low"
"TCGA-C8-A8HP-01A",3.24934772136991,"Immune_High"
"TCGA-BH-A0DO-01B",-2.06404689456609,"Immune_Low"
"TCGA-AO-A0JL-01A",-0.692204541208987,"Immune_Mid"
"TCGA-A7-A0CJ-01A",-1.99260713335383,"Immune_Low"
"TCGA-E2-A1LH-01A",5.46177969874132,"Immune_High"
"TCGA-BH-A18Q-01A",0.973696322458676,"Immune_Mid"
"TCGA-A8-A097-01A",0.526734573779608,"Immune_Mid"
"TCGA-AO-A03T-01A",-0.333750731207593,"Immune_Mid"
"TCGA-D8-A27T-01A",1.9971552037323,"Immune_High"
"TCGA-D8-A1JS-01A",-5.17316141932947,"Immune_Low"
"TCGA-BH-A0DL-01A",2.47432349597933,"Immune_High"
"TCGA-EW-A423-01A",-1.5447375488077,"Immune_Low"
"TCGA-A7-A5ZX-01A",-1.28294241884151,"Immune_Low"
"TCGA-C8-A26Y-01A",-1.77290718555574,"Immune_Low"
"TCGA-BH-A2L8-01A",3.60141733190777,"Immune_High"
"TCGA-D8-A1JI-01A",-4.93655537575678,"Immune_Low"
"TCGA-D8-A3Z5-01A",-1.68165502896976,"Immune_Low"
"TCGA-A1-A0SM-01A",-0.627652223264744,"Immune_Mid"
"TCGA-BH-A0AV-01A",0.434253656049953,"Immune_Mid"
"TCGA-A8-A075-01A",1.51624646958355,"Immune_High"
"TCGA-BH-A1FM-01A",-2.04372155492977,"Immune_Low"
"TCGA-A8-A08C-01A",-2.96657471126038,"Immune_Low"
"TCGA-B6-A0I9-01A",-0.384179119607375,"Immune_Mid"
"TCGA-AO-A0JM-01A",0.822849591675661,"Immune_Mid"
"TCGA-AQ-A54N-01A",-3.61869653600416,"Immune_Low"
"TCGA-AO-A0JG-01A",2.05210421089048,"Immune_High"
"TCGA-AO-A12G-01A",-0.487279769990364,"Immune_Mid"
"TCGA-GM-A2DN-01A",4.00613131376528,"Immune_High"
"TCGA-E2-A15M-01A",3.58423764636813,"Immune_High"
"TCGA-BH-A8G0-01A",2.78464270750045,"Immune_High"
"TCGA-A8-A082-01A",-3.91623113938842,"Immune_Low"
"TCGA-A2-A0EN-01A",4.26821811999423,"Immune_High"
"TCGA-AR-A24X-01A",-0.19954053227993,"Immune_Mid"
"TCGA-A7-A13E-01B",-0.183335528084596,"Immune_Mid"
"TCGA-OK-A5Q2-01A",2.35099072301722,"Immune_High"
"TCGA-D8-A142-01A",1.90822972531827,"Immune_High"
"TCGA-A2-A0CS-01A",-0.79132065443819,"Immune_Mid"
"TCGA-D8-A1Y0-01A",2.16386873867275,"Immune_High"
"TCGA-E9-A22D-01A",5.20154114194349,"Immune_High"
"TCGA-BH-A0HI-01A",-0.65909814715671,"Immune_Mid"
"TCGA-BH-A0C7-01B",-0.110029817919058,"Immune_Mid"
"TCGA-A7-A3J1-01A",2.27947648124752,"Immune_High"
"TCGA-A7-A2KD-01A",0.73240675125674,"Immune_Mid"
"TCGA-S3-AA14-01A",-0.804445145253209,"Immune_Mid"
"TCGA-BH-A0AY-01A",2.25223944360304,"Immune_High"
"TCGA-AC-A3QQ-01B",-3.26074688074141,"Immune_Low"
"TCGA-E9-A1RB-01A",-2.2830476054813,"Immune_Low"
"TCGA-D8-A1XK-01A",0.702689473927664,"Immune_Mid"
"TCGA-OL-A66I-01A",7.04842189982767,"Immune_High"
"TCGA-A2-A0CT-01A",-2.59598556195551,"Immune_Low"
"TCGA-A8-A09N-01A",-0.318216753852729,"Immune_Mid"
"TCGA-D8-A1XQ-01A",3.2750548170067,"Immune_High"
"TCGA-C8-A135-01A",0.854201124776329,"Immune_Mid"
"TCGA-D8-A1X9-01A",1.02829985396355,"Immune_Mid"
"TCGA-AO-A0JE-01A",3.93100541914408,"Immune_High"
"TCGA-HN-A2OB-01A",0.254815481291906,"Immune_Mid"
"TCGA-EW-A1IY-01A",3.51724360896075,"Immune_High"
"TCGA-A8-A09M-01A",0.28321634468819,"Immune_Mid"
"TCGA-A8-A0A1-01A",2.47208246204009,"Immune_High"
"TCGA-E9-A1RH-01A",-0.367097542241618,"Immune_Mid"
"TCGA-BH-A1EV-01A",-2.55031482362201,"Immune_Low"
"TCGA-A8-A09I-01A",1.5165108857734,"Immune_High"
"TCGA-AR-A2LR-01A",-0.628463866156575,"Immune_Mid"
"TCGA-C8-A1HO-01A",-2.94674094814691,"Immune_Low"
"TCGA-EW-A2FW-01A",-3.2405830747751,"Immune_Low"
"TCGA-AR-A2LL-01A",-1.81056416495938,"Immune_Low"
"TCGA-5L-AAT1-01A",3.68423606124132,"Immune_High"
"TCGA-A7-A0DA-01A",-1.23224642824392,"Immune_Low"
"TCGA-A8-A091-01A",-2.04485985026653,"Immune_Low"
"TCGA-AC-A2QH-01B",-8.61891254912111,"Immune_Low"
"TCGA-B6-A0IK-01A",0.115791019583144,"Immune_Mid"
"TCGA-AC-A2QH-01A",-6.28765131664662,"Immune_Low"
"TCGA-GM-A2DO-01A",4.72478989298142,"Immune_High"
"TCGA-EW-A6SD-01A",1.42550354676448,"Immune_High"
"TCGA-A8-A07G-01A",0.642460515546096,"Immune_Mid"
"TCGA-AR-A24Q-01A",2.33593032094768,"Immune_High"
"TCGA-A2-A0D4-01A",-3.80816992313078,"Immune_Low"
"TCGA-AC-A8OP-01A",-0.133532820261064,"Immune_Mid"
"TCGA-LL-A442-01A",-4.54306027552781,"Immune_Low"
"TCGA-D8-A143-01A",0.232961769945114,"Immune_Mid"
"TCGA-E2-A572-01A",-3.73181626186291,"Immune_Low"
"TCGA-PE-A5DC-01A",-1.0852190784934,"Immune_Mid"
"TCGA-A2-A259-01A",1.48347201488584,"Immune_High"
"TCGA-A8-A06P-01A",-0.236151576394588,"Immune_Mid"
"TCGA-B6-A1KI-01A",-2.02878216605944,"Immune_Low"
"TCGA-BH-A0DI-01A",2.45429345499077,"Immune_High"
"TCGA-BH-A0W5-01A",3.19514874586854,"Immune_High"
"TCGA-AC-A2FG-01A",-0.982998278890019,"Immune_Mid"
"TCGA-AQ-A7U7-01A",4.93098382027275,"Immune_High"
"TCGA-AO-A0JD-01A",-0.752348779974153,"Immune_Mid"
"TCGA-D8-A1JG-01B",2.60030807244243,"Immune_High"
"TCGA-E2-A15T-01A",-4.09354740581749,"Immune_Low"
"TCGA-AO-A128-01A",6.06744710059909,"Immune_High"
"TCGA-AN-A0FZ-01A",-2.39749967981741,"Immune_Low"
"TCGA-A1-A0SH-01A",0.161378836432864,"Immune_Mid"
"TCGA-E2-A14V-01A",-2.27805163539783,"Immune_Low"
"TCGA-BH-A1FB-01A",3.64559120358489,"Immune_High"
"TCGA-E9-A1NF-01A",1.17775422994024,"Immune_Mid"
"TCGA-AC-A3HN-01A",2.33448981551488,"Immune_High"
"TCGA-A8-A08P-01A",3.16590934385684,"Immune_High"
"TCGA-D8-A1XD-01A",-3.07642280055925,"Immune_Low"
"TCGA-B6-A0WX-01A",1.7627527999672,"Immune_High"
"TCGA-A1-A0SP-01A",1.30936559805343,"Immune_High"
"TCGA-AC-A23E-01A",-0.125185420585608,"Immune_Mid"
"TCGA-C8-A278-01A",3.38831681887901,"Immune_High"
"TCGA-B6-A0IE-01A",-2.35098947316588,"Immune_Low"
"TCGA-AR-A2LN-01A",1.35208521548119,"Immune_High"
"TCGA-A2-A0EQ-01A",4.33017683057224,"Immune_High"
"TCGA-D8-A27W-01A",0.03609781374935,"Immune_Mid"
"TCGA-AR-A0U2-01A",-0.634141906202459,"Immune_Mid"
"TCGA-BH-A18T-01A",-0.942920347258014,"Immune_Mid"
"TCGA-AO-A1KS-01A",-1.66164147509301,"Immune_Low"
"TCGA-A7-A26G-01A",2.39589258640248,"Immune_High"
"TCGA-BH-A1F5-01A",-3.15617860284739,"Immune_Low"
"TCGA-A1-A0SG-01A",-0.245203235915765,"Immune_Mid"
"TCGA-BH-A0B4-01A",1.66161699854322,"Immune_High"
"TCGA-EW-A1P8-01A",0.30524542831685,"Immune_Mid"
"TCGA-AC-A2FK-01A",0.224026413437472,"Immune_Mid"
"TCGA-EW-A424-01A",-2.84182819614554,"Immune_Low"
"TCGA-A2-A3KD-01A",-1.59255374200462,"Immune_Low"
"TCGA-B6-A0RO-01A",-3.08867560896377,"Immune_Low"
"TCGA-E2-A15I-01A",0.419192942325174,"Immune_Mid"
"TCGA-GM-A3XG-01A",-2.24154637687788,"Immune_Low"
"TCGA-AR-A24S-01A",2.04739457988603,"Immune_High"
"TCGA-AC-A2BK-01A",-3.68262260561973,"Immune_Low"
"TCGA-A2-A0SY-01A",2.18957401698349,"Immune_High"
"TCGA-A8-A07U-01A",5.16626935769986,"Immune_High"
"TCGA-BH-A0BV-01A",0.512728743912518,"Immune_Mid"
"TCGA-A8-A0A9-01A",-0.693472741594865,"Immune_Mid"
"TCGA-A2-A0ER-01A",-2.49184087896182,"Immune_Low"
"TCGA-A2-A0YI-01A",2.01417863184624,"Immune_High"
"TCGA-BH-A0DT-01A",1.59486850870186,"Immune_High"
"TCGA-A8-A08G-01A",-1.26246425972406,"Immune_Low"
"TCGA-BH-A18I-01A",2.76787230885235,"Immune_High"
"TCGA-E2-A1B0-01A",2.34958413459058,"Immune_High"
"TCGA-AO-A12A-01A",0.402395431083576,"Immune_Mid"
"TCGA-A2-A0D2-01A",2.04252780291165,"Immune_High"
"TCGA-E9-A24A-01A",-0.331258079800631,"Immune_Mid"
"TCGA-A7-A0CG-01A",2.49280648622095,"Immune_High"
"TCGA-4H-AAAK-01A",0.394435689539535,"Immune_Mid"
"TCGA-LL-A441-01A",3.27358754124745,"Immune_High"
"TCGA-BH-A18V-01A",2.57876000973046,"Immune_High"
"TCGA-BH-A0H3-01A",1.2723415040771,"Immune_Mid"
"TCGA-D8-A1JE-01A",-0.446408118567648,"Immune_Mid"
"TCGA-AO-A03L-01A",0.952255855605143,"Immune_Mid"
"TCGA-D8-A1XS-01A",-0.388665242645364,"Immune_Mid"
"TCGA-BH-A42T-01A",-1.20844858640322,"Immune_Low"
"TCGA-AN-A0FS-01A",-1.38966369695797,"Immune_Low"
"TCGA-AN-A0AM-01A",1.89272012056374,"Immune_High"
"TCGA-AR-A24O-01A",1.91690223255516,"Immune_High"
"TCGA-LL-A440-01A",2.96065588585985,"Immune_High"
"TCGA-V7-A7HQ-01A",-2.49554102588027,"Immune_Low"
"TCGA-GM-A3XL-01A",1.84448648002909,"Immune_High"
"TCGA-D8-A1XY-01A",-0.346306605645939,"Immune_Mid"
"TCGA-B6-A0IO-01A",-2.48042495369625,"Immune_Low"
"TCGA-C8-A137-01A",-2.90848784244802,"Immune_Low"
"TCGA-A2-A0ES-01A",1.68659074769735,"Immune_High"
"TCGA-OL-A5RW-01A",-1.42484977969243,"Immune_Low"
"TCGA-BH-A0DQ-01A",0.77689302883448,"Immune_Mid"
"TCGA-LL-A73Z-01A",2.88271930034953,"Immune_High"
"TCGA-GM-A2DB-01A",2.29758671105525,"Immune_High"
"TCGA-AN-A0AL-01A",3.37497027978959,"Immune_High"
"TCGA-A2-A0YC-01A",-0.600570846985683,"Immune_Mid"
"TCGA-AO-A0JB-01A",-0.132093324629192,"Immune_Mid"
"TCGA-AN-A0XU-01A",-0.0288217561154743,"Immune_Mid"
"TCGA-BH-A0W4-01A",-1.25853242328689,"Immune_Low"
"TCGA-A2-A0D1-01A",-2.23506953568477,"Immune_Low"
"TCGA-B6-A0WZ-01A",-3.57587710184773,"Immune_Low"
"TCGA-B6-A0IJ-01A",2.69315725148886,"Immune_High"
"TCGA-B6-A0RE-01A",-0.862460988271999,"Immune_Mid"
"TCGA-AN-A0FY-01A",-1.61457215374743,"Immune_Low"
"TCGA-A7-A13F-01A",-2.93520214381156,"Immune_Low"
"TCGA-BH-A1F0-01A",6.01106817238798,"Immune_High"
"TCGA-A2-A3KC-01A",0.597076734458398,"Immune_Mid"
"TCGA-BH-A18U-01A",0.203041018469166,"Immune_Mid"
"TCGA-BH-A0E0-01A",-2.03063235602115,"Immune_Low"
"TCGA-BH-A0BT-01A",0.368998592669358,"Immune_Mid"
"TCGA-OL-A5RV-01A",-1.38133544400869,"Immune_Low"
"TCGA-OL-A66O-01A",-4.03149076186631,"Immune_Low"
"TCGA-AC-A3YI-01A",1.48533744924275,"Immune_High"
"TCGA-D8-A1JD-01A",0.834459894674139,"Immune_Mid"
"TCGA-BH-A18K-01A",-0.494835668693996,"Immune_Mid"
"TCGA-A8-A06Y-01A",-5.31538075099897,"Immune_Low"
"TCGA-D8-A27F-01A",-0.557641240349898,"Immune_Mid"
"TCGA-B6-A0IB-01A",-4.41964914671437,"Immune_Low"
"TCGA-LL-A6FR-01A",-1.53078571510166,"Immune_Low"
"TCGA-A7-A3IZ-01A",-5.43575264008919,"Immune_Low"
"TCGA-AR-A0TT-01A",4.00418755658337,"Immune_High"
"TCGA-A7-A0D9-01A",-2.83080809637412,"Immune_Low"
"TCGA-A2-A3Y0-01A",1.88791991744473,"Immune_High"
"TCGA-D8-A13Y-01A",-7.13825132749271,"Immune_Low"
"TCGA-B6-A0WS-01A",2.44055389151291,"Immune_High"
"TCGA-A2-A3XV-01A",-2.25164750226635,"Immune_Low"
"TCGA-E2-A14Y-01A",-0.764256665515048,"Immune_Mid"
"TCGA-LD-A7W5-01A",2.89273613092901,"Immune_High"
"TCGA-S3-A6ZG-01A",-1.51200337902469,"Immune_Low"
"TCGA-A2-A04V-01A",-1.4149618434626,"Immune_Low"
"TCGA-BH-A1EU-01A",3.02208318834671,"Immune_High"
"TCGA-D8-A1XT-01A",0.665784500738338,"Immune_Mid"
"TCGA-E9-A22E-01A",3.20296847965444,"Immune_High"
"TCGA-AN-A0FJ-01A",-0.911458231164675,"Immune_Mid"
"TCGA-BH-A0B8-01A",-1.87995632108077,"Immune_Low"
"TCGA-A2-A0EW-01A",2.31986749069668,"Immune_High"
"TCGA-E2-A15H-01A",-1.93201653755951,"Immune_Low"
"TCGA-AR-A24P-01A",-0.504888364797402,"Immune_Mid"
"TCGA-AO-A0J2-01A",1.39390597459134,"Immune_High"
"TCGA-EW-A2FS-01A",0.467660724848842,"Immune_Mid"
"TCGA-A8-A096-01A",2.82135289744102,"Immune_High"
"TCGA-AR-A1AV-01A",-2.98246797107013,"Immune_Low"
"TCGA-OL-A6VR-01A",-4.20217024586606,"Immune_Low"
"TCGA-E2-A1BC-01A",-0.435596099880388,"Immune_Mid"
"TCGA-BH-A0HU-01A",-1.66419369365381,"Immune_Low"
"TCGA-LD-A7W6-01A",-1.00305848275071,"Immune_Mid"
"TCGA-C8-A8HR-01A",3.43385317742297,"Immune_High"
"TCGA-BH-A0DD-01A",-1.60228211752341,"Immune_Low"
"TCGA-D8-A1JF-01A",0.503385624909609,"Immune_Mid"
"TCGA-BH-A0DG-01A",2.05806047904962,"Immune_High"
"TCGA-OL-A5D8-01A",-2.09990087393758,"Immune_Low"
"TCGA-GM-A3NW-01A",-0.967644963524512,"Immune_Mid"
"TCGA-D8-A27H-01A",-0.715114928331703,"Immune_Mid"
"TCGA-A2-A1G6-01A",0.120475594190239,"Immune_Mid"
"TCGA-A2-A0YH-01A",2.75185471140747,"Immune_High"
"TCGA-AO-A03V-01A",-1.55974868325036,"Immune_Low"
"TCGA-EW-A1J3-01A",-1.7606829632567,"Immune_Low"
"TCGA-A7-A26H-01A",0.704672209457145,"Immune_Mid"
"TCGA-GM-A3NY-01A",-1.04866472459828,"Immune_Mid"
"TCGA-E2-A153-01A",-0.012628170266103,"Immune_Mid"
"TCGA-A2-A1G1-01A",3.06576192549735,"Immune_High"
"TCGA-E2-A1IK-01A",-0.695148546262258,"Immune_Mid"
"TCGA-JL-A3YX-01A",-2.76320760355192,"Immune_Low"
"TCGA-A2-A0CY-01A",-5.05243468782512,"Immune_Low"
"TCGA-AN-A0FT-01A",-0.707916460189301,"Immune_Mid"
"TCGA-A2-A1FV-01A",-4.9531190968213,"Immune_Low"
"TCGA-AR-A0TU-01A",0.729310000899389,"Immune_Mid"
"TCGA-E2-A155-01A",-3.48347368937143,"Immune_Low"
"TCGA-AR-A2LM-01A",0.245308882969406,"Immune_Mid"
"TCGA-A2-A0SV-01A",0.652811108461574,"Immune_Mid"
"TCGA-E9-A22G-01A",-1.31346310368197,"Immune_Low"
"TCGA-A2-A4RW-01A",0.452780832104244,"Immune_Mid"
"TCGA-A8-A07S-01A",-2.62822819862043,"Immune_Low"
"TCGA-A8-A06Q-01A",-5.38580247417711,"Immune_Low"
"TCGA-A2-A0EP-01A",7.36075117206312,"Immune_High"
"TCGA-AR-A0TS-01A",3.74217683754411,"Immune_High"
"TCGA-BH-A0B2-01A",3.22160227398934,"Immune_High"
"TCGA-3C-AAAU-01A",-4.75868649681208,"Immune_Low"
"TCGA-AN-A0FD-01A",1.34793441627338,"Immune_High"
"TCGA-BH-A0BS-01A",-3.86291222199773,"Immune_Low"
"TCGA-AR-A2LE-01A",-1.5136328412277,"Immune_Low"
"TCGA-B6-A0IM-01A",-2.13908542687761,"Immune_Low"
"TCGA-A1-A0SB-01A",-3.73545476547758,"Immune_Low"
"TCGA-S3-AA11-01A",-4.33272895721959,"Immune_Low"
"TCGA-A8-A08B-01A",-1.10435555738827,"Immune_Mid"
"TCGA-AO-A124-01A",-1.3729334689298,"Immune_Low"
"TCGA-BH-A0B0-01A",3.0643968106341,"Immune_High"
"TCGA-A2-A0CR-01A",6.11559013663666,"Immune_High"
"TCGA-AR-A24M-01A",-2.16435322454043,"Immune_Low"
"TCGA-BH-A0BZ-01A",3.90883747594629,"Immune_High"
"TCGA-A8-A07F-01A",-0.174950102116164,"Immune_Mid"
"TCGA-B6-A0RM-01A",-3.79786596844441,"Immune_Low"
"TCGA-A8-A0A2-01A",-0.523571472989884,"Immune_Mid"
"TCGA-BH-A1EN-01A",-3.0450677041563,"Immune_Low"
"TCGA-C8-A12Y-01A",-1.1780291395974,"Immune_Mid"
"TCGA-B6-A0WT-01A",-1.66005894861455,"Immune_Low"
"TCGA-C8-A12V-01A",6.74916111638636,"Immune_High"
"TCGA-EW-A1PC-01B",-3.30867327165004,"Immune_Low"
"TCGA-A2-A0EO-01A",1.77513643589579,"Immune_High"
"TCGA-A7-A26F-01B",-0.056367329922254,"Immune_Mid"
"TCGA-A7-A26F-01A",0.192867062762822,"Immune_Mid"
"TCGA-EW-A1J2-01A",1.48594992078343,"Immune_High"
"TCGA-UL-AAZ6-01A",-3.15154873343649,"Immune_Low"
"TCGA-A2-A0CL-01A",5.70695577460413,"Immune_High"
"TCGA-AR-A0U3-01A",-2.17100834366138,"Immune_Low"
"TCGA-BH-A1F8-01A",-1.32198913559498,"Immune_Low"
"TCGA-A2-A0CQ-01A",-3.72666096637746,"Immune_Low"
"TCGA-BH-A6R8-01A",-0.800878977430021,"Immune_Mid"
"TCGA-AR-A1AS-01A",-3.8098835220926,"Immune_Low"
"TCGA-BH-A0BQ-01A",2.81392828706107,"Immune_High"
"TCGA-A8-A08S-01A",-1.35767311343692,"Immune_Low"
"TCGA-E2-A1IJ-01A",2.22857646896349,"Immune_High"
"TCGA-B6-A0IH-01A",1.92509614295551,"Immune_High"
"TCGA-A8-A081-01A",-0.354417337115549,"Immune_Mid"
"TCGA-AR-A2LJ-01A",2.90171568085331,"Immune_High"
"TCGA-D8-A1XC-01A",-6.63866206414526,"Immune_Low"
"TCGA-E9-A1RI-01A",-0.413436216703138,"Immune_Mid"
"TCGA-AC-A62X-01A",-2.7320235221902,"Immune_Low"
"TCGA-C8-A1HK-01A",-1.33893546324262,"Immune_Low"
"TCGA-BH-A0B6-01A",5.99119907612897,"Immune_High"
"TCGA-A8-A083-01A",-4.46002780625997,"Immune_Low"
"TCGA-C8-A12T-01A",0.923802474455952,"Immune_Mid"
"TCGA-A2-A04X-01A",2.24605206889743,"Immune_High"
"TCGA-D8-A1XA-01A",-1.99647891916891,"Immune_Low"
"TCGA-E2-A15A-01A",0.675944806507409,"Immune_Mid"
"TCGA-B6-A408-01A",0.499457256519112,"Immune_Mid"
"TCGA-AR-A24W-01A",-1.00798223215158,"Immune_Mid"
"TCGA-A7-A0CH-01A",-1.95323383123671,"Immune_Low"
"TCGA-BH-A1EW-01A",1.34523214121926,"Immune_High"
"TCGA-A2-A0EX-01A",-0.183168131384084,"Immune_Mid"
"TCGA-C8-A8HQ-01A",2.87311718728537,"Immune_High"
"TCGA-B6-A0RU-01A",-0.548801537220468,"Immune_Mid"
"TCGA-A7-A0CE-01A",-1.10978912439337,"Immune_Mid"
"TCGA-A7-A3IY-01A",0.660035489317462,"Immune_Mid"
"TCGA-GM-A2DI-01A",5.69266880216735,"Immune_High"
"TCGA-E9-A243-01A",5.81052401581286,"Immune_High"
"TCGA-E2-A159-01A",3.8846752046998,"Immune_High"
"TCGA-LL-A7T0-01A",-0.44991541407364,"Immune_Mid"
"TCGA-D8-A27N-01A",1.23446814279539,"Immune_Mid"
"TCGA-A8-A08Z-01A",0.688431476346774,"Immune_Mid"
"TCGA-AC-A5XS-01A",2.15142317091335,"Immune_High"
"TCGA-B6-A400-01A",2.58707095543278,"Immune_High"
"TCGA-C8-A26Z-01A",-3.55811445117428,"Immune_Low"
"TCGA-AC-A2QJ-01A",3.03740249440674,"Immune_High"
"TCGA-AR-A24R-01A",-0.194964219936397,"Immune_Mid"
"TCGA-A8-A08H-01A",3.40071988882587,"Immune_High"
"TCGA-EW-A1PG-01A",0.644125871334266,"Immune_Mid"
"TCGA-BH-A0HB-01A",1.92728780637803,"Immune_High"
"TCGA-BH-A1FN-01A",-0.796416926905042,"Immune_Mid"
"TCGA-E2-A1BD-01A",-2.02525585527388,"Immune_Low"
"TCGA-A7-A5ZV-01A",-2.83446497704502,"Immune_Low"
"TCGA-B6-A1KN-01A",-0.360340043281571,"Immune_Mid"
"TCGA-AR-A1AH-01A",-4.4659107943582,"Immune_Low"
"TCGA-A8-A09X-01A",2.65566539305542,"Immune_High"
"TCGA-BH-A208-01A",2.37785088233116,"Immune_High"
"TCGA-GM-A2DM-01A",-2.53232749721739,"Immune_Low"
"TCGA-B6-A402-01A",-2.88373489140423,"Immune_Low"
"TCGA-A2-A0YJ-01A",-1.67740771509429,"Immune_Low"
"TCGA-D8-A141-01A",4.51858454515303,"Immune_High"
"TCGA-AR-A1AN-01A",0.300119653917016,"Immune_Mid"
"TCGA-BH-A18S-01A",-4.29879287637449,"Immune_Low"
"TCGA-GM-A2DH-01A",1.96753650626784,"Immune_High"
"TCGA-AC-A23H-01A",-1.99230662353518,"Immune_Low"
"TCGA-OL-A5RZ-01A",-3.01784294718006,"Immune_Low"
"TCGA-OL-A5RX-01A",-0.0536986288100211,"Immune_Mid"
"TCGA-C8-A273-01A",-1.0873377565969,"Immune_Mid"
"TCGA-A2-A0CK-01A",-0.26332769192512,"Immune_Mid"
"TCGA-B6-A0X7-01A",-1.37324845282258,"Immune_Low"
"TCGA-A2-A4RY-01A",0.751686120327669,"Immune_Mid"
"TCGA-E2-A1L9-01A",0.697638262143039,"Immune_Mid"
"TCGA-BH-A8FY-01A",-5.20848588759597,"Immune_Low"
"TCGA-E2-A9RU-01A",-0.665376739079209,"Immune_Mid"
"TCGA-AC-A3QP-01A",0.593938685087346,"Immune_Mid"
"TCGA-A7-A13E-01A",-2.98060845240937,"Immune_Low"
"TCGA-BH-A0DH-01A",-0.640273491298732,"Immune_Mid"
"TCGA-A8-A09W-01A",-0.485363282468247,"Immune_Mid"
"TCGA-B6-A0RV-01A",-0.143685463566484,"Immune_Mid"
"TCGA-D8-A1JT-01A",-2.68239026789993,"Immune_Low"
"TCGA-E9-A1R3-01A",1.25072865966898,"Immune_Mid"
"TCGA-B6-A401-01A",0.788730582267605,"Immune_Mid"
"TCGA-E2-A570-01A",-2.08347551582472,"Immune_Low"
"TCGA-A8-A07O-01A",0.416309926375602,"Immune_Mid"
"TCGA-C8-A275-01A",3.03405876856456,"Immune_High"
"TCGA-S3-AA0Z-01A",0.217131566846269,"Immune_Mid"
"TCGA-E2-A1LA-01A",3.54727069660722,"Immune_High"
"TCGA-E9-A229-01A",0.60954192945607,"Immune_Mid"
"TCGA-A2-A04P-01A",2.0840258437054,"Immune_High"
"TCGA-E2-A10F-01A",1.5707378363348,"Immune_High"
"TCGA-D8-A1XM-01A",2.14667054353999,"Immune_High"
"TCGA-AN-A0FW-01A",-1.19951758648227,"Immune_Mid"
"TCGA-LL-A6FQ-01A",-2.16916389717359,"Immune_Low"
"TCGA-E2-A1LS-01A",-4.06042572471681,"Immune_Low"
"TCGA-B6-A0RS-01A",2.3748971736254,"Immune_High"
"TCGA-AO-A0J7-01A",-3.87570212078215,"Immune_Low"
"TCGA-E9-A3X8-01A",2.94794807134002,"Immune_High"
"TCGA-B6-A3ZX-01A",3.25241041405736,"Immune_High"
"TCGA-C8-A3M7-01A",0.951425380460975,"Immune_Mid"
"TCGA-A2-A0T0-01A",1.04162466641095,"Immune_Mid"
"TCGA-OL-A66J-01A",0.679678808317974,"Immune_Mid"
"TCGA-EW-A6SC-01A",0.452555900303285,"Immune_Mid"
"TCGA-AN-A0AJ-01A",2.50432855328104,"Immune_High"
"TCGA-BH-A0DV-01A",1.9233209164098,"Immune_High"
"TCGA-AQ-A54O-01A",-1.77960758886939,"Immune_Low"
"TCGA-A2-A0CU-01A",-2.17680558971892,"Immune_Low"
"TCGA-AR-A2LH-01A",4.03136971094141,"Immune_High"
"TCGA-BH-A0AU-01A",-0.0243423193298881,"Immune_Mid"
"TCGA-A8-A09D-01A",1.41002954590693,"Immune_High"
"TCGA-D8-A1Y1-01A",-1.05679815523186,"Immune_Mid"
"TCGA-AO-A1KP-01A",-4.95030153153602,"Immune_Low"
"TCGA-A8-A092-01A",-1.55567836358312,"Immune_Low"
"TCGA-A8-A09G-01A",1.24666414644126,"Immune_Mid"
"TCGA-E9-A1RD-01A",-2.73050722343981,"Immune_Low"
"TCGA-OL-A6VO-01A",-0.902232817855632,"Immune_Mid"
"TCGA-AO-A0J3-01A",-4.25496134204172,"Immune_Low"
"TCGA-AR-A1AO-01A",5.2823524690817,"Immune_High"
"TCGA-AR-A254-01A",2.77587412454045,"Immune_High"
"TCGA-D8-A27L-01A",1.03372419486777,"Immune_Mid"
"TCGA-D8-A1J8-01A",3.09539581041214,"Immune_High"
"TCGA-GM-A4E0-01A",3.99562759464554,"Immune_High"
"TCGA-E2-A14X-01A",1.37185316621383,"Immune_High"
"TCGA-AQ-A04H-01B",-1.52641342208745,"Immune_Low"
"TCGA-BH-A0BR-01A",2.23683917822328,"Immune_High"
"TCGA-BH-A0HY-01A",-1.23776828312976,"Immune_Low"
"TCGA-BH-A42U-01A",2.67782919900246,"Immune_High"
"TCGA-A8-A08T-01A",-1.43641355960688,"Immune_Low"
"TCGA-A7-A13H-01A",2.43391311750615,"Immune_High"
"TCGA-A2-A0CW-01A",-1.15228802083595,"Immune_Mid"
"TCGA-AN-A041-01A",-1.33120194668759,"Immune_Low"
"TCGA-AC-A3W5-01A",3.71009547639013,"Immune_High"
"TCGA-A2-A0D0-01A",0.456225782587975,"Immune_Mid"
"TCGA-EW-A1PA-01A",-0.707336414591279,"Immune_Mid"
"TCGA-E9-A227-01A",1.86722547877617,"Immune_High"
"TCGA-E9-A2JS-01A",-2.31701194361046,"Immune_Low"
"TCGA-C8-A1HM-01A",3.17453988425208,"Immune_High"
"TCGA-OL-A5DA-01A",-1.23406340637293,"Immune_Low"
"TCGA-A8-A08L-01A",0.943337450667368,"Immune_Mid"
"TCGA-AR-A24N-01A",-1.20128127624479,"Immune_Low"
"TCGA-E2-A14Q-01A",-0.645942910438727,"Immune_Mid"
"TCGA-AN-A0FK-01A",-2.11553819123869,"Immune_Low"
"TCGA-E2-A154-01A",-3.55128469343595,"Immune_Low"
"TCGA-5T-A9QA-01A",-5.21717544378076,"Immune_Low"
"TCGA-AR-A5QQ-01A",5.80703701218633,"Immune_High"
"TCGA-AC-A3YJ-01A",-3.20315810954191,"Immune_Low"
"TCGA-A8-A07L-01A",-2.67726320795767,"Immune_Low"
"TCGA-A2-A0YF-01A",-1.65807415426016,"Immune_Low"
"TCGA-E9-A1N8-01A",-3.02915345319664,"Immune_Low"
"TCGA-BH-A0H6-01A",-1.49702815885148,"Immune_Low"
"TCGA-A8-A09A-01A",1.38052179777422,"Immune_High"
"TCGA-A8-A0AD-01A",-1.24917694466402,"Immune_Low"
"TCGA-D8-A27V-01A",-0.640047749514137,"Immune_Mid"
"TCGA-GM-A2DD-01A",5.53327410742081,"Immune_High"
"TCGA-A2-A0T4-01A",2.30897803147397,"Immune_High"
"TCGA-E9-A2JT-01A",5.5692103557959,"Immune_High"
"TCGA-BH-A203-01A",1.50888601668393,"Immune_High"
"TCGA-D8-A1JL-01A",3.35683666183988,"Immune_High"
"TCGA-B6-A1KF-01A",-5.16484721908611,"Immune_Low"
"TCGA-AN-A03X-01A",-0.046287905052187,"Immune_Mid"
"TCGA-BH-A18M-01A",0.33350665505015,"Immune_Mid"
"TCGA-EW-A2FV-01A",2.09308745192612,"Immune_High"
"TCGA-BH-A1FJ-01A",-4.62750087231305,"Immune_Low"
"TCGA-AN-A0XR-01A",-3.49413059843909,"Immune_Low"
"TCGA-BH-A18R-01A",-0.482991441485637,"Immune_Mid"
"TCGA-EW-A1OW-01A",1.26003231174236,"Immune_Mid"
"TCGA-LL-A5YM-01A",-1.809573621224,"Immune_Low"
"TCGA-AO-A0J6-01A",1.2502172847162,"Immune_Mid"
"TCGA-AC-A2FO-01A",2.79267429349163,"Immune_High"
"TCGA-E2-A1IH-01A",4.3840401725259,"Immune_High"
"TCGA-AR-A1AX-01A",3.16408887553922,"Immune_High"
"TCGA-A8-A099-01A",-1.91684442246215,"Immune_Low"
"TCGA-LL-A5YN-01A",3.67102458550663,"Immune_High"
"TCGA-EW-A1J1-01A",-0.786762873993683,"Immune_Mid"
"TCGA-E2-A1LG-01A",-1.5551680643908,"Immune_Low"
"TCGA-AR-A1AR-01A",2.88229099137937,"Immune_High"
"TCGA-E2-A107-01A",-2.46449225222714,"Immune_Low"
"TCGA-EW-A1P6-01A",-1.92383580763372,"Immune_Low"
"TCGA-C8-A27B-01A",2.5739472917236,"Immune_High"
"TCGA-GM-A2DL-01A",1.39976900622309,"Immune_High"
"TCGA-A7-A56D-01A",0.909355530737678,"Immune_Mid"
"TCGA-AC-A3OD-01A",-0.26331943957949,"Immune_Mid"
"TCGA-AO-A03P-01A",-2.00551094462905,"Immune_Low"
"TCGA-D8-A1JH-01A",1.22730793621104,"Immune_Mid"
"TCGA-A1-A0SD-01A",0.898596846711674,"Immune_Mid"
"TCGA-AO-A1KO-01A",-0.941810941453456,"Immune_Mid"
"TCGA-A2-A0SU-01A",0.233537733579627,"Immune_Mid"
"TCGA-AC-A3EH-01A",-1.16715652764853,"Immune_Mid"
"TCGA-E2-A14O-01A",-2.16303117843161,"Immune_Low"
"TCGA-BH-A0DS-01A",1.45969595859283,"Immune_High"
"TCGA-S3-A6ZF-01A",0.304204588372901,"Immune_Mid"
"TCGA-A8-A09Z-01A",1.16365758743323,"Immune_Mid"
"TCGA-D8-A147-01A",0.879152541237294,"Immune_Mid"
"TCGA-BH-A0HP-01A",0.535890402146685,"Immune_Mid"
"TCGA-OL-A66P-01A",6.46464491528628,"Immune_High"
"TCGA-AQ-A1H3-01A",1.15579215323911,"Immune_Mid"
"TCGA-B6-A0RI-01A",-1.55160495455819,"Immune_Low"
"TCGA-A2-A0YE-01A",-1.29983436035588,"Immune_Low"
"TCGA-BH-A0BC-01A",1.97838348489893,"Immune_High"
"TCGA-B6-A40B-01A",-0.973074769338476,"Immune_Mid"
"TCGA-E2-A150-01A",1.31252635565709,"Immune_High"
"TCGA-A8-A0A6-01A",3.21709423095519,"Immune_High"
"TCGA-AO-A125-01A",-7.93191526844487,"Immune_Low"
"TCGA-B6-A0I2-01A",2.53180840749902,"Immune_High"
"TCGA-AN-A049-01A",0.681858696784792,"Immune_Mid"
"TCGA-E9-A1RA-01A",-0.53311510114025,"Immune_Mid"
"TCGA-A1-A0SF-01A",1.75610259185435,"Immune_High"
"TCGA-A8-A079-01A",-2.64542930244883,"Immune_Low"
"TCGA-S3-AA17-01A",4.00901812983082,"Immune_High"
"TCGA-BH-A0BA-01A",0.885649670060937,"Immune_Mid"
"TCGA-A2-A0D3-01A",-1.28558006649982,"Immune_Low"
"TCGA-C8-A132-01A",3.23456859691741,"Immune_High"
"TCGA-PE-A5DE-01A",4.84208796277026,"Immune_High"
"TCGA-B6-A0X4-01A",-8.09456129242606,"Immune_Low"
"TCGA-LQ-A4E4-01A",-3.68905334883004,"Immune_Low"
"TCGA-A7-A4SD-01A",3.41307700999781,"Immune_High"
"TCGA-A7-A425-01A",0.27763994421859,"Immune_Mid"
"TCGA-AO-A03R-01A",1.35370085850673,"Immune_High"
"TCGA-AR-A24U-01A",3.95522302450694,"Immune_High"
"TCGA-AN-A0FV-01A",-2.71015216001509,"Immune_Low"
"TCGA-AC-A3W6-01A",2.95815008336389,"Immune_High"
"TCGA-BH-A0HK-01A",0.258181942862373,"Immune_Mid"
"TCGA-AR-A2LK-01A",-1.64839748723724,"Immune_Low"
"TCGA-D8-A73X-01A",-1.0583371043388,"Immune_Mid"
"TCGA-BH-A0H5-01A",6.54824209516105,"Immune_High"
"TCGA-A8-A09R-01A",1.42437299984282,"Immune_High"
"TCGA-A7-A13D-01B",-7.9160977330824,"Immune_Low"
"TCGA-A8-A09V-01A",-4.79941212910747,"Immune_Low"
"TCGA-A7-A13D-01A",-3.52455501446659,"Immune_Low"
"TCGA-D8-A1X8-01A",-0.100530746266335,"Immune_Mid"
"TCGA-E2-A14P-01A",0.357041376328773,"Immune_Mid"
"TCGA-AN-A04A-01A",-0.111561266830217,"Immune_Mid"
"TCGA-C8-A27A-01A",-3.92855233974095,"Immune_Low"
"TCGA-A2-A25D-01A",3.39378157077316,"Immune_High"
"TCGA-A8-A085-01A",-5.68072115374787,"Immune_Low"
"TCGA-E9-A1RG-01A",-0.521679884183478,"Immune_Mid"
"TCGA-BH-A0W3-01A",-4.39567005088076,"Immune_Low"
"TCGA-AC-A8OQ-01A",3.05951615691876,"Immune_High"
"TCGA-AC-A23C-01A",0.826557709282372,"Immune_Mid"
"TCGA-D8-A27M-01A",4.72198199166676,"Immune_High"
"TCGA-OL-A66L-01A",2.77770999432003,"Immune_High"
"TCGA-A2-A0YL-01A",1.3386332925042,"Immune_High"
"TCGA-D8-A1JU-01A",2.40306944304522,"Immune_High"
"TCGA-C8-A1HE-01A",-2.43120868746639,"Immune_Low"
"TCGA-EW-A2FR-01A",1.82507472720232,"Immune_High"
"TCGA-PE-A5DD-01A",0.150354952322347,"Immune_Mid"
"TCGA-E9-A1NH-01A",0.203305807976564,"Immune_Mid"
"TCGA-A7-A26I-01B",-3.19040086918548,"Immune_Low"
"TCGA-AO-A0JF-01A",1.82904063763393,"Immune_High"
"TCGA-A2-A04R-01A",-3.02473510442177,"Immune_Low"
"TCGA-E2-A1IL-01A",-1.00263970851848,"Immune_Mid"
"TCGA-A8-A07C-01A",0.333274003131748,"Immune_Mid"
"TCGA-AC-A2FM-01A",-3.27360363806946,"Immune_Low"
"TCGA-A2-A25A-01A",2.31408116411242,"Immune_High"
"TCGA-EW-A1PB-01A",3.74818729037723,"Immune_High"
"TCGA-BH-A0HQ-01A",-1.21737247597618,"Immune_Low"
"TCGA-E2-A1AZ-01A",2.52661696503836,"Immune_High"
"TCGA-EW-A6SA-01A",-6.07498139807971,"Immune_Low"
"TCGA-A8-A090-01A",-0.0330663336934372,"Immune_Mid"
"TCGA-AO-A12B-01A",-4.08417492650309,"Immune_Low"
"TCGA-LL-A73Y-01A",2.7316367209779,"Immune_High"
"TCGA-AR-A1AM-01A",0.298960200402623,"Immune_Mid"
"TCGA-GM-A5PX-01A",0.165175261627414,"Immune_Mid"
"TCGA-D8-A73W-01A",0.501411697584492,"Immune_Mid"
"TCGA-E2-A14W-01A",-5.14293565089789,"Immune_Low"
"TCGA-E2-A15O-01A",-2.75116458691172,"Immune_Low"
"TCGA-S3-A6ZH-01A",-0.89503858072646,"Immune_Mid"
"TCGA-E2-A15F-01A",-1.63351585689396,"Immune_Low"
"TCGA-E2-A158-01A",-4.09708443245882,"Immune_Low"
"TCGA-A7-A0DB-01A",-1.3357199126865,"Immune_Low"
"TCGA-E2-A156-01A",-6.04055931690452,"Immune_Low"
"TCGA-E2-A152-01A",-0.0230556569147762,"Immune_Mid"
"TCGA-AN-A0XN-01A",1.57315725825944,"Immune_High"
"TCGA-E9-A1R0-01A",0.618822402013824,"Immune_Mid"
"TCGA-AN-A0FN-01A",4.42280239208472,"Immune_High"
"TCGA-B6-A0RH-01A",-0.465659458935937,"Immune_Mid"
"TCGA-A2-A1G4-01A",-3.84980073137728,"Immune_Low"
"TCGA-E2-A106-01A",-3.99533874306071,"Immune_Low"
"TCGA-BH-A0C1-01B",1.43175314104423,"Immune_High"
"TCGA-BH-A1FU-01A",2.57066343110194,"Immune_High"
"TCGA-AC-A5EH-01A",0.911020688996353,"Immune_Mid"
"TCGA-AQ-A1H2-01A",-2.79104693949957,"Immune_Low"
"TCGA-A1-A0SE-01A",-0.670675081018643,"Immune_Mid"
"TCGA-AR-A1AT-01A",2.86371490258294,"Immune_High"
"TCGA-D8-A27P-01A",-2.61817715916763,"Immune_Low"
"TCGA-E9-A3Q9-01A",-1.31724427436222,"Immune_Low"
"TCGA-AC-A2QI-01A",1.5474502984208,"Immune_High"
"TCGA-E9-A1NI-01A",-1.52416737876385,"Immune_Low"
"TCGA-E9-A1RF-01A",3.0337699796371,"Immune_High"
"TCGA-AO-A129-01A",2.816628916409,"Immune_High"
"TCGA-B6-A0RQ-01A",-2.70753443936487,"Immune_Low"
"TCGA-A2-A0CX-01A",1.91963220292842,"Immune_High"
"TCGA-AR-A0TZ-01A",-2.9776480514003,"Immune_Low"
"TCGA-A8-A086-01A",-1.651817259576,"Immune_Low"
"TCGA-E9-A3HO-01A",-1.61801634294529,"Immune_Low"
"TCGA-E9-A249-01A",-2.35370517886125,"Immune_Low"
"TCGA-AC-A6IW-01A",3.27302430146022,"Immune_High"
"TCGA-AC-A3TN-01A",-2.03187136228363,"Immune_Low"
"TCGA-EW-A1P0-01A",-2.19706612069524,"Immune_Low"
"TCGA-E2-A10B-01A",-0.484979493612259,"Immune_Mid"
"TCGA-B6-A40C-01A",-0.397818124393401,"Immune_Mid"
"TCGA-A2-A0CP-01A",0.101023595301104,"Immune_Mid"
"TCGA-E2-A2P6-01A",-2.99797030655904,"Immune_Low"
"TCGA-XX-A899-01A",3.46663352505227,"Immune_High"
"TCGA-E9-A1N5-01A",1.05374108349704,"Immune_Mid"
"TCGA-PL-A8LX-01A",-4.32078269136067,"Immune_Low"
"TCGA-A2-A3XZ-01A",3.27753017696323,"Immune_High"
"TCGA-A2-A0EU-01A",-1.43955883589308,"Immune_Low"
"TCGA-E9-A295-01A",-0.0188202496646313,"Immune_Mid"
"TCGA-S3-AA15-01A",4.83575932791648,"Immune_High"
"TCGA-C8-A26W-01A",0.869374142191788,"Immune_Mid"
"TCGA-E9-A245-01A",-5.32647146739937,"Immune_Low"
"TCGA-AO-A0JJ-01A",2.27604884337533,"Immune_High"
"TCGA-BH-A1FR-01A",-2.72409264916198,"Immune_Low"
"TCGA-BH-A0HO-01A",-1.51725313734696,"Immune_Low"
"TCGA-C8-A12O-01A",1.25755761881499,"Immune_Mid"
"TCGA-BH-A18F-01A",1.44151868783266,"Immune_High"
"TCGA-E2-A573-01A",2.75996578736171,"Immune_High"
"TCGA-A2-A4S1-01A",1.36229780408026,"Immune_High"
"TCGA-AR-A0TV-01A",-0.0955797406762364,"Immune_Mid"
"TCGA-EW-A1PF-01A",0.872812241809997,"Immune_Mid"
"TCGA-AN-A04D-01A",-4.1650904764273,"Immune_Low"
"TCGA-BH-A1ET-01A",-0.927329622561864,"Immune_Mid"
"TCGA-BH-A0E2-01A",0.547724569914027,"Immune_Mid"
"TCGA-AO-A12D-01A",3.61710646795903,"Immune_High"
"TCGA-E2-A3DX-01A",4.27377404993535,"Immune_High"
"TCGA-A2-A0EM-01A",-1.53917325241303,"Immune_Low"
"TCGA-A2-A04U-01A",-2.22926478487915,"Immune_Low"
"TCGA-BH-A18J-01A",-1.21737203187692,"Immune_Low"
"TCGA-AO-A126-01A",0.239617419244847,"Immune_Mid"
"TCGA-BH-A18H-01A",3.70411665651752,"Immune_High"
"TCGA-BH-A0HX-01A",-0.266246169411426,"Immune_Mid"
"TCGA-AO-A0JA-01A",0.611354593061355,"Immune_Mid"
"TCGA-BH-A202-01A",1.47345542711178,"Immune_High"
"TCGA-5L-AAT0-01A",1.7136751067595,"Immune_High"
"TCGA-BH-A201-01A",-0.471490191540838,"Immune_Mid"
"TCGA-WT-AB41-01A",3.66563847633091,"Immune_High"
"TCGA-EW-A1J6-01A",-0.761915240456266,"Immune_Mid"
"TCGA-BH-A0RX-01A",6.2651150528677,"Immune_High"
"TCGA-AR-A5QP-01A",0.108193315502247,"Immune_Mid"
"TCGA-AR-A24V-01A",0.564470140717042,"Immune_Mid"
"TCGA-D8-A140-01A",0.0309452951759942,"Immune_Mid"
"TCGA-E9-A1NE-01A",4.71867285068611,"Immune_High"
"TCGA-C8-A12P-01A",1.16723530742695,"Immune_Mid"
"TCGA-Z7-A8R6-01A",-1.62696620460127,"Immune_Low"
"TCGA-AN-A0XV-01A",1.14864769222415,"Immune_Mid"
"TCGA-EW-A1OV-01A",4.8719113553686,"Immune_High"
"TCGA-A2-A1FX-01A",-1.69155872178798,"Immune_Low"
"TCGA-AR-A2LO-01A",2.25278605509951,"Immune_High"
"TCGA-E2-A105-01A",-3.72166077391388,"Immune_Low"
"TCGA-A7-A26I-01A",-3.57349776071407,"Immune_Low"
"TCGA-E9-A5FK-01A",5.26089538287238,"Immune_High"
"TCGA-A8-A07B-01A",-1.07659205061775,"Immune_Mid"
"TCGA-A2-A04T-01A",1.88220115484909,"Immune_High"
"TCGA-EW-A1PE-01A",2.10913166597993,"Immune_High"
"TCGA-D8-A1XW-01A",1.36539166465224,"Immune_High"
"TCGA-AR-A0TP-01A",-4.13133827117966,"Immune_Low"
"TCGA-C8-A26V-01A",-0.398710503518738,"Immune_Mid"
"TCGA-AO-A0J4-01A",2.99336517588649,"Immune_High"
"TCGA-A8-A08X-01A",3.01306925056864,"Immune_High"
"TCGA-AC-A2FE-01A",4.2541525722511,"Immune_High"
"TCGA-A7-A4SC-01A",0.432768966859117,"Immune_Mid"
"TCGA-OL-A66N-01A",0.922390127407754,"Immune_Mid"
"TCGA-A2-A0CM-01A",3.36100080937569,"Immune_High"
"TCGA-D8-A1X5-01A",0.285394374668987,"Immune_Mid"
"TCGA-BH-A0EB-01A",1.25120231123069,"Immune_Mid"
"TCGA-AN-A0AR-01A",-4.30513314847665,"Immune_Low"
"TCGA-B6-A0WW-01A",-0.973904615628732,"Immune_Mid"
"TCGA-E2-A1L8-01A",-0.0512838729675209,"Immune_Mid"
"TCGA-EW-A1P1-01A",4.63055830342994,"Immune_High"
"TCGA-E2-A2P5-01A",-0.212721122697901,"Immune_Mid"
"TCGA-E2-A576-01A",-2.44898894601075,"Immune_Low"
"TCGA-A7-A0DB-01C",-7.03619125714629,"Immune_Low"
"TCGA-AC-A23G-01A",2.74626920200929,"Immune_High"
"TCGA-BH-A0BP-01A",0.372066462839912,"Immune_Mid"
"TCGA-A2-A3XS-01A",0.487015186960768,"Immune_Mid"
"TCGA-EW-A1PD-01A",-1.10640239140615,"Immune_Mid"
"TCGA-AC-A3OD-01B",1.03296207254693,"Immune_Mid"
"TCGA-BH-A0DK-01A",4.08956040733147,"Immune_High"
"TCGA-E9-A1ND-01A",4.13910635855931,"Immune_High"
"TCGA-E2-A109-01A",-0.92195909567844,"Immune_Mid"
"TCGA-AN-A03Y-01A",-0.794192900848971,"Immune_Mid"
"TCGA-A2-A4RX-01A",2.19907189288782,"Immune_High"
"TCGA-A8-A06R-01A",1.61122062812586,"Immune_High"
"TCGA-AR-A0TX-01A",4.04099400926,"Immune_High"
"TCGA-E9-A3QA-01A",4.9527406090023,"Immune_High"
"TCGA-GM-A2DA-01A",3.38136930141223,"Immune_High"
"TCGA-AR-A0TR-01A",-4.42745924808688,"Immune_Low"
"TCGA-OL-A5D6-01A",0.72016799105293,"Immune_Mid"
"TCGA-A2-A0YG-01A",-1.78695267111537,"Immune_Low"
"TCGA-EW-A1IZ-01A",5.1432344583832,"Immune_High"
"TCGA-C8-A3M8-01A",-2.8122027210914,"Immune_Low"
"TCGA-BH-A0AW-01A",5.00394722787857,"Immune_High"
"TCGA-E9-A5FL-01A",0.396531767025737,"Immune_Mid"
"TCGA-BH-A0EE-01A",-1.18592005424779,"Immune_Mid"
"TCGA-A7-A6VY-01A",3.51963937780386,"Immune_High"
"TCGA-A2-A25F-01A",8.21685229803018,"Immune_High"
"TCGA-E2-A15D-01A",-0.72819016930903,"Immune_Mid"
"TCGA-OL-A5D7-01A",2.23295519426166,"Immune_High"
"TCGA-AQ-A04J-01A",3.53563937315681,"Immune_High"
"TCGA-E9-A1N9-01A",-0.0240392201082181,"Immune_Mid"
"TCGA-A8-A0A7-01A",6.16501227511405,"Immune_High"
"TCGA-AO-A1KR-01A",-0.397538990192467,"Immune_Mid"
"TCGA-OL-A5RU-01A",2.03921798047895,"Immune_High"
"TCGA-C8-A12N-01A",-0.693505371594226,"Immune_Mid"
"TCGA-LL-A5YO-01A",5.83963662360539,"Immune_High"
"TCGA-A8-A08A-01A",-1.30497438579372,"Immune_Low"
"TCGA-D8-A4Z1-01A",0.291613359517055,"Immune_Mid"
"TCGA-A2-A1FZ-01A",0.817939573414598,"Immune_Mid"
"TCGA-BH-A1FC-01A",2.34949303807179,"Immune_High"
"TCGA-C8-A12U-01A",-0.513510418599868,"Immune_Mid"
"TCGA-AR-A1AI-01A",2.9308773725903,"Immune_High"
"TCGA-B6-A2IU-01A",-3.5130243451039,"Immune_Low"
"TCGA-AR-A1AQ-01A",3.6945666085511,"Immune_High"
"TCGA-A7-A6VW-01A",-0.150795169189681,"Immune_Mid"
"TCGA-A2-A0SW-01A",2.75147820125923,"Immune_High"
"TCGA-A8-A094-01A",3.35914318144891,"Immune_High"
"TCGA-A2-A4S3-01A",0.646205499577058,"Immune_Mid"
"TCGA-AR-A2LQ-01A",1.9465189159431,"Immune_High"
"TCGA-C8-A12Z-01A",-2.35332925218568,"Immune_Low"
"TCGA-C8-A133-01A",-6.02284448450462,"Immune_Low"
"TCGA-E9-A22B-01A",0.44531932342577,"Immune_Mid"
"TCGA-E9-A228-01A",-4.33506088135458,"Immune_Low"
"TCGA-E9-A247-01A",-3.05876275217577,"Immune_Low"
"TCGA-D8-A1JJ-01A",0.0468864093457295,"Immune_Mid"
"TCGA-D8-A1XB-01A",-1.18783658067065,"Immune_Mid"
"TCGA-LL-A9Q3-01A",0.357614015640469,"Immune_Mid"
"TCGA-B6-A0X5-01A",-4.43745351420331,"Immune_Low"
"TCGA-BH-A1FD-01A",-1.23019647185481,"Immune_Low"
"TCGA-A8-A09T-01A",-2.13468582769274,"Immune_Low"
"TCGA-OL-A66K-01A",-1.88595811271951,"Immune_Low"
"TCGA-AC-A2FF-01A",2.74449760505911,"Immune_High"
"TCGA-E2-A15L-01A",-1.78753127145053,"Immune_Low"
"TCGA-E9-A6HE-01A",0.618712061483654,"Immune_Mid"
"TCGA-GM-A2DF-01A",2.57309701368349,"Immune_High"
"TCGA-BH-A0BW-01A",3.63662743234763,"Immune_High"
"TCGA-A2-A25B-01A",0.315902981677087,"Immune_Mid"
"TCGA-B6-A0IA-01A",-4.45556045217632,"Immune_Low"
"TCGA-A7-A6VV-01A",1.96533600404442,"Immune_High"
"TCGA-AN-A0FF-01A",-0.0923759111081831,"Immune_Mid"
"TCGA-A2-A3XW-01A",0.97308953047535,"Immune_Mid"
"TCGA-A2-A3XT-01A",1.53119831423741,"Immune_High"
"TCGA-A2-A0ET-01A",-3.18745004844613,"Immune_Low"
"TCGA-E9-A5UP-01A",-3.70789539045094,"Immune_Low"
"TCGA-D8-A27G-01A",1.36268541270832,"Immune_High"
"TCGA-A2-A1G0-01A",0.187170962027538,"Immune_Mid"
"TCGA-D8-A1Y3-01A",-0.182854250652748,"Immune_Mid"
"TCGA-BH-A5J0-01A",3.34377314962605,"Immune_High"
"TCGA-E2-A1B1-01A",3.33971154205444,"Immune_High"
"TCGA-C8-A1HN-01A",-1.99554318219551,"Immune_Low"
"TCGA-BH-A0HL-01A",-6.94283787611301,"Immune_Low"
"TCGA-B6-A0RT-01A",6.61522468473471,"Immune_High"
"TCGA-C8-A12M-01A",-2.09439164376016,"Immune_Low"
"TCGA-AO-A0J8-01A",0.389579916598688,"Immune_Mid"
"TCGA-A8-A08J-01A",-0.363890701408374,"Immune_Mid"
"TCGA-A7-A6VX-01A",-1.22471720758388,"Immune_Low"
"TCGA-BH-A0HN-01A",-5.97393829358122,"Immune_Low"
"TCGA-A2-A1FW-01A",-1.79596376850053,"Immune_Low"
"TCGA-D8-A27K-01A",0.241475560187662,"Immune_Mid"
"TCGA-BH-A0BF-01A",4.60348098507483,"Immune_High"
"TCGA-LD-A9QF-01A",6.38137301865592,"Immune_High"
"TCGA-BH-A0H0-01A",-3.25883160069487,"Immune_Low"
"TCGA-BH-A209-01A",3.37033524471672,"Immune_High"
"TCGA-E2-A14S-01A",-2.49464381366694,"Immune_Low"
"TCGA-BH-A0DP-01A",1.19019041783532,"Immune_Mid"
"TCGA-W8-A86G-01A",-3.01338056500481,"Immune_Low"
"TCGA-A8-A09C-01A",-3.23130746611926,"Immune_Low"
"TCGA-E2-A574-01A",-4.54636382336222,"Immune_Low"
"TCGA-A8-A084-01A",-1.92062092058882,"Immune_Low"
"TCGA-GM-A2DK-01A",1.88952013970663,"Immune_High"
"TCGA-A8-A09E-01A",-3.0398395531264,"Immune_Low"
"TCGA-AO-A0J9-01A",3.23422301829933,"Immune_High"
"TCGA-AO-A03M-01B",2.49004041570339,"Immune_High"
"TCGA-AO-A12H-01A",-4.76513483224507,"Immune_Low"
"TCGA-BH-A1F6-01A",2.29463825039907,"Immune_High"
"TCGA-B6-A0WY-01A",0.864570509610923,"Immune_Mid"
"TCGA-A8-A06N-01A",-6.77949034901269,"Immune_Low"
"TCGA-BH-A0BL-01A",4.64334100775919,"Immune_High"
"TCGA-A2-A0EY-01A",-0.575798240167428,"Immune_Mid"
"TCGA-A2-A0T2-01A",0.276893221793855,"Immune_Mid"
"TCGA-D8-A27I-01A",2.42575252288781,"Immune_High"
"TCGA-EW-A6S9-01A",-0.910473200725279,"Immune_Mid"
"TCGA-D8-A1X6-01A",-2.57285901003033,"Immune_Low"
"TCGA-XX-A89A-01A",3.71024048934064,"Immune_High"
"TCGA-EW-A1IX-01A",0.194277192088126,"Immune_Mid"
"TCGA-E9-A5UO-01A",-7.26894892001279,"Immune_Low"
"TCGA-E9-A1NC-01A",4.5793581140168,"Immune_High"
"TCGA-AR-A24H-01A",-1.61414539076661,"Immune_Low"
"TCGA-E9-A1N6-01A",-0.172664285876008,"Immune_Mid"
"TCGA-E2-A1L6-01A",-1.23617189407729,"Immune_Low"
"TCGA-E2-A1LB-01A",-1.97317812420484,"Immune_Low"
"TCGA-E9-A54Y-01A",-5.19492530392221,"Immune_Low"
"TCGA-BH-A1ES-01A",-3.121361620478,"Immune_Low"
"TCGA-E9-A1R5-01A",-1.71865128277167,"Immune_Low"
"TCGA-E2-A15S-01A",-5.36339977453213,"Immune_Low"
"TCGA-EW-A3E8-01B",2.85691719267582,"Immune_High"
"TCGA-A8-A07J-01A",1.82859238490502,"Immune_High"
"TCGA-E2-A1B5-01A",4.67625603056064,"Immune_High"
"TCGA-C8-A26X-01A",5.08561592032172,"Immune_High"
"TCGA-AC-A6IX-01A",0.825376474264912,"Immune_Mid"
"TCGA-AO-A12C-01A",-1.95610651663032,"Immune_Low"
"TCGA-E2-A1IF-01A",0.713635285835903,"Immune_Mid"
"TCGA-B6-A0RG-01A",-2.28688747862404,"Immune_Low"
"TCGA-E2-A14N-01A",-0.107964499666886,"Immune_Mid"
"TCGA-A7-A3RF-01A",-4.51645077396492,"Immune_Low"
"TCGA-AR-A5QM-01A",0.882794125783542,"Immune_Mid"
"TCGA-E2-A10C-01A",0.249327066855822,"Immune_Mid"
"TCGA-AC-A3TM-01A",-0.578981653249812,"Immune_Mid"
"TCGA-AN-A04C-01A",-0.782887702736864,"Immune_Mid"
"TCGA-BH-A1F2-01A",-0.212150369987911,"Immune_Mid"
"TCGA-C8-A12W-01A",-0.136552892234628,"Immune_Mid"
"TCGA-BH-A18N-01A",-4.28039393075796,"Immune_Low"
"TCGA-C8-A12K-01A",4.68200111354295,"Immune_High"
"TCGA-E9-A1N4-01A",1.50433593567163,"Immune_High"
"TCGA-A7-A13G-01A",-7.8632187388891,"Immune_Low"
"TCGA-A7-A13G-01B",-5.47205920744073,"Immune_Low"
"TCGA-D8-A1XO-01A",-0.417376069092502,"Immune_Mid"
"TCGA-BH-A0E6-01A",0.863094469594689,"Immune_Mid"
"TCGA-E2-A1II-01A",4.28586822000148,"Immune_High"
"TCGA-HN-A2NL-01A",-1.03930809121976,"Immune_Mid"
"TCGA-A8-A07W-01A",-0.278594339751722,"Immune_Mid"
"TCGA-D8-A1JC-01A",0.764444874214685,"Immune_Mid"
"TCGA-AO-A0JC-01A",7.21272521471599,"Immune_High"
"TCGA-EW-A1P7-01A",5.97368904115026,"Immune_High"
"TCGA-AC-A3BB-01A",4.08121617452002,"Immune_High"
"TCGA-BH-A0DX-01A",2.05756997200084,"Immune_High"
"TCGA-C8-A1HF-01A",3.24224262636002,"Immune_High"
"TCGA-A8-A07Z-01A",-1.15137405312704,"Immune_Mid"
"TCGA-B6-A0I6-01A",-1.24336439308639,"Immune_Low"
"TCGA-A2-A3XU-01A",-5.42266073348534,"Immune_Low"
"TCGA-E9-A54X-01A",-8.68803550106775,"Immune_Low"
"TCGA-AN-A0XT-01A",-2.15941846714672,"Immune_Low"
"TCGA-C8-A1HJ-01A",-0.15822775941606,"Immune_Mid"
"TCGA-D8-A1JM-01A",-1.16120240278884,"Immune_Mid"
"TCGA-C8-A1HL-01A",-1.05553734672537,"Immune_Mid"
"TCGA-JL-A3YW-01A",4.63196772143797,"Immune_High"
"TCGA-B6-A0I8-01A",-2.79807307704955,"Immune_Low"
"TCGA-BH-A1EY-01A",2.0363432387867,"Immune_High"
"TCGA-AR-A5QN-01A",0.850193142793007,"Immune_Mid"
"TCGA-AN-A0AT-01A",0.14386636097161,"Immune_Mid"
"TCGA-A2-A0T3-01A",-2.21494907043279,"Immune_Low"
"TCGA-A2-A0T6-01A",2.90570717255794,"Immune_High"
"TCGA-GM-A3XN-01A",1.94013167372661,"Immune_High"
"TCGA-AC-A62Y-01A",-0.114638334986223,"Immune_Mid"
"TCGA-E2-A15E-01A",-1.80739217174474,"Immune_Low"
"TCGA-A1-A0SQ-01A",-2.73691657525888,"Immune_Low"
"TCGA-A8-A0A4-01A",-1.31824598347098,"Immune_Low"
"TCGA-AC-A7VC-01A",-0.980602269078992,"Immune_Mid"
"TCGA-A2-A0YD-01A",1.94722574309998,"Immune_High"
"TCGA-EW-A1P3-01A",-1.32722454525147,"Immune_Low"
"TCGA-D8-A1XG-01A",-4.04817054896518,"Immune_Low"
"TCGA-BH-A0H7-01A",0.0122381661313356,"Immune_Mid"
"TCGA-A8-A06Z-01A",-5.28109151190514,"Immune_Low"
"TCGA-E9-A1RE-01A",-3.10376830376175,"Immune_Low"
"TCGA-BH-A0B7-01A",3.56048815574012,"Immune_High"
"TCGA-B6-A0RN-01A",-1.88089516961372,"Immune_Low"
"TCGA-E2-A14U-01A",-2.70447561025893,"Immune_Low"
"TCGA-A8-A076-01A",-0.622585799307002,"Immune_Mid"
"TCGA-BH-A0EA-01A",0.730443581774672,"Immune_Mid"
"TCGA-BH-A8FZ-01A",3.84172085462398,"Immune_High"
"TCGA-BH-A0BG-01A",3.54245555225354,"Immune_High"
"TCGA-B6-A409-01A",-0.318200138367955,"Immune_Mid"
"TCGA-E9-A248-01A",3.65072080429489,"Immune_High"
"TCGA-BH-A0AZ-01A",1.41599719625707,"Immune_High"
"TCGA-BH-A1FH-01A",0.911835622638316,"Immune_Mid"
"TCGA-AN-A0FX-01A",-0.667667256313068,"Immune_Mid"
"TCGA-B6-A0X1-01A",0.217240190476174,"Immune_Mid"
"TCGA-BH-A0B3-01A",2.64590472862895,"Immune_High"
"TCGA-BH-A0HF-01A",1.65437900778345,"Immune_High"
"TCGA-AN-A0XO-01A",-2.27892503713511,"Immune_Low"
"TCGA-A2-A0CZ-01A",2.97185500616228,"Immune_High"
"TCGA-A2-A04N-01A",-0.699896844698544,"Immune_Mid"
"TCGA-A2-A0SX-01A",4.14531424207888,"Immune_High"
"TCGA-B6-A0I5-01A",-0.55745428328342,"Immune_Mid"
"TCGA-GI-A2C9-01A",0.776653826261129,"Immune_Mid"
"TCGA-AR-A250-01A",1.43760193946823,"Immune_High"
"TCGA-EW-A1P5-01A",-0.34016632993877,"Immune_Mid"
"TCGA-E2-A15P-01A",-1.75830284993776,"Immune_Low"
"TCGA-EW-A1OY-01A",-1.78112498054586,"Immune_Low"
"TCGA-B6-A0RL-01A",-8.89742932779464,"Immune_Low"
"TCGA-C8-A130-01A",-0.710698589128099,"Immune_Mid"
"TCGA-BH-A18P-01A",0.954589155726075,"Immune_Mid"
"TCGA-AC-A8OS-01A",1.24399026386869,"Immune_Mid"
"TCGA-D8-A1J9-01A",-0.576461226763642,"Immune_Mid"
"TCGA-AR-A256-01A",-1.37975335611642,"Immune_Low"
"TCGA-A7-A426-01A",0.357840567869533,"Immune_Mid"
"TCGA-BH-A1FG-01A",-2.47254061379402,"Immune_Low"
"TCGA-BH-A0BJ-01A",0.55182553120039,"Immune_Mid"
"TCGA-A7-A3J0-01A",-2.4133839020928,"Immune_Low"
"TCGA-E2-A15C-01A",-0.495593526113046,"Immune_Mid"
"TCGA-E2-A14Z-01A",3.20830273898601,"Immune_High"
"TCGA-EW-A3U0-01A",6.60176342614382,"Immune_High"
"TCGA-E2-A10E-01A",-0.207005894119082,"Immune_Mid"
"TCGA-AR-A0TY-01A",-2.84495474642075,"Immune_Low"
"TCGA-E2-A1B4-01A",-3.4729792186787,"Immune_Low"
"TCGA-A7-A4SE-01A",1.29824331499407,"Immune_High"
"TCGA-GM-A2DC-01A",-2.63355437697203,"Immune_Low"
"TCGA-C8-A1HG-01A",1.67714603697064,"Immune_High"
"TCGA-E9-A226-01A",-0.867471235859015,"Immune_Mid"
"TCGA-D8-A1JN-01A",-3.80747869879705,"Immune_Low"
"TCGA-BH-A0BO-01A",1.753065882644,"Immune_High"
"TCGA-E9-A1R7-01A",-3.27397875186543,"Immune_Low"
"TCGA-BH-A0HW-01A",-6.59459282814968,"Immune_Low"
"TCGA-D8-A1JB-01A",3.01613379663219,"Immune_High"
"TCGA-E2-A15G-01A",-4.24709714155382,"Immune_Low"
"TCGA-D8-A3Z6-01A",-1.76235435261474,"Immune_Low"
"TCGA-A2-A4S0-01A",-5.85353187874018,"Immune_Low"
"TCGA-A2-A25E-01A",-1.34354027620295,"Immune_Low"
"TCGA-E2-A10A-01A",-2.07245616445208,"Immune_Low"
"TCGA-BH-A0E9-01B",0.0576851005135027,"Immune_Mid"
"TCGA-OL-A66H-01A",0.150132081605369,"Immune_Mid"
"TCGA-AQ-A04L-01B",-1.69340494889223,"Immune_Low"
"TCGA-BH-A0WA-01A",0.896002989876321,"Immune_Mid"
"TCGA-A2-A25C-01A",-0.372467582146018,"Immune_Mid"
"TCGA-BH-A1EX-01A",0.440240053030706,"Immune_Mid"
"TCGA-BH-A0DE-01A",1.40976047313825,"Immune_High"
"TCGA-BH-A0C3-01A",2.61609528594443,"Immune_High"
"TCGA-A2-A0T7-01A",0.758123921917596,"Immune_Mid"
"TCGA-C8-A12L-01A",-0.520786912600406,"Immune_Mid"
"TCGA-AN-A0AS-01A",0.388380841481833,"Immune_Mid"
"TCGA-BH-A0GY-01A",0.705259083355781,"Immune_Mid"
"TCGA-OL-A5S0-01A",2.98938699979032,"Immune_High"
"TCGA-BH-A42V-01A",1.34919852170231,"Immune_High"
"TCGA-UU-A93S-01A",-2.15513797632257,"Immune_Low"
"TCGA-BH-A6R9-01A",5.01310123251298,"Immune_High"
"TCGA-BH-A1EO-01A",1.80771642588215,"Immune_High"
"TCGA-B6-A0RP-01A",0.331492595729955,"Immune_Mid"
"TCGA-BH-A0B9-01A",1.74583861555574,"Immune_High"
"TCGA-D8-A13Z-01A",2.48975550059702,"Immune_High"
"TCGA-WT-AB44-01A",0.0330927659323949,"Immune_Mid"
"TCGA-E9-A1RC-01A",-4.69508524923941,"Immune_Low"
"TCGA-AR-A0TQ-01A",2.13372686095163,"Immune_High"
"TCGA-B6-A0I1-01A",-4.96553875392689,"Immune_Low"
"TCGA-A8-A08O-01A",-1.8187537552042,"Immune_Low"
"TCGA-EW-A1IW-01A",0.840208596970136,"Immune_Mid"
"TCGA-A8-A07P-01A",-1.0781786486593,"Immune_Mid"
"TCGA-D8-A1XF-01A",-4.25523656774739,"Immune_Low"
"TCGA-AR-A251-01A",0.223221953951479,"Immune_Mid"
"TCGA-AC-A8OR-01A",-4.96839960160892,"Immune_Low"
"TCGA-E2-A56Z-01A",-2.54182550608808,"Immune_Low"
"TCGA-AN-A0XL-01A",0.0134317798359951,"Immune_Mid"
"TCGA-BH-A0DZ-01A",2.27004706715774,"Immune_High"
"TCGA-D8-A145-01A",0.0882157557990052,"Immune_Mid"
"TCGA-E9-A1R6-01A",-2.6973154603369,"Immune_Low"
"TCGA-AO-A12F-01A",-1.04671284018464,"Immune_Mid"
"TCGA-D8-A1X7-01A",-2.66758732918214,"Immune_Low"
"TCGA-D8-A1XJ-01A",-1.7042654928041,"Immune_Low"
"TCGA-A2-A0YK-01A",4.50250577444778,"Immune_High"
"TCGA-E2-A14T-01A",-2.52866593562828,"Immune_Low"
"TCGA-E2-A1B6-01A",4.36758579209215,"Immune_High"
"TCGA-EW-A1OZ-01A",0.34326235125055,"Immune_Mid"
"TCGA-PL-A8LZ-01A",4.39891743013513,"Immune_High"
"TCGA-MS-A51U-01A",1.09917535104526,"Immune_Mid"
"TCGA-LL-A8F5-01A",1.65093218553921,"Immune_High"
"TCGA-LL-A50Y-01A",-0.89004786405555,"Immune_Mid"
"TCGA-AR-A1AP-01A",0.726998336464535,"Immune_Mid"
"TCGA-AR-A1AK-01A",2.29060966419492,"Immune_High"
"TCGA-AN-A0XS-01A",1.90974429097593,"Immune_High"
"TCGA-D8-A73U-01A",4.86153893908921,"Immune_High"
"TCGA-AC-A5XU-01A",-1.92471817321925,"Immune_Low"
"TCGA-AN-A0G0-01A",0.114079223653965,"Immune_Mid"
"TCGA-B6-A0IG-01A",-0.715792537438534,"Immune_Mid"
"TCGA-AR-A1AU-01A",-0.125351274946805,"Immune_Mid"
"TCGA-LD-A74U-01A",1.12448076503964,"Immune_Mid"
"TCGA-A2-A0T5-01A",-1.54984354783815,"Immune_Low"
"TCGA-EW-A1OX-01A",-8.21638966801452,"Immune_Low"
"TCGA-LD-A66U-01A",1.82807191674219,"Immune_High"
"TCGA-AR-A1AY-01A",-1.68538224099047,"Immune_Low"
"TCGA-BH-A0E1-01A",-2.31737109028299,"Immune_Low"
"TCGA-A8-A08R-01A",3.19773259770068,"Immune_High"
"TCGA-BH-A0C0-01A",4.02805951537945,"Immune_High"
"TCGA-E2-A1L7-01A",2.28574407316544,"Immune_High"
"TCGA-AR-A0U0-01A",2.96079745357275,"Immune_High"
"TCGA-AN-A0XW-01A",4.06834961209942,"Immune_High"
"TCGA-A7-A4SB-01A",-3.23575169094097,"Immune_Low"
"TCGA-E9-A1R4-01A",1.7530318160012,"Immune_High"
"TCGA-OL-A5RY-01A",5.92211911590258,"Immune_High"
"TCGA-OL-A6VQ-01A",1.84224832189814,"Immune_High"
"TCGA-A7-A0DC-01B",-7.53206077097922,"Immune_Low"
"TCGA-A7-A0DC-01A",-10.7794143095526,"Immune_Low"
"TCGA-A8-A08F-01A",1.8087428206725,"Immune_High"
"TCGA-LL-A6FP-01A",-7.06451551512489,"Immune_Low"
"TCGA-GI-A2C8-01A",0.57251775210679,"Immune_Mid"
"TCGA-A8-A06T-01A",-0.526606855931578,"Immune_Mid"
"TCGA-A8-A06U-01A",0.591292937102178,"Immune_Mid"
"TCGA-AO-A0JI-01A",-2.84876623339608,"Immune_Low"
"TCGA-A7-A0CD-01A",-2.98603873092627,"Immune_Low"
"TCGA-C8-A1HI-01A",-1.28599785195988,"Immune_Low"
"TCGA-A8-A07E-01A",1.69340707860774,"Immune_High"
"TCGA-A8-A09K-01A",-1.51076369964032,"Immune_Low"
"TCGA-D8-A1XU-01A",-1.1628860637568,"Immune_Mid"
"TCGA-A8-A07I-01A",1.36726125132767,"Immune_High"
"TCGA-PL-A8LV-01A",0.945362520823563,"Immune_Mid"
"TCGA-BH-A28O-01A",1.03202711075846,"Immune_Mid"
"TCGA-D8-A1XV-01A",-6.02498604496301,"Immune_Low"
"TCGA-D8-A1XR-01A",-3.36308575554739,"Immune_Low"
"TCGA-D8-A27R-01A",0.352336511540469,"Immune_Mid"
"TCGA-BH-A18L-01A",-3.55698600161527,"Immune_Low"
"TCGA-E9-A1R2-01A",-0.142486405272676,"Immune_Mid"
"TCGA-C8-A134-01A",1.55483224221043,"Immune_High"
"TCGA-BH-A0HA-01A",2.12944782570029,"Immune_High"
"TCGA-AR-A24T-01A",-0.0633577207754771,"Immune_Mid"
"TCGA-E2-A1IG-01A",-0.872824469556157,"Immune_Mid"
"TCGA-E9-A1NA-01A",-0.333426609880846,"Immune_Mid"
"TCGA-D8-A1JP-01A",0.684405389407903,"Immune_Mid"
"TCGA-AR-A252-01A",5.08513533386675,"Immune_High"
"TCGA-D8-A1XL-01A",2.11210390141801,"Immune_High"
"TCGA-BH-A0EI-01A",-2.302746701367,"Immune_Low"
"TCGA-E2-A1IO-01A",2.05838068523421,"Immune_High"
"TCGA-E2-A15R-01A",-5.61704330070371,"Immune_Low"
"TCGA-B6-A0IP-01A",-0.773001289188412,"Immune_Mid"
"TCGA-A1-A0SN-01A",1.41337653019199,"Immune_High"
