"sample","ImmuneScore","StromalScore","ESTIMATEScore","TumorPurity"
"TCGA-D8-A146-01A",98.3145184527618,1091.88275267097,1190.19727112373,0.711128458702079
"TCGA-AQ-A0Y5-01A",-102.507644318023,1078.08826879808,975.580624480055,0.732920673359477
"TCGA-C8-A274-01A",-365.354838019729,-398.858106269364,-764.212944289094,0.881007104303258
"TCGA-BH-A0BD-01A",539.243619105144,743.762597263066,1283.00621636821,0.701484756093259
"TCGA-B6-A1KC-01B",-679.819200972311,-295.829309367798,-975.648510340109,0.895263827878465
"TCGA-AC-A62V-01A",-248.346800144075,224.377811454167,-23.9689886899071,0.824505359787128
"TCGA-AO-A0J5-01A",-145.186711413551,1282.94102455796,1137.75431314441,0.716519519420241
"TCGA-BH-A0B1-01A",-318.655184409971,628.67018602256,310.015001612589,0.795784855694639
"TCGA-A2-A0YM-01A",596.517988982138,187.755299449871,784.273288432009,0.751733572809926
"TCGA-AO-A03N-01B",-440.854255422471,411.384931130705,-29.4693242917667,0.824961953411133
"TCGA-AO-A1KQ-01A",433.533312696573,264.276134291997,697.80944698857,0.760042683846534
"TCGA-E2-A1LI-01A",435.273605853296,-421.721922641377,13.5516832119191,0.821376372507093
"TCGA-B6-A0WV-01A",-1238.05206660246,-630.146733219033,-1868.19879982149,0.945796678029638
"TCGA-E2-A1LE-01A",881.982045678201,1204.67717986877,2086.65922554697,0.612731069889569
"TCGA-A2-A0CO-01A",1261.00749119935,1100.86109365375,2361.8685848531,0.580314010881192
"TCGA-AN-A0AK-01A",-251.533803808853,-386.62255207828,-638.156355887133,0.872102655811796
"TCGA-BH-A28Q-01A",-258.626453378273,435.061771361865,176.435317983592,0.807505291656298
"TCGA-3C-AALJ-01A",515.507136308166,480.793516606147,996.300652914312,0.730848138590989
"TCGA-BH-A0BM-01A",-360.446948689776,707.7058556561,347.258906966324,0.79246229344846
"TCGA-AO-A03O-01A",323.053189272494,-159.452032673369,163.601156599125,0.808615099455889
"TCGA-AC-A4ZE-01A",-496.167332794004,-74.3990419068199,-570.566374700824,0.867205032109202
"TCGA-E9-A22A-01A",987.972044371601,1646.45381251748,2634.42585688908,0.547275893954673
"TCGA-AR-A0TW-01A",662.48675245759,171.101734927814,833.588487385404,0.746940103924947
"TCGA-BH-A1FE-01A",850.589702121012,1108.0147877307,1958.60448985172,0.627477021012256
"TCGA-A2-A3XX-01A",190.550474031141,65.3460850056949,255.896559036836,0.800570394271369
"TCGA-A8-A095-01A",-274.253934209561,278.63528441459,4.38135020502921,0.822143424646038
"TCGA-AN-A0FL-01A",-659.830176865202,-585.321251408358,-1245.15142827356,0.91218416087851
"TCGA-D8-A1Y2-01A",1679.79420217637,1707.36931930156,3387.16352147793,0.451649076434454
"TCGA-C8-A138-01A",1074.99941970456,1073.28309951157,2148.28251921613,0.605557451344788
"TCGA-AR-A255-01A",382.241311567535,1123.42352221659,1505.66483378413,0.677821098123318
"TCGA-GM-A5PV-01A",-60.3222292104619,-603.465701024587,-663.787930235049,0.873937516228724
"TCGA-E2-A108-01A",2096.49022636123,1903.38261438709,3999.87284074832,0.36968891137912
"TCGA-AC-A2BM-01A",200.685330848261,96.6770162882648,297.362347136525,0.796908202786987
"TCGA-E2-A1IN-01A",-358.231630126759,1070.95318941692,712.721559290159,0.758618340485389
"TCGA-A8-A08I-01A",1588.0797052522,56.4863196263624,1644.56602487856,0.662690649275436
"TCGA-AC-A3W7-01A",-319.379932235034,548.91251496543,229.532582730397,0.802883403132164
"TCGA-E9-A1QZ-01A",1142.49200724484,759.460852351325,1901.95285959617,0.633930225971468
"TCGA-EW-A1PH-01A",-327.465589379507,-322.256872553609,-649.722461933116,0.872932156465825
"TCGA-BH-A0W7-01A",1087.31046030898,1155.41473310622,2242.7251934152,0.594467347725324
"TCGA-AR-A24K-01A",-890.813048542299,-106.367521787029,-997.180570329328,0.896667541366561
"TCGA-BH-A0H9-01A",-540.05148078632,-87.131480878124,-627.182961664444,0.871313339522686
"TCGA-A8-A09B-01A",-360.125033932283,427.717495453334,67.5924615210505,0.816825951890964
"TCGA-A2-A0YT-01A",-325.759677132766,-137.318616334834,-463.0782934676,0.859240740668183
"TCGA-BH-A0B5-01A",211.697095456708,634.213992907765,845.911088364473,0.745736217324649
"TCGA-C8-A131-01A",175.217029072174,536.074570214266,711.29159928644,0.758755082030601
"TCGA-A8-A093-01A",-687.268032903295,643.100633759604,-44.1673991436911,0.826179430011802
"TCGA-A1-A0SK-01A",-1609.95479738139,-1278.96168113301,-2888.9164785144,0.983677170366284
"TCGA-3C-AALK-01A",-13.255514617145,884.802285012756,871.546770395611,0.743223863410064
"TCGA-AC-A6IV-01A",1218.03592607908,1738.71954698964,2956.75547306872,0.507078437539509
"TCGA-BH-A0GZ-01A",-405.227707985848,653.522963744591,248.295255758743,0.801238516253332
"TCGA-A2-A0CV-01A",367.255119931909,836.543527952312,1203.79864788422,0.709723361729029
"TCGA-C8-A12Q-01A",307.149130782577,701.251513674874,1008.40064445745,0.729634700743709
"TCGA-AR-A1AL-01A",52.7796574786312,926.238760796279,979.01841827491,0.732577274336437
"TCGA-AN-A0XP-01A",-357.86728759428,471.627122993627,113.759835399347,0.812897776408033
"TCGA-AN-A046-01A",887.156738682691,850.499627631993,1737.65636631468,0.6523957861689
"TCGA-A7-A4SF-01A",-172.550178180875,-136.80596284316,-309.356141024035,0.847479563034184
"TCGA-LL-A740-01A",145.078567561733,1009.71306796708,1154.79163552881,0.714772748171094
"TCGA-EW-A1J5-01A",985.140786703984,497.053362926033,1482.19414963002,0.68035009179986
"TCGA-BH-A18G-01A",-9.5225219602253,136.440350236172,126.917828275946,0.811771377443789
"TCGA-A8-A07R-01A",-599.35926572023,-591.798993000452,-1191.15825872068,0.908907801333645
"TCGA-EW-A6SB-01A",1752.55897515925,-480.48925217365,1272.0697229856,0.702627959941667
"TCGA-A2-A04Q-01A",2234.75689458131,928.179022567257,3162.93591714857,0.480764891994238
"TCGA-B6-A0IC-01A",-783.038869412786,-1416.644730961,-2199.68360037379,0.960473205024609
"TCGA-C8-A12X-01A",-167.049961645546,64.6484701286944,-102.401491516852,0.830965241238584
"TCGA-Z7-A8R5-01A",912.381980781298,559.069972955896,1471.45195373719,0.681504883963795
"TCGA-OL-A97C-01A",93.9510398754173,462.724914242456,556.675954117873,0.773341893479292
"TCGA-A2-A0EV-01A",482.89435159943,953.754192304747,1436.64854390418,0.685234617276776
"TCGA-AR-A0U4-01A",1648.98757159581,676.569037665637,2325.55660926144,0.5846466044176
"TCGA-A8-A06X-01A",41.086489952286,275.600670002807,316.687159955093,0.795191372373922
"TCGA-PL-A8LY-01A",-394.082777954755,-566.976153021082,-961.058930975837,0.894307623321742
"TCGA-A2-A4S2-01A",723.137186989359,631.402705594438,1354.5398925838,0.693962811797597
"TCGA-A2-A04Y-01A",661.93840372686,310.227398532222,972.165802259081,0.733261592995411
"TCGA-D8-A1JA-01A",-104.151308290044,707.772756038126,603.621447748082,0.768954712628923
"TCGA-D8-A27E-01A",-159.276493723024,-62.7084232715238,-221.984916994548,0.840602139719354
"TCGA-A8-A06O-01A",-59.3668699376995,451.109501375702,391.742631438002,0.788462830393695
"TCGA-A1-A0SO-01A",-953.491357901569,-1064.99726416647,-2018.48862206804,0.952730408731824
"TCGA-A7-A26J-01A",-107.873501825693,728.554705355168,620.681203529476,0.767351376539799
"TCGA-GM-A2D9-01A",73.1422237103469,461.020063814553,534.1622875249,0.775432839431222
"TCGA-LL-A5YP-01A",400.165576929863,1152.81072859745,1552.97630552732,0.672698808207331
"TCGA-A7-A26J-01B",434.112447362479,1075.82617615927,1509.93862352175,0.677359725516616
"TCGA-A7-A26E-01B",73.8678621206234,1119.83993936836,1193.70780148899,0.710766072791577
"TCGA-E2-A1IU-01A",-170.035711530602,-202.038564036796,-372.074275567398,0.852330538999866
"TCGA-A7-A26E-01A",-162.420221230309,956.045937578282,793.625716347973,0.750827530090371
"TCGA-AC-A2FB-01A",1757.23720169344,834.792990007776,2592.03019170121,0.552473777417313
"TCGA-A2-A04W-01A",-179.231823390362,640.90147175784,461.669648367478,0.782107907690509
"TCGA-A2-A0T1-01A",1540.3134249468,1380.87907714981,2921.19250209661,0.511570825132488
"TCGA-B6-A0IQ-01A",-200.485652045801,-635.021352373066,-835.507004418867,0.885909860765793
"TCGA-E9-A1N3-01A",-931.631275040984,-505.372582112764,-1437.00385715375,0.923361061052536
"TCGA-BH-A5IZ-01A",-156.942682322731,-392.412397682405,-549.355080005136,0.865650424104142
"TCGA-AC-A2B8-01A",601.474223608888,1245.52504587447,1846.99926948336,0.640148124486565
"TCGA-BH-A204-01A",-773.391115719147,273.309810198859,-500.081305520288,0.86200671030694
"TCGA-AO-A03U-01B",1458.93265620161,1086.44529212818,2545.3779483298,0.558168800816281
"TCGA-LL-A7SZ-01A",1498.28051912436,486.117604169359,1984.39812329372,0.624524457552581
"TCGA-A8-A09Q-01A",870.913826023,868.047380816659,1738.96120683966,0.652250613611628
"TCGA-BH-AB28-01A",386.444111256959,473.986264070084,860.430375327043,0.744314589322654
"TCGA-D8-A1XZ-01A",199.077091932808,655.431290402892,854.5083823357,0.744894838482598
"TCGA-E2-A1LL-01A",-570.339993434645,-454.540756621489,-1024.88075005613,0.898460189677144
"TCGA-AO-A12E-01A",217.623060126019,524.057645446042,741.680705572061,0.755841905137896
"TCGA-S3-AA12-01A",-698.748143378212,-396.030852717141,-1094.77899609535,0.902917634105082
"TCGA-A2-A3XY-01A",931.633534756797,1085.96749170645,2017.60102646325,0.620710590982361
"TCGA-E2-A15J-01A",-518.354158038292,-281.264705608609,-799.618863646901,0.883453995775997
"TCGA-E2-A1IE-01A",-1083.38950713316,-367.864810330069,-1451.25431746323,0.924162151703315
"TCGA-AR-A24L-01A",-394.293703033532,988.030130495117,593.736427461585,0.769881535873489
"TCGA-A8-A0AB-01A",-1076.82585493516,-151.266134353807,-1228.09198928896,0.911155159237811
"TCGA-A1-A0SJ-01A",-311.365364806103,527.401221252815,216.035856446712,0.804062869383041
"TCGA-A7-A4SA-01A",1001.22339264803,749.715097283614,1750.93848993164,0.650916940609241
"TCGA-S3-AA10-01A",1678.33156364709,280.328060032098,1958.65962367919,0.627470719493082
"TCGA-AR-A1AJ-01A",2040.91604089535,1228.82318487093,3269.73922576627,0.466959577156718
"TCGA-LL-A5YL-01A",487.801594224007,426.806765207687,914.608359431695,0.738980063455548
"TCGA-E9-A244-01A",-523.998229612419,12.3079179825955,-511.690311629823,0.862869244760533
"TCGA-B6-A0X0-01A",-644.654633082282,-741.317628647845,-1385.97226173013,0.920459200750444
"TCGA-AO-A1KT-01A",22.5439814317637,708.524187488976,731.068168920739,0.756860961864016
"TCGA-E2-A1LK-01A",-319.882440209245,-961.426386104478,-1281.30882631372,0.914346207356435
"TCGA-EW-A1P4-01A",939.343682534949,157.138089618081,1096.48177215303,0.720732435786711
"TCGA-E2-A14R-01A",761.211208294882,-405.949701100781,355.261507194102,0.791745279546554
"TCGA-A7-A5ZW-01A",154.739624536144,1280.33314620331,1435.07277073946,0.685403063718813
"TCGA-BH-A1FL-01A",-559.121848533605,128.067524720095,-431.054323813509,0.856826488109315
"TCGA-A2-A0ST-01A",2473.1882978101,621.548044241694,3094.7363420518,0.489518713651684
"TCGA-E9-A22H-01A",-28.6290525949266,-59.7206535814303,-88.3497061763569,0.829815978067835
"TCGA-A1-A0SI-01A",498.899945437033,1323.43925722821,1822.33920266525,0.642924850311028
"TCGA-B6-A0IN-01A",907.896217704636,978.918214720448,1886.81443242508,0.635647245057419
"TCGA-E2-A15K-01A",637.499636399995,327.537165610882,965.036802010877,0.73397272463097
"TCGA-AR-A24Z-01A",-367.630040703548,-68.2988464221445,-435.928887125692,0.857195199146184
"TCGA-E9-A1NG-01A",809.295198042798,1871.34471586892,2680.63991391171,0.541585722547718
"TCGA-AR-A1AW-01A",2441.06293741858,1133.57980992029,3574.64274733887,0.426928136152542
"TCGA-D8-A1JK-01A",1102.11051789371,878.595022955427,1980.70554084914,0.624947692715032
"TCGA-3C-AALI-01A",460.399124884148,236.916887095184,697.316011979332,0.760089752513526
"TCGA-AC-A7VB-01A",-1197.16685399817,-877.339100705966,-2074.50595470413,0.955196366818789
"TCGA-BH-A0E7-01A",-780.184333424219,73.6044431140508,-706.579890310168,0.876973238469429
"TCGA-AC-A6NO-01A",-635.445253305167,-94.6656010053497,-730.110854310517,0.878627821079495
"TCGA-C8-A8HP-01A",1128.0512676679,388.153446833479,1516.20471450137,0.676682794161323
"TCGA-BH-A0DO-01B",-581.441012085262,125.962242988122,-455.47876909714,0.858669536951479
"TCGA-AO-A0JL-01A",-584.712675983897,-30.3759957510358,-615.088671734933,0.87044077842297
"TCGA-A7-A0CJ-01A",-480.196655010623,-401.27275141113,-881.469406421754,0.889019203368151
"TCGA-E2-A1LH-01A",1686.66091204948,530.033860307561,2216.69477235704,0.597535513215522
"TCGA-BH-A18Q-01A",194.068248043626,30.9846878505226,225.052935894148,0.803275224889734
"TCGA-A8-A097-01A",118.294551716031,930.254458439518,1048.54901015555,0.725591986473165
"TCGA-AO-A03T-01A",9.23767159767231,-304.555834278551,-295.318162680878,0.846383933761091
"TCGA-D8-A27T-01A",582.599048241309,1264.09896165581,1846.69800989712,0.640182097027568
"TCGA-D8-A1JS-01A",-673.415318304759,-1028.34192263637,-1701.75724094113,0.937580784722629
"TCGA-BH-A0DL-01A",1317.73412831584,119.295417861312,1437.02954617715,0.685193883526525
"TCGA-EW-A423-01A",407.303701935638,-219.672254900911,187.631447034726,0.806534788616557
"TCGA-A7-A5ZX-01A",-509.958851882347,747.163017880039,237.204165997692,0.802211585689803
"TCGA-C8-A26Y-01A",26.355880458362,-676.837034488497,-650.481154030135,0.872986480607614
"TCGA-BH-A2L8-01A",1425.29752314672,947.270425565291,2372.56794871201,0.579034257183672
"TCGA-D8-A1JI-01A",-397.940376266312,-341.407051095146,-739.347427361458,0.87927442800985
"TCGA-D8-A3Z5-01A",-518.916954208469,-84.1427422101053,-603.059696418574,0.869570208360992
"TCGA-A1-A0SM-01A",14.2321937078134,901.75165534378,915.983849051593,0.738844018864496
"TCGA-BH-A0AV-01A",78.6468240001439,1176.47867896882,1255.12550296896,0.704395581034641
"TCGA-A8-A075-01A",461.081816401975,619.205994843031,1080.28781124501,0.722378225466077
"TCGA-BH-A1FM-01A",-412.675531412443,758.328081292057,345.652549879613,0.792606087465283
"TCGA-A8-A08C-01A",-480.143248763393,-10.9941827177785,-491.137431481171,0.861340484546928
"TCGA-B6-A0I9-01A",-189.595263275244,-347.57834932653,-537.173612601775,0.864753831320368
"TCGA-AO-A0JM-01A",5.37932493413149,758.16415167573,763.543476609861,0.75373677871681
"TCGA-AQ-A54N-01A",-428.178682764304,-1419.39146653904,-1847.57014930334,0.94480895701352
"TCGA-AO-A0JG-01A",628.926492878749,621.930189794327,1250.85668267308,0.704840217616572
"TCGA-AO-A12G-01A",-130.653791882109,711.041904965822,580.388113083713,0.7711305062597
"TCGA-GM-A2DN-01A",1276.1062661487,584.698354651159,1860.80462079986,0.6385899760262
"TCGA-E2-A15M-01A",1377.43330579586,1628.14501068824,3005.5783164841,0.500888553318903
"TCGA-BH-A8G0-01A",1166.83187165529,1318.68296688153,2485.51483853682,0.56543814676799
"TCGA-A8-A082-01A",-74.470884745959,306.833140582235,232.362255836276,0.80263572089215
"TCGA-A2-A0EN-01A",1526.79197031673,1516.36668223795,3043.15865255469,0.496106484118027
"TCGA-AR-A24X-01A",-310.561114913093,556.451335184465,245.890220271371,0.801449700868993
"TCGA-A7-A13E-01B",917.351280508923,1197.84095523799,2115.19223574691,0.609415715690164
"TCGA-OK-A5Q2-01A",765.507573832131,685.972400384296,1451.47997421643,0.683647377097407
"TCGA-D8-A142-01A",229.954363260448,994.184716857824,1224.13908011827,0.707616806187486
"TCGA-A2-A0CS-01A",39.9504849112334,651.604797787551,691.555282698784,0.760638972234909
"TCGA-D8-A1Y0-01A",690.508565966379,960.612766796347,1651.12133276273,0.661969725183605
"TCGA-E9-A22D-01A",1992.32293408484,549.745820532992,2542.06875461784,0.558571776080423
"TCGA-BH-A0HI-01A",-17.5162503875614,700.571719311398,683.055468923836,0.76144833896232
"TCGA-BH-A0C7-01B",-97.9005925087265,164.599696148071,66.6991036393441,0.816901594329621
"TCGA-A7-A3J1-01A",1092.97762904859,854.631258979351,1947.60888802794,0.628732941037949
"TCGA-A7-A2KD-01A",492.837971850353,900.103254091705,1392.94122594206,0.689893200496086
"TCGA-S3-AA14-01A",-497.807095651624,739.914439570492,242.107343918868,0.801781670678767
"TCGA-BH-A0AY-01A",544.61091034197,1359.28277252574,1903.89368286771,0.633709868837271
"TCGA-AC-A3QQ-01B",256.791461138884,1028.57775843432,1285.36921957321,0.701237511127945
"TCGA-E9-A1RB-01A",-384.875089816894,29.3473472347472,-355.527742582147,0.851057734859337
"TCGA-D8-A1XK-01A",376.688533261454,-384.709511212115,-8.02097795066089,0.82317844685158
"TCGA-OL-A66I-01A",2142.04215700207,985.113983749985,3127.15614075205,0.485363503115385
"TCGA-A2-A0CT-01A",-544.839704894243,-196.075409695791,-740.915114590034,0.879384013647228
"TCGA-A8-A09N-01A",-253.746828093799,337.435419281298,83.6885911874984,0.815460654448924
"TCGA-D8-A1XQ-01A",913.005347551803,575.750398226706,1488.75574577851,0.679643884084045
"TCGA-C8-A135-01A",238.297670931693,640.940176728591,879.237847660284,0.742468066735151
"TCGA-D8-A1X9-01A",280.124179517732,913.23997471733,1193.36415423506,0.710801555231651
"TCGA-AO-A0JE-01A",1176.16687482798,1472.12709591902,2648.293970747,0.545570995660243
"TCGA-HN-A2OB-01A",-203.275195460187,1263.3051075855,1060.02991212531,0.724431284569938
"TCGA-EW-A1IY-01A",971.70305342479,1124.97745520807,2096.68050863286,0.611567882187133
"TCGA-A8-A09M-01A",604.223954922536,219.531281582132,823.755236504668,0.747899034404479
"TCGA-A8-A0A1-01A",1124.97340662269,1140.71655482811,2265.6899614508,0.591753318518264
"TCGA-E9-A1RH-01A",-288.093163062481,275.462023584348,-12.6311394781338,0.823562487272149
"TCGA-BH-A1EV-01A",-594.461124938111,534.757519596315,-59.7036053417954,0.827462149989971
"TCGA-A8-A09I-01A",575.313561509023,486.634238459473,1061.9477999685,0.724237188349597
"TCGA-AR-A2LR-01A",-506.301535394763,737.270202639808,230.968667245045,0.802757719479165
"TCGA-C8-A1HO-01A",-683.061346657839,-111.964559308276,-795.025905966115,0.883137923562453
"TCGA-EW-A2FW-01A",-641.97094981472,87.0449310859795,-554.926018728741,0.866059539868793
"TCGA-AR-A2LL-01A",232.54606842356,252.633728994371,485.179797417932,0.779952777449363
"TCGA-5L-AAT1-01A",1374.92101544572,947.736308844892,2322.65732429061,0.58499182058003
"TCGA-A7-A0DA-01A",-476.76903317636,426.953354762631,-49.8156784137295,0.826646267872322
"TCGA-A8-A091-01A",-346.041292995632,207.105910258005,-138.935382737627,0.833936707197512
"TCGA-AC-A2QH-01B",-1150.77937224842,139.806280154529,-1010.97309209389,0.897561994821149
"TCGA-B6-A0IK-01A",-170.12892494245,-43.6723073874536,-213.801232329904,0.839950861795292
"TCGA-AC-A2QH-01A",-475.227369643554,664.299040969644,189.071671326089,0.806409788880736
"TCGA-GM-A2DO-01A",2614.80403325148,144.144246108333,2758.94827935981,0.531887137687783
"TCGA-EW-A6SD-01A",678.001238440714,416.49249347034,1094.49373191105,0.720934699480456
"TCGA-A8-A07G-01A",37.3284508787148,1163.53879699456,1200.86724787328,0.7100264308091
"TCGA-AR-A24Q-01A",303.631618218039,813.579893710672,1117.21151192871,0.718619733606841
"TCGA-A2-A0D4-01A",-883.17956751794,-379.297484995305,-1262.47705251325,0.91322336384633
"TCGA-AC-A8OP-01A",-198.93703958654,455.988622325159,257.051582738619,0.800468785387372
"TCGA-LL-A442-01A",253.202113284224,-284.678855049083,-31.4767417648591,0.825128459132697
"TCGA-D8-A143-01A",18.1894810298492,-369.069852522694,-350.880371492845,0.850699343072178
"TCGA-E2-A572-01A",-300.324526511367,-635.766314118913,-936.09084063028,0.892661695029567
"TCGA-PE-A5DC-01A",-435.869520638013,-99.7841023359034,-535.653622973916,0.864641761412237
"TCGA-A2-A259-01A",338.990571171945,701.206319747326,1040.19689091927,0.726435078455103
"TCGA-A8-A06P-01A",42.0828253451665,1265.8185945274,1307.90141987256,0.698875695921635
"TCGA-B6-A1KI-01A",-722.372088886659,646.777656104753,-75.5944327819061,0.828769696644142
"TCGA-BH-A0DI-01A",503.54530694368,1525.03197529895,2028.57728224263,0.619446551165495
"TCGA-BH-A0W5-01A",1449.25683958831,937.439013008468,2386.69585259678,0.577342227352232
"TCGA-AC-A2FG-01A",-377.28337403294,324.691452627928,-52.591921405012,0.826875519807035
"TCGA-AQ-A7U7-01A",1972.12118262083,1591.69394877717,3563.81513139801,0.428364839222648
"TCGA-AO-A0JD-01A",-24.6875157517323,-657.013010502792,-681.700526254524,0.875212464026842
"TCGA-D8-A1JG-01B",766.929296902277,824.934822241653,1591.86411914393,0.668464221334468
"TCGA-E2-A15T-01A",-900.990396559765,-588.22996179442,-1489.22035835418,0.926276667920973
"TCGA-AO-A128-01A",2516.88313187103,619.954440553469,3136.8375724245,0.484120508869422
"TCGA-AN-A0FZ-01A",-707.61322641249,181.97588397753,-525.63734243496,0.863902177868385
"TCGA-A1-A0SH-01A",-55.273357769278,1497.23448792915,1441.96113015987,0.684666444208081
"TCGA-E2-A14V-01A",-689.727018454521,-206.205403809457,-895.932422263978,0.889989258346402
"TCGA-BH-A1FB-01A",1046.40979286081,1289.19054302286,2335.60033588367,0.583449885373173
"TCGA-E9-A1NF-01A",301.664320964645,1784.09655824075,2085.76087920539,0.612835277788995
"TCGA-AC-A3HN-01A",653.278077508467,1404.07822680536,2057.35630431383,0.616124694850676
"TCGA-A8-A08P-01A",1201.43173899535,1015.63261495978,2217.06435395512,0.597492012149772
"TCGA-D8-A1XD-01A",-1063.27905785902,513.706829997316,-549.5722278617,0.865666381741857
"TCGA-B6-A0WX-01A",239.362179971624,989.505318662275,1228.8674986339,0.707126203489138
"TCGA-A1-A0SP-01A",426.207901816133,-19.4013773929678,406.806524423165,0.787100830802039
"TCGA-AC-A23E-01A",289.639068295954,1606.65677050274,1896.29583879869,0.634572219019508
"TCGA-C8-A278-01A",1135.59620509665,1141.49410073723,2277.09030583388,0.590403499983912
"TCGA-B6-A0IE-01A",-614.763285878621,45.1109279098287,-569.652357968792,0.867138215654162
"TCGA-AR-A2LN-01A",307.271833202991,1363.52350759998,1670.79534080297,0.659802386299307
"TCGA-A2-A0EQ-01A",1676.10319168727,307.993381472317,1984.09657315959,0.624559027405372
"TCGA-D8-A27W-01A",5.2064973406935,502.673268571049,507.879765911743,0.777863100408347
"TCGA-AR-A0U2-01A",-68.9511523848419,-264.069433261294,-333.020585646136,0.849318365572832
"TCGA-BH-A18T-01A",-192.139070091387,-324.726847684642,-516.865917776029,0.8632529783395
"TCGA-AO-A1KS-01A",-298.507085011233,263.784060287581,-34.7230247236522,0.825397571231848
"TCGA-A7-A26G-01A",754.858811781676,1545.42163590521,2300.28044768689,0.587652652831718
"TCGA-BH-A1F5-01A",-680.20657025649,102.718629711852,-577.487940544638,0.867710505659522
"TCGA-A1-A0SG-01A",32.0812787516866,652.858545002818,684.939823754505,0.761269009707999
"TCGA-BH-A0B4-01A",189.594779413349,1094.76016053528,1284.35493994863,0.701343647232702
"TCGA-EW-A1P8-01A",858.705473311051,248.040192766493,1106.74566607754,0.719687208686292
"TCGA-AC-A2FK-01A",-6.98273765709799,434.447520179181,427.464782522083,0.785226761180308
"TCGA-EW-A424-01A",-746.137844174178,396.548779598704,-349.589064575474,0.850599690935904
"TCGA-A2-A3KD-01A",-191.968763905004,222.95926016147,30.9904962564655,0.819913598607631
"TCGA-B6-A0RO-01A",-590.574676358813,-443.004347081307,-1033.57902344012,0.899020045064542
"TCGA-E2-A15I-01A",302.687350417764,338.682082952651,641.369433370415,0.765400568587863
"TCGA-GM-A3XG-01A",-753.69782480668,-132.025403872219,-885.723228678899,0.889304929398504
"TCGA-AR-A24S-01A",1071.02558898266,1457.20217381046,2528.22776279312,0.56025582577661
"TCGA-AC-A2BK-01A",-1026.36460093001,-1207.81955605113,-2234.18415698113,0.961870638885548
"TCGA-A2-A0SY-01A",604.588932362581,1185.50716374184,1790.09609610442,0.646542713231942
"TCGA-A8-A07U-01A",1753.74198009604,815.427971531481,2569.16995162752,0.555267670955691
"TCGA-BH-A0BV-01A",552.783888369077,947.179252432189,1499.96314080127,0.678436203192779
"TCGA-A8-A0A9-01A",-51.6487237982645,502.316694869357,450.667971071092,0.783113212654224
"TCGA-A2-A0ER-01A",-258.145592943644,-145.675771472707,-403.821364416351,0.85475852620663
"TCGA-A2-A0YI-01A",1167.40479524549,1061.24244438748,2228.64723963297,0.596127774885225
"TCGA-BH-A0DT-01A",204.314055230955,724.291888912995,928.60594414395,0.737594208486472
"TCGA-A8-A08G-01A",-8.05170157261469,415.33943685237,407.287735279755,0.787057258727577
"TCGA-BH-A18I-01A",652.564777895232,1370.44351902646,2023.00829692169,0.620088083887288
"TCGA-E2-A1B0-01A",264.096495562275,627.576286840079,891.672782402354,0.741244093136082
"TCGA-AO-A12A-01A",58.9962555035414,727.95924985739,786.955505360931,0.75147387033153
"TCGA-A2-A0D2-01A",472.248741233816,153.635092732298,625.883833966114,0.766861456988141
"TCGA-E9-A24A-01A",693.541721722864,1107.63478167465,1801.17650339751,0.645301056742559
"TCGA-A7-A0CG-01A",784.867354565864,1181.2336284028,1966.10098296866,0.626619832622445
"TCGA-4H-AAAK-01A",-40.4256205403981,1139.5562381497,1099.1306176093,0.720462846244311
"TCGA-LL-A441-01A",1629.65020969778,375.811568687291,2005.46177838507,0.622106685909235
"TCGA-BH-A18V-01A",758.517186483022,719.253480943097,1477.77066742612,0.680825823684859
"TCGA-BH-A0H3-01A",172.389709839421,1084.23081772823,1256.62052756765,0.704239795180432
"TCGA-D8-A1JE-01A",323.65691224523,1408.32354639677,1731.980458642,0.653026991704782
"TCGA-AO-A03L-01A",127.414118370095,719.902686500083,847.316804870179,0.745598727299671
"TCGA-D8-A1XS-01A",-110.399221615956,801.485955895889,691.086734279933,0.760683619060869
"TCGA-BH-A42T-01A",246.894393932692,359.646727239676,606.541121172369,0.768680653143779
"TCGA-AN-A0FS-01A",-496.49345964135,885.430254231391,388.936794590042,0.788716093997385
"TCGA-AN-A0AM-01A",363.156812283123,323.161921307724,686.318733590847,0.76113774546232
"TCGA-AR-A24O-01A",552.823743366819,1559.21091401426,2112.03465738108,0.609783133320931
"TCGA-LL-A440-01A",1097.80553107318,1656.2342995612,2754.03983063438,0.532497132790871
"TCGA-V7-A7HQ-01A",-116.873756536539,228.163311933631,111.289555397093,0.813108908439955
"TCGA-GM-A3XL-01A",831.489359953384,-613.5668278314,217.922532121984,0.803898184206649
"TCGA-D8-A1XY-01A",-237.657931304548,1033.2311161792,795.573184874657,0.750638685543285
"TCGA-B6-A0IO-01A",-259.537632070019,-556.75009518537,-816.28772725539,0.884597717775217
"TCGA-C8-A137-01A",-979.866479462593,123.661130258028,-856.205349204565,0.887315096959037
"TCGA-A2-A0ES-01A",127.534983267377,971.877320154047,1099.41230342142,0.720434170912233
"TCGA-OL-A5RW-01A",30.6018593274512,-226.764709229234,-196.162849901783,0.83854303528855
"TCGA-BH-A0DQ-01A",-13.9751246526181,1370.52046794345,1356.54534329083,0.693750827171324
"TCGA-LL-A73Z-01A",653.002350494713,895.806278231169,1548.80862872588,0.673151338459023
"TCGA-GM-A2DB-01A",395.580118861525,-546.611562494246,-151.031443632721,0.83491525364397
"TCGA-AN-A0AL-01A",663.971548494685,823.922102330868,1487.89365082555,0.679736705137622
"TCGA-A2-A0YC-01A",68.7694090301269,706.869097751077,775.638506781204,0.752568833710262
"TCGA-AO-A0JB-01A",28.8195054427757,252.979359568579,281.798865011354,0.798286212758496
"TCGA-AN-A0XU-01A",91.5022470666746,-534.425293633838,-442.923046567163,0.857723469374375
"TCGA-BH-A0W4-01A",-667.329999577001,541.637545747519,-125.692453829482,0.832862366790818
"TCGA-A2-A0D1-01A",-809.471138726027,-290.398982219187,-1099.87012094521,0.903238589426219
"TCGA-B6-A0WZ-01A",-670.541698659615,-1.94933718915687,-672.491035848772,0.874557724086175
"TCGA-B6-A0IJ-01A",1352.5324364904,-142.284352936011,1210.24808355439,0.709056110462497
"TCGA-B6-A0RE-01A",-348.218319646466,-243.340453498196,-591.558773144662,0.868735319650389
"TCGA-AN-A0FY-01A",-518.249435424822,463.261573569198,-54.9878618556243,0.827073257364645
"TCGA-A7-A13F-01A",-209.93261201509,113.921942423688,-96.0106695914023,0.83044298863851
"TCGA-BH-A1F0-01A",1833.78760937559,1366.60241804612,3200.39002742171,0.475936881699955
"TCGA-A2-A3KC-01A",196.40282765245,1048.93236106662,1245.33518871907,0.705414921078823
"TCGA-BH-A18U-01A",16.5166284668868,474.46650758749,490.983136054376,0.779419366097992
"TCGA-BH-A0E0-01A",-165.216185617073,-713.18461335804,-878.400798975114,0.888812872106268
"TCGA-BH-A0BT-01A",-63.8017705264215,351.559508889349,287.757738362927,0.797759098561027
"TCGA-OL-A5RV-01A",-534.630058413051,29.7447032260256,-504.885355187025,0.862363948853765
"TCGA-OL-A66O-01A",-791.114166864773,-208.118067198487,-999.23223406326,0.896800825797983
"TCGA-AC-A3YI-01A",218.49108173383,1099.32638295027,1317.8174646841,0.697833876381483
"TCGA-D8-A1JD-01A",303.698112553991,1100.5010615663,1404.19917412029,0.688695969631733
"TCGA-BH-A18K-01A",-317.455213047583,671.971346064661,354.516133017078,0.791812109451723
"TCGA-A8-A06Y-01A",-844.737729866224,-781.417760964485,-1626.15549083071,0.933663794791843
"TCGA-D8-A27F-01A",-240.010789025445,455.195506963183,215.184717937738,0.804137143840775
"TCGA-B6-A0IB-01A",-1053.19885007887,-646.35251418777,-1699.55136426664,0.937468129446119
"TCGA-LL-A6FR-01A",-210.14802605404,414.506965196329,204.35893914229,0.8050807580544
"TCGA-A7-A3IZ-01A",-523.233543915327,-358.981538830181,-882.215082745508,0.889069314942056
"TCGA-AR-A0TT-01A",1935.63890330335,1250.08034400632,3185.71924730967,0.477829735914305
"TCGA-A7-A0D9-01A",-843.33904512022,116.182220352331,-727.156824767889,0.878420683104137
"TCGA-A2-A3Y0-01A",820.096747879673,-367.580561525478,452.516186354195,0.782944470156096
"TCGA-D8-A13Y-01A",-1303.72092734726,-871.815972030133,-2175.53689937739,0.95948049500479
"TCGA-B6-A0WS-01A",794.813702835321,908.689799286993,1703.50350212231,0.65618700185371
"TCGA-A2-A3XV-01A",-27.0722310882915,220.342918672357,193.270687584066,0.806045142776415
"TCGA-E2-A14Y-01A",-446.712373860086,-531.925839755656,-978.638213615742,0.895459266983501
"TCGA-LD-A7W5-01A",1272.00380078078,633.2898164486,1905.29361722938,0.633550891200984
"TCGA-S3-A6ZG-01A",-2.92246514121384,104.283565116287,101.361099975073,0.813956403636358
"TCGA-A2-A04V-01A",-67.8578524933554,792.532625608315,724.67477311496,0.757473994014723
"TCGA-BH-A1EU-01A",1158.07766988793,1417.9749574602,2576.05262734814,0.554427152332106
"TCGA-D8-A1XT-01A",371.233613437836,1137.03754638504,1508.27115982288,0.677539766581921
"TCGA-E9-A22E-01A",548.035719789915,1897.06701203888,2445.1027318288,0.570320851449884
"TCGA-AN-A0FJ-01A",-478.78479106948,216.784858031442,-261.999933038039,0.843769150105103
"TCGA-BH-A0B8-01A",-445.240661586531,246.296397446015,-198.944264140516,0.838765410420695
"TCGA-A2-A0EW-01A",389.276011249129,1284.42924740282,1673.70525865195,0.659481354753656
"TCGA-E2-A15H-01A",-564.376446957564,124.315938445493,-440.060508512071,0.857507370572589
"TCGA-AR-A24P-01A",-144.509594293546,898.238102045861,753.728507752314,0.754682805714017
"TCGA-AO-A0J2-01A",498.24830800204,-233.058867163057,265.189440838983,0.799752235802056
"TCGA-EW-A2FS-01A",141.308875476663,43.8925379738621,185.201413450525,0.80674561401262
"TCGA-A8-A096-01A",1209.71448910525,1396.83054020111,2606.54502930636,0.550696597014253
"TCGA-AR-A1AV-01A",-317.726648708237,310.836567454983,-6.89008125325472,0.823084182145393
"TCGA-OL-A6VR-01A",-829.087943457235,-848.902678547453,-1677.99062200469,0.93636183750936
"TCGA-E2-A1BC-01A",-619.858078612336,893.900912486866,274.04283387453,0.798971386300432
"TCGA-BH-A0HU-01A",-509.444413215243,-337.657473999836,-847.101887215079,0.886698059944878
"TCGA-LD-A7W6-01A",-167.40057333844,228.52229965891,61.1217263204699,0.817373524601621
"TCGA-C8-A8HR-01A",872.473814959571,1458.37027804114,2330.84409300071,0.584016754219706
"TCGA-BH-A0DD-01A",-363.073667398248,-34.2332448155549,-397.306912213802,0.854261819056215
"TCGA-D8-A1JF-01A",17.9886823726997,789.076887663173,807.065570035873,0.749523029100992
"TCGA-BH-A0DG-01A",582.954329196561,1369.49468588829,1952.44901508485,0.628180302289855
"TCGA-OL-A5D8-01A",-15.4058675420028,30.9114890857337,15.5056215437309,0.821212743022287
"TCGA-GM-A3NW-01A",-230.593554317454,-89.6399954785661,-320.23354979602,0.848326043524845
"TCGA-D8-A27H-01A",-149.625842029309,619.112880713535,469.487038684225,0.781392334928387
"TCGA-A2-A1G6-01A",-49.0554532322714,559.858441353779,510.802988121507,0.77759337094936
"TCGA-A2-A0YH-01A",1097.25463658713,1109.72790660202,2206.98254318914,0.598678046331297
"TCGA-AO-A03V-01A",-464.911418909701,-27.8273390290156,-492.738757938716,0.861459875883717
"TCGA-EW-A1J3-01A",-318.175328190348,148.955697438198,-169.219630752149,0.836381685074385
"TCGA-A7-A26H-01A",294.198315180834,986.463584806287,1280.66189998712,0.701729962425958
"TCGA-GM-A3NY-01A",-252.988425303937,78.0598648486522,-174.928560455284,0.836840741499264
"TCGA-E2-A153-01A",252.69800227162,1493.09682699451,1745.79482926613,0.651489935043345
"TCGA-A2-A1G1-01A",814.633325398268,904.42175153454,1719.05507693281,0.654462703529985
"TCGA-E2-A1IK-01A",520.860649428876,-206.683722464605,314.176926964271,0.795414745188487
"TCGA-JL-A3YX-01A",-733.645962922546,-72.9077526367299,-806.553715559276,0.883930468498531
"TCGA-A2-A0CY-01A",-890.180859553724,-991.07871240204,-1881.25957195576,0.946417558349231
"TCGA-AN-A0FT-01A",37.8833805263907,718.62994322444,756.513323750831,0.754414547130677
"TCGA-A2-A1FV-01A",-980.878851651944,125.741679880229,-855.137171771714,0.887242777409263
"TCGA-AR-A0TU-01A",579.736790352198,-675.01823549011,-95.2814451379116,0.830383350567706
"TCGA-E2-A155-01A",-902.301903246129,-454.756474930978,-1357.05837817711,0.918792109107711
"TCGA-AR-A2LM-01A",32.9975651839439,1126.47614175062,1159.47370693456,0.714291929821928
"TCGA-A2-A0SV-01A",710.055802895255,807.200390746961,1517.25619364222,0.676569145830719
"TCGA-E9-A22G-01A",-471.958871173954,-898.25212989834,-1370.21100107229,0.919552505435128
"TCGA-A2-A4RW-01A",-51.9274417830805,685.105472599975,633.178030816895,0.766173826487706
"TCGA-A8-A07S-01A",-209.043191384335,188.106689682872,-20.9365017014627,0.824253397240868
"TCGA-A8-A06Q-01A",-830.093133362471,-971.977160693922,-1802.07029405639,0.94259976371116
"TCGA-A2-A0EP-01A",2527.0560516023,1902.50521367943,4429.56126528173,0.310387762265665
"TCGA-AR-A0TS-01A",1533.55343614458,636.58808877675,2170.14152492133,0.603000890931665
"TCGA-BH-A0B2-01A",1225.09157947819,1505.88708213491,2730.97866161309,0.535359342936942
"TCGA-3C-AAAU-01A",-868.607695626098,-567.227974926094,-1435.83567055219,0.9232952121336
"TCGA-AN-A0FD-01A",38.8650744832584,984.830988036183,1023.69606251944,0.728097518814362
"TCGA-BH-A0BS-01A",-481.686891562231,-362.239646715828,-843.926538278059,0.88648246075892
"TCGA-AR-A2LE-01A",-228.697785213247,149.466634484571,-79.2311507286754,0.829068303272114
"TCGA-B6-A0IM-01A",-433.118288169937,355.741586894879,-77.3767012750578,0.828916066127004
"TCGA-A1-A0SB-01A",-1313.16382419657,-261.627543385838,-1574.79136758241,0.930936949231364
"TCGA-S3-AA11-01A",-938.040675938025,-415.678856249568,-1353.71953218759,0.918598534305209
"TCGA-A8-A08B-01A",72.9418542890022,-505.37605346859,-432.434199179587,0.85693090614015
"TCGA-AO-A124-01A",-236.576176950899,-720.232505225342,-956.808682176241,0.894028289300923
"TCGA-BH-A0B0-01A",707.458591789609,1164.57161762345,1872.03020941306,0.637321060454832
"TCGA-A2-A0CR-01A",2335.0032527605,1039.34627476925,3374.34952752976,0.453326448067434
"TCGA-AR-A24M-01A",-138.731072555474,907.832131348441,769.101058792967,0.75320041092359
"TCGA-BH-A0BZ-01A",1157.1669758565,1251.83073936979,2408.9977152263,0.574666191982841
"TCGA-A8-A07F-01A",11.2920698424292,454.119313270227,465.411383112656,0.781765532638811
"TCGA-B6-A0RM-01A",-762.493109768907,-403.535050294296,-1166.0281600632,0.907363399008889
"TCGA-A8-A0A2-01A",123.799555281439,683.431750196786,807.231305478225,0.749506924245109
"TCGA-BH-A1EN-01A",-473.026406657422,320.308818863765,-152.717587793657,0.835051450278335
"TCGA-C8-A12Y-01A",-172.286110027211,326.46341752068,154.177307493469,0.809428180412983
"TCGA-B6-A0WT-01A",-500.398122407597,655.238654757903,154.840532350306,0.809371008636832
"TCGA-C8-A12V-01A",2392.46106498234,778.089656190178,3170.55072117251,0.479784480225617
"TCGA-EW-A1PC-01B",-719.184371494417,-379.324166965851,-1098.50853846027,0.903152801782361
"TCGA-A2-A0EO-01A",335.210202756861,1231.37541118709,1566.58561394395,0.671219344291898
"TCGA-A7-A26F-01B",846.054714110342,1235.58593725389,2081.64065136423,0.613313086403258
"TCGA-A7-A26F-01A",683.934343718721,1176.99995632747,1860.93430004619,0.63857532726537
"TCGA-EW-A1J2-01A",446.429070490634,1184.95346776029,1631.38253825092,0.66413865292743
"TCGA-UL-AAZ6-01A",-452.845953364585,-768.770304371165,-1221.61625773575,0.910763055694072
"TCGA-A2-A0CL-01A",2164.69819971058,1271.57369335475,3436.27189306533,0.445205970119358
"TCGA-AR-A0U3-01A",-292.4573022078,-451.055735536208,-743.513037744008,0.879565513072185
"TCGA-BH-A1F8-01A",-369.44829450662,303.86702694131,-65.5812675653099,0.827946307337931
"TCGA-A2-A0CQ-01A",289.61941900356,-165.760799827596,123.858619175965,0.812033533469311
"TCGA-BH-A6R8-01A",366.128899268575,-49.4895056604905,316.639393608085,0.795195623864973
"TCGA-AR-A1AS-01A",-284.424557621185,98.5922731975491,-185.832284423636,0.837715879232095
"TCGA-BH-A0BQ-01A",461.170356202531,1113.91180487095,1575.08216107348,0.670294328564867
"TCGA-A8-A08S-01A",-237.15934479582,74.6160954142606,-162.54324938156,0.835844090563582
"TCGA-E2-A1IJ-01A",856.815068170681,1512.85395606187,2369.66902423255,0.579381139490913
"TCGA-B6-A0IH-01A",335.842438111023,941.784236517552,1277.62667462857,0.702047311692553
"TCGA-A8-A081-01A",576.737512945853,-304.785388724091,271.952124221761,0.799155903975519
"TCGA-AR-A2LJ-01A",1325.2396155561,1096.78003016483,2422.01964572093,0.573100820526001
"TCGA-D8-A1XC-01A",-669.715754439071,-869.700514082011,-1539.41626852108,0.929028153846012
"TCGA-E9-A1RI-01A",-101.26970545712,1252.7269477958,1151.45724233868,0.715114962890617
"TCGA-AC-A62X-01A",-642.034202639312,-804.974193529789,-1447.0083961691,0.923923889706222
"TCGA-C8-A1HK-01A",-412.842904654044,-256.655159361943,-669.498064015987,0.874344597443181
"TCGA-BH-A0B6-01A",2080.47080980296,1006.69526375166,3087.16607355463,0.490487393674392
"TCGA-A8-A083-01A",-580.040936653912,-737.194241250682,-1317.23517790459,0.916468928259105
"TCGA-C8-A12T-01A",-88.9970267994194,891.692655206718,802.695628407298,0.7499475052923
"TCGA-A2-A04X-01A",1090.49536107226,254.395312863946,1344.8906739362,0.694981933936611
"TCGA-D8-A1XA-01A",-171.345426093255,256.496853925543,85.1514278322888,0.815336348715807
"TCGA-E2-A15A-01A",345.550570767235,602.188281739042,947.738852506277,0.735694886029295
"TCGA-B6-A408-01A",752.716957546605,686.890586812559,1439.60754435916,0.684918208041686
"TCGA-AR-A24W-01A",-587.51340594596,693.669248328008,106.155842382048,0.813547339080649
"TCGA-A7-A0CH-01A",-455.759465629846,388.520649676497,-67.2388159533492,0.828082732241723
"TCGA-BH-A1EW-01A",381.747639257266,431.587169874954,813.334809132219,0.748913525269761
"TCGA-A2-A0EX-01A",-70.6942575724265,977.770597205161,907.076339632734,0.739724493391448
"TCGA-C8-A8HQ-01A",505.767667874129,997.871168602328,1503.63883647646,0.678039719401096
"TCGA-B6-A0RU-01A",-707.39248054437,218.989358871847,-488.403121672523,0.861136510487455
"TCGA-A7-A0CE-01A",-519.505907285295,-375.499459447188,-895.005366732483,0.889927199689735
"TCGA-A7-A3IY-01A",892.245674270977,894.926171825535,1787.17184609651,0.646870115882235
"TCGA-GM-A2DI-01A",1976.64084411241,1304.36751718743,3281.00836129984,0.465496184311048
"TCGA-E9-A243-01A",2140.18725807767,1248.37114212777,3388.55840020544,0.45146638810597
"TCGA-E2-A159-01A",1187.49765012151,480.22615785796,1667.72380797947,0.660141117134568
"TCGA-LL-A7T0-01A",95.2551339614832,-25.6802034285008,69.5749305329824,0.816658042016764
"TCGA-D8-A27N-01A",602.138893342622,1190.49315395393,1792.63204729656,0.646258688545952
"TCGA-A8-A08Z-01A",668.08158849063,1519.18760561484,2187.26919410547,0.600993353437064
"TCGA-AC-A5XS-01A",1004.84929613339,754.980350095706,1759.8296462291,0.649925607098756
"TCGA-B6-A400-01A",409.254812026756,407.52836663094,816.783178657696,0.748577999757737
"TCGA-C8-A26Z-01A",-788.162380295504,124.96011035732,-663.202269938184,0.873895729192743
"TCGA-AC-A2QJ-01A",1559.213653154,1290.7090957805,2849.92274893449,0.520531680775152
"TCGA-AR-A24R-01A",100.926947477985,355.380612671447,456.307560149432,0.782598136478779
"TCGA-A8-A08H-01A",2038.03961980233,1919.49474898912,3957.53436879145,0.375456247810099
"TCGA-EW-A1PG-01A",-313.960570418004,805.719363904241,491.758793486237,0.779348029023069
"TCGA-BH-A0HB-01A",610.53487235925,442.598386024863,1053.13325838411,0.725128772840463
"TCGA-BH-A1FN-01A",-353.397108522519,343.785902768599,-9.61120575391925,0.823310960243363
"TCGA-E2-A1BD-01A",-431.633693496942,337.57256252903,-94.0611309679127,0.830283528486236
"TCGA-A7-A5ZV-01A",109.867984215099,-283.575925443676,-173.707941228577,0.836742640591953
"TCGA-B6-A1KN-01A",-272.134593768636,308.114206988201,35.9796132195646,0.819494120861602
"TCGA-AR-A1AH-01A",-782.636505563038,-425.169467623777,-1207.80597318682,0.909924098785924
"TCGA-A8-A09X-01A",1121.52436238957,1059.42292491342,2180.94728730298,0.601734788368925
"TCGA-BH-A208-01A",157.814470289153,2030.80169520049,2188.61616548965,0.600835313366199
"TCGA-GM-A2DM-01A",215.286321859333,-351.928084335122,-136.641762475789,0.833750861418351
"TCGA-B6-A402-01A",-812.631270523663,-417.681339308689,-1230.31260983235,0.911289427578505
"TCGA-A2-A0YJ-01A",-726.856273383109,-554.947123879219,-1281.80339726233,0.914375602005581
"TCGA-D8-A141-01A",1545.20893669266,1597.67436201717,3142.88329870982,0.483343804975536
"TCGA-AR-A1AN-01A",78.8588316301507,1128.40277978029,1207.26161141044,0.709365166506691
"TCGA-BH-A18S-01A",-338.698014037238,-353.408390630737,-692.106404667975,0.87595033536282
"TCGA-GM-A2DH-01A",926.345556961753,-41.6416259793266,884.703930982426,0.741930343303603
"TCGA-AC-A23H-01A",-562.050359218677,217.729677437405,-344.320681781273,0.850192805096036
"TCGA-OL-A5RZ-01A",-761.549164072936,-485.495820506193,-1247.04498457913,0.912298024990727
"TCGA-OL-A5RX-01A",-26.2943650787624,222.966106853569,196.671741774806,0.805749567900268
"TCGA-C8-A273-01A",-306.186218670399,577.276556771494,271.090338101095,0.799231939867474
"TCGA-A2-A0CK-01A",88.1174325191827,453.850172823785,541.967605342968,0.774708882208845
"TCGA-B6-A0X7-01A",-601.155812683379,682.306407982476,81.1505952990968,0.815676233502733
"TCGA-A2-A4RY-01A",168.486288514052,824.269613816691,992.755902330744,0.731203184550486
"TCGA-E2-A1L9-01A",424.649457173465,1365.20007290281,1789.84953007628,0.646570323669261
"TCGA-BH-A8FY-01A",-213.164499160538,-720.367554716784,-933.532053877321,0.892492338797431
"TCGA-E2-A9RU-01A",-44.5214998455985,241.269411898102,196.747912052503,0.805742945882598
"TCGA-AC-A3QP-01A",755.51218777556,1053.01671765597,1808.52890543153,0.644476213439132
"TCGA-A7-A13E-01A",-835.537643125013,-52.0389586769436,-887.576601801956,0.889429310634031
"TCGA-BH-A0DH-01A",-42.5253062210342,154.870931190045,112.345624969011,0.813018660452043
"TCGA-A8-A09W-01A",75.0244544429914,719.233842626116,794.258297069107,0.750766195944706
"TCGA-B6-A0RV-01A",236.530942686271,80.315907599845,316.846850286116,0.795177158693949
"TCGA-D8-A1JT-01A",-285.208304353479,-340.667040803506,-625.875345156985,0.871219131877294
"TCGA-E9-A1R3-01A",501.206485558785,902.529304345659,1403.73578990444,0.688745285541358
"TCGA-B6-A401-01A",415.894386130281,439.699589202464,855.593975332745,0.744788511949956
"TCGA-E2-A570-01A",-381.569186578025,797.864244155155,416.295057577131,0.786240950597888
"TCGA-A8-A07O-01A",225.130020805751,-232.358739230317,-7.2287184245661,0.823112411270211
"TCGA-C8-A275-01A",1185.47712587283,397.916106289706,1583.39323216253,0.669388496784175
"TCGA-S3-AA0Z-01A",550.048745718589,-159.425103296744,390.623642421845,0.788563849875954
"TCGA-E2-A1LA-01A",1147.17549707155,579.523072071413,1726.69856914296,0.653613972142519
"TCGA-E9-A229-01A",396.116186996806,1424.27205634329,1820.38824334009,0.643144169386261
"TCGA-A2-A04P-01A",617.991564551628,326.955215349432,944.94677990106,0.735972416855603
"TCGA-E2-A10F-01A",741.883179930883,1296.02417290405,2037.90735283493,0.618370823667487
"TCGA-D8-A1XM-01A",646.190355012665,1182.39213347641,1828.58248848907,0.642222650726187
"TCGA-AN-A0FW-01A",-333.502693751364,389.768944790589,56.2662510392256,0.817783925004385
"TCGA-LL-A6FQ-01A",90.9965732303395,-39.510234328125,51.4863389022145,0.818187532796872
"TCGA-E2-A1LS-01A",-720.243846039923,-345.228853884875,-1065.4726999248,0.901060302586629
"TCGA-B6-A0RS-01A",496.548578513675,330.311078148129,826.859656661805,0.747596462140571
"TCGA-AO-A0J7-01A",-869.867281133363,-345.905056521622,-1215.77233765498,0.910408501712118
"TCGA-E9-A3X8-01A",915.684272482191,992.03997667372,1907.72424915591,0.633274803200273
"TCGA-B6-A3ZX-01A",1943.45064441707,191.352084221485,2134.80272863856,0.607130899109052
"TCGA-C8-A3M7-01A",-52.0077561797706,726.555646619629,674.547890439859,0.762257258094122
"TCGA-A2-A0T0-01A",-9.48850248093442,387.203866922563,377.715364441628,0.789727637421609
"TCGA-OL-A66J-01A",-90.8217129139823,804.446549210907,713.624836296925,0.758531946373108
"TCGA-EW-A6SC-01A",239.113337064245,968.411573863554,1207.5249109278,0.709337924348963
"TCGA-AN-A0AJ-01A",738.361131138088,332.827424856125,1071.18855599421,0.723301190796473
"TCGA-BH-A0DV-01A",395.866391813034,1805.03684148888,2200.90323330191,0.599392588836491
"TCGA-AQ-A54O-01A",25.7921177125234,-173.586641606239,-147.794523893716,0.834653651307766
"TCGA-A2-A0CU-01A",-606.347901398417,224.275767724408,-382.07213367401,0.853097164888967
"TCGA-AR-A2LH-01A",1427.08281772494,737.056539276649,2164.13935700159,0.603703504984188
"TCGA-BH-A0AU-01A",-4.42771007494402,696.907224531892,692.479514456948,0.760550893916346
"TCGA-A8-A09D-01A",457.974878750708,1473.14873905101,1931.12361780171,0.630612822518874
"TCGA-D8-A1Y1-01A",197.021850470587,1111.75678683166,1308.77863730224,0.698783591598703
"TCGA-AO-A1KP-01A",-997.154488694029,-471.671536297478,-1468.82602499151,0.925144378824173
"TCGA-A8-A092-01A",-242.120513361843,184.130062585116,-57.9904507767266,0.827320917333774
"TCGA-A8-A09G-01A",500.92763755185,159.943436789574,660.871074341424,0.763555187433304
"TCGA-E9-A1RD-01A",-241.063697811504,474.959736914106,233.896039102602,0.802501410451784
"TCGA-OL-A6VO-01A",-82.7027269776727,-513.224576528853,-595.927303506525,0.869052736950946
"TCGA-AO-A0J3-01A",-812.849474287013,-939.406980340321,-1752.25645462733,0.940132898217402
"TCGA-AR-A1AO-01A",2147.11812040659,1607.89735321657,3755.01547362316,0.402838872768918
"TCGA-AR-A254-01A",979.779979626293,1226.89684003333,2206.67681965963,0.598713991479798
"TCGA-D8-A27L-01A",366.8795790778,1135.05931056918,1501.93888964698,0.67822311096311
"TCGA-D8-A1J8-01A",881.54998405904,698.86364937575,1580.41363343479,0.669713360799931
"TCGA-GM-A4E0-01A",1380.06874447242,1598.55920821133,2978.62795268375,0.504308590269177
"TCGA-E2-A14X-01A",610.835620653885,82.2041804364976,693.039801090382,0.760497492371706
"TCGA-AQ-A04H-01B",-582.610345724823,-110.567265956072,-693.177611680895,0.87602617768175
"TCGA-BH-A0BR-01A",565.731237986308,1366.19615085173,1931.92738883804,0.630521250826766
"TCGA-BH-A0HY-01A",-723.865262906782,320.807990726067,-403.057272180715,0.854700306951915
"TCGA-BH-A42U-01A",690.819224692941,696.503267666993,1387.32249235993,0.690490022309953
"TCGA-A8-A08T-01A",-363.345511483653,388.313576568332,24.9680650846792,0.820419370108973
"TCGA-A7-A13H-01A",975.858653976259,719.79409721762,1695.65275119388,0.657056164416577
"TCGA-A2-A0CW-01A",36.5569718357249,-448.765950902117,-412.208979066392,0.855396905210392
"TCGA-AN-A041-01A",-225.213001759707,821.193884339689,595.980882579982,0.769671237079216
"TCGA-AC-A3W5-01A",1209.83286514837,1428.17071293268,2638.00357808105,0.546836277983014
"TCGA-A2-A0D0-01A",328.219502167696,-921.36227150163,-593.142769333934,0.868850454059217
"TCGA-EW-A1PA-01A",-221.441915299332,260.337455858568,38.8955405592356,0.8192487503819
"TCGA-E9-A227-01A",681.296381561033,770.677496284422,1451.97387784546,0.683594464389335
"TCGA-E9-A2JS-01A",-492.529886935976,209.132654629045,-283.397232306931,0.845450712887109
"TCGA-C8-A1HM-01A",1563.89197617623,-65.2656075142441,1498.62636866199,0.678580346924895
"TCGA-OL-A5DA-01A",-236.972530579386,26.6183016962793,-210.354228883107,0.839676177867599
"TCGA-A8-A08L-01A",472.672937170746,134.175446983122,606.848384153868,0.768651803235422
"TCGA-AR-A24N-01A",-259.799908902561,564.48284172915,304.682932826588,0.796258590358108
"TCGA-E2-A14Q-01A",-319.91060327445,152.695081034248,-167.215522240201,0.836220394920221
"TCGA-AN-A0FK-01A",-419.406277881203,41.4076288517941,-377.998649029409,0.852785035814021
"TCGA-E2-A154-01A",-691.778414765644,316.153230721353,-375.625184044291,0.852603029452574
"TCGA-5T-A9QA-01A",-758.175402112984,-1452.47508594724,-2210.65048806023,0.960920087586915
"TCGA-AR-A5QQ-01A",1675.15823077775,462.942222029941,2138.1004528077,0.606746186947166
"TCGA-AC-A3YJ-01A",307.684816373233,-288.998317055186,18.6864993180467,0.820946220930037
"TCGA-A8-A07L-01A",-776.921801397947,233.40762494714,-543.514176450807,0.865220861174548
"TCGA-A2-A0YF-01A",206.448686639229,182.348403263064,388.797089902293,0.788728700682876
"TCGA-E9-A1N8-01A",-887.919779194961,-616.132835465626,-1504.05261466059,0.927094938238455
"TCGA-BH-A0H6-01A",-582.969466592636,631.152641510549,48.1831749179131,0.818466211105872
"TCGA-A8-A09A-01A",-4.51580849855326,858.351539320753,853.8357308222,0.744960710683308
"TCGA-A8-A0AD-01A",391.633151806902,976.427159947899,1368.0603117548,0.692532483222099
"TCGA-D8-A27V-01A",-387.312711198063,681.643081272173,294.33037007411,0.797176984219059
"TCGA-GM-A2DD-01A",1717.22049321032,1218.33444548916,2935.55493869948,0.509758203890468
"TCGA-A2-A0T4-01A",567.047210310349,1210.92565884531,1777.97286915566,0.647899267253074
"TCGA-E9-A2JT-01A",2606.22106600176,967.529702422576,3573.75076842433,0.427046532551747
"TCGA-BH-A203-01A",474.090074048511,318.461200324587,792.551274373099,0.750931691651523
"TCGA-D8-A1JL-01A",1105.8587939987,996.643450169662,2102.50224416836,0.610891535389437
"TCGA-B6-A1KF-01A",-1123.32531991134,-174.627373344198,-1297.95269325553,0.915332780991163
"TCGA-AN-A03X-01A",134.017719935987,1373.60050181018,1507.61822174616,0.677610255209159
"TCGA-BH-A18M-01A",-14.0464096267645,1022.85238660105,1008.80597697428,0.729594012435119
"TCGA-EW-A2FV-01A",446.887335086114,604.861325717977,1051.74866080409,0.725268713599603
"TCGA-BH-A1FJ-01A",-874.225951182896,-306.841631610922,-1181.06758279382,0.908289150793207
"TCGA-AN-A0XR-01A",-637.204247240292,-187.049215032664,-824.253462272956,0.885142411207479
"TCGA-BH-A18R-01A",-171.462250303129,-197.647250817641,-369.109501120769,0.852102850052118
"TCGA-EW-A1OW-01A",-85.1195842133805,557.21250737052,472.09292315714,0.781153573944364
"TCGA-LL-A5YM-01A",-7.31005814010848,118.666295923269,111.356237783161,0.813103210575899
"TCGA-AO-A0J6-01A",724.189868373491,-654.37918889203,69.8106794814615,0.816638070104043
"TCGA-AC-A2FO-01A",934.661529461277,1080.71000294224,2015.37153240352,0.620967145624593
"TCGA-E2-A1IH-01A",1340.64947106103,1573.01119372049,2913.66066478151,0.512520477532096
"TCGA-AR-A1AX-01A",1535.35228199507,871.571679631952,2406.92396162703,0.574915285066466
"TCGA-A8-A099-01A",-107.602599711371,282.181624665963,174.579024954592,0.807665988165662
"TCGA-LL-A5YN-01A",1908.07298845714,218.750097195755,2126.8230856529,0.608061214652252
"TCGA-EW-A1J1-01A",431.245275931988,137.37734213155,568.622618063538,0.772228921386033
"TCGA-E2-A1LG-01A",-246.818540533404,-962.885911956634,-1209.70445249004,0.910039650711443
"TCGA-AR-A1AR-01A",1239.53118495176,1034.75831891901,2274.28950387077,0.590735272645384
"TCGA-E2-A107-01A",-516.880531727759,-533.26867036146,-1050.14920208922,0.900082511395902
"TCGA-EW-A1P6-01A",-507.524805469095,600.869749017971,93.3449435488765,0.81463940323721
"TCGA-C8-A27B-01A",1016.78192076318,-108.705999261107,908.075921502077,0.739625751369052
"TCGA-GM-A2DL-01A",289.696759328603,1178.75084506644,1468.44760439504,0.681827550122956
"TCGA-A7-A56D-01A",593.402150438697,851.793501605413,1445.19565204411,0.68432031303938
"TCGA-AC-A3OD-01A",946.849284178648,856.383294980545,1803.23257915919,0.645070467610088
"TCGA-AO-A03P-01A",-496.151219574628,99.0135271971959,-397.137692377432,0.854248906147787
"TCGA-D8-A1JH-01A",371.917881952219,1211.83498140931,1583.75286336152,0.669349277730132
"TCGA-A1-A0SD-01A",-107.877789431268,878.397286219596,770.519496788328,0.753063435751525
"TCGA-AO-A1KO-01A",-420.669621502213,329.382379370647,-91.2872421315661,0.830056524409529
"TCGA-A2-A0SU-01A",-77.9846563545023,426.600697561987,348.616041207484,0.792340774426918
"TCGA-AC-A3EH-01A",-154.872618481576,245.494215183402,90.6215967018256,0.814871183586405
"TCGA-E2-A14O-01A",-364.479769122394,-174.925928987719,-539.405698110112,0.864918326534792
"TCGA-BH-A0DS-01A",476.315963410618,778.714781897736,1255.03074530835,0.704405453911729
"TCGA-S3-A6ZF-01A",214.002397838665,274.830260703551,488.832658542216,0.779617092287402
"TCGA-A8-A09Z-01A",702.647165268034,-80.6549275744737,621.99223769356,0.767227961683063
"TCGA-D8-A147-01A",322.492205273967,-70.3587628113951,252.133442462572,0.800901280716661
"TCGA-BH-A0HP-01A",125.896028036584,755.598656205479,881.494684242064,0.742246109389294
"TCGA-OL-A66P-01A",2270.29887149149,1064.55034202092,3334.84921351241,0.458486982203129
"TCGA-AQ-A1H3-01A",128.353429121921,813.699671822764,942.053100944686,0.736259916856542
"TCGA-B6-A0RI-01A",-111.854394215057,751.999981726821,640.145587511764,0.765516168410445
"TCGA-A2-A0YE-01A",-641.401261395852,0.783124417128022,-640.618136978724,0.872279421056012
"TCGA-BH-A0BC-01A",960.454591073668,1094.92425848112,2055.37884955479,0.616353297626708
"TCGA-B6-A40B-01A",-202.712011681213,439.039056967112,236.327045285899,0.802288448604193
"TCGA-E2-A150-01A",490.931152793604,475.317882213894,966.249035007498,0.733851858726996
"TCGA-A8-A0A6-01A",1100.02724003858,659.938475696313,1759.96571573489,0.649910427209378
"TCGA-AO-A125-01A",-844.331425468542,-1363.14966652237,-2207.48109199091,0.960791195722233
"TCGA-B6-A0I2-01A",1407.7007730678,-366.741852257097,1040.9589208107,0.726358201752511
"TCGA-AN-A049-01A",278.627085758618,767.755053469292,1046.38213922791,0.72581082278646
"TCGA-E9-A1RA-01A",-133.260052728783,351.853203974037,218.593151245254,0.803839631984932
"TCGA-A1-A0SF-01A",262.180387708241,504.767779276789,766.94816698503,0.753408248155406
"TCGA-A8-A079-01A",-215.740188652232,-264.421360479932,-480.161549132164,0.860520866524914
"TCGA-S3-AA17-01A",1747.36844790334,521.22884100249,2268.59728890583,0.591409243684849
"TCGA-BH-A0BA-01A",-91.0538058059983,490.664110024172,399.610304218173,0.787751956469307
"TCGA-A2-A0D3-01A",-25.6488970919572,-214.375334061111,-240.024231153068,0.842033467785461
"TCGA-C8-A132-01A",809.157853270877,1046.84607049681,1856.00392376768,0.639132107029449
"TCGA-PE-A5DE-01A",1990.88360649569,605.717318544988,2596.60092504068,0.551914412113794
"TCGA-B6-A0X4-01A",-1212.88090096481,-1239.10052307231,-2451.98142403713,0.970121612143398
"TCGA-LQ-A4E4-01A",-884.675198689428,-113.491177616746,-998.166376306174,0.896731593488416
"TCGA-A7-A4SD-01A",810.303005519084,498.424684903628,1308.72769042271,0.698788941134288
"TCGA-A7-A425-01A",452.302478998184,756.065956543756,1208.36843554194,0.709250642346479
"TCGA-AO-A03R-01A",534.130088430579,0.174278306038592,534.304366736617,0.775419670422502
"TCGA-AR-A24U-01A",1277.15054687622,1237.96426882343,2515.11481569965,0.561849160178722
"TCGA-AN-A0FV-01A",-576.307017550999,495.402549740923,-80.9044678100759,0.82920561800905
"TCGA-AC-A3W6-01A",1016.33637702734,1508.18216203594,2524.51853906327,0.560706738741828
"TCGA-BH-A0HK-01A",19.8751954381553,712.785594921541,732.660790359696,0.756708149281063
"TCGA-AR-A2LK-01A",-25.0200902108645,520.127638184179,495.107547973315,0.779039928719218
"TCGA-D8-A73X-01A",-263.266641024055,621.585398478518,358.318757454463,0.791471068742103
"TCGA-BH-A0H5-01A",2530.04348858554,797.809617972438,3327.85310655797,0.459399389538135
"TCGA-A8-A09R-01A",521.207134775845,777.120765590594,1298.32790036644,0.699880123559251
"TCGA-A7-A13D-01B",-1038.37952991706,282.044636039075,-756.334893877984,0.880459415965369
"TCGA-A8-A09V-01A",-683.773092924835,612.154049014746,-71.6190439100897,0.828443011956774
"TCGA-A7-A13D-01A",-715.790686288535,52.1773272211515,-663.613359067383,0.873925061199774
"TCGA-D8-A1X8-01A",332.795979224117,784.925404003356,1117.72138322747,0.71856768539524
"TCGA-E2-A14P-01A",81.180186298729,-413.70421971634,-332.524033417611,0.849279887072406
"TCGA-AN-A04A-01A",-274.55024128807,945.505720077366,670.955478789297,0.762598475542543
"TCGA-C8-A27A-01A",-825.859722528368,-431.835377608841,-1257.69510013721,0.912937128885647
"TCGA-A2-A25D-01A",1322.32561968653,523.225293618134,1845.55091330466,0.640311441737614
"TCGA-A8-A085-01A",-973.264122025615,278.554965646908,-694.709156378707,0.876134574657686
"TCGA-E9-A1RG-01A",131.854054730045,245.810464263062,377.664518993107,0.789732215954122
"TCGA-BH-A0W3-01A",-287.897413617965,-422.338838477387,-710.236252095351,0.877231023069066
"TCGA-AC-A8OQ-01A",860.961849729045,883.987391388999,1744.94924111804,0.651584096486217
"TCGA-AC-A23C-01A",287.854103197072,746.960426490252,1034.81452968732,0.726977814265983
"TCGA-D8-A27M-01A",1351.26836679386,1109.00650215556,2460.27486894943,0.568490054761371
"TCGA-OL-A66L-01A",755.575499398311,887.269132134772,1642.84463153308,0.662879858895434
"TCGA-A2-A0YL-01A",114.144252651655,867.531558612342,981.675811263997,0.732311701211151
"TCGA-D8-A1JU-01A",467.611784165372,1775.19192064205,2242.80370480742,0.594458080558216
"TCGA-C8-A1HE-01A",-201.669799533916,132.535426073394,-69.1343734605223,0.828238686454823
"TCGA-EW-A2FR-01A",233.962433088239,1590.34251562725,1824.30494871549,0.642703815642291
"TCGA-PE-A5DD-01A",272.86688863382,659.889415339483,932.756303973302,0.737182696175953
"TCGA-E9-A1NH-01A",151.330627428736,1203.77670249151,1355.10732992024,0.693902837369664
"TCGA-A7-A26I-01B",288.964884001058,1383.87747763117,1672.84236163223,0.659576564895304
"TCGA-AO-A0JF-01A",586.948203143965,1613.95210227829,2200.90030542225,0.599392932855087
"TCGA-A2-A04R-01A",-974.150955911077,76.4340666517661,-897.716889259311,0.890108667173898
"TCGA-E2-A1IL-01A",-588.559409967224,610.354455047095,21.7950450798709,0.820685586537101
"TCGA-A8-A07C-01A",275.473829139286,99.3996547872195,374.873483926506,0.789983475674079
"TCGA-AC-A2FM-01A",-886.922407205682,-121.291559934108,-1008.21396713979,0.89738335814002
"TCGA-A2-A25A-01A",475.756541387978,1326.87649479471,1802.63303618269,0.645137712493372
"TCGA-EW-A1PB-01A",1931.78506476126,159.745915270151,2091.53098003141,0.612165762350399
"TCGA-BH-A0HQ-01A",-390.386933030475,630.822917164168,240.435984133693,0.801928263663876
"TCGA-E2-A1AZ-01A",839.955956212043,912.980089592804,1752.93604580485,0.650694316468972
"TCGA-EW-A6SA-01A",-1287.87219737117,-831.18147716379,-2119.05367453496,0.957111323519315
"TCGA-A8-A090-01A",319.183464717003,704.224775138595,1023.4082398556,0.728126478756426
"TCGA-AO-A12B-01A",-475.689789347939,-461.008639643259,-936.698428991198,0.892701890460349
"TCGA-LL-A73Y-01A",468.765502781474,701.847206880122,1170.6127096616,0.71314667078644
"TCGA-AR-A1AM-01A",65.6249069894694,658.107809093294,723.732716082764,0.757564266978591
"TCGA-GM-A5PX-01A",-68.03958567421,964.693775534774,896.654189860564,0.740753078955268
"TCGA-D8-A73W-01A",529.277016831923,962.452006905756,1491.72902373768,0.679323670205868
"TCGA-E2-A14W-01A",-1013.05738584052,-468.241605672133,-1481.29899151265,0.925837860714777
"TCGA-E2-A15O-01A",-488.360903661608,-492.99798247388,-981.358886135488,0.895636969472045
"TCGA-S3-A6ZH-01A",-294.670799170206,-462.677516913596,-757.348316083802,0.880529935888363
"TCGA-E2-A15F-01A",-340.293357687381,-117.05895238204,-457.352310069421,0.858810457344708
"TCGA-E2-A158-01A",-725.681318225192,-1078.24609346158,-1803.92741168677,0.942690757662148
"TCGA-A7-A0DB-01A",231.418118573664,999.63348986461,1231.05160843827,0.706899473542144
"TCGA-E2-A156-01A",-699.74044569893,-668.795764519849,-1368.53621021878,0.919455870652789
"TCGA-E2-A152-01A",-3.24465667644498,1002.87010721836,999.625450541918,0.730514943514975
"TCGA-AN-A0XN-01A",787.415111048207,1725.4237256578,2512.83883670601,0.562125499108521
"TCGA-E9-A1R0-01A",-17.0331652260034,727.592107060916,710.558941834912,0.758825130277768
"TCGA-AN-A0FN-01A",1502.32155487324,2047.45336915809,3549.77492403132,0.430226205264222
"TCGA-B6-A0RH-01A",-216.697210647051,630.434423558362,413.737212911311,0.78647290061939
"TCGA-A2-A1G4-01A",-280.199301637744,-344.806210674648,-625.005512312392,0.871156446717064
"TCGA-E2-A106-01A",-918.889699690247,-519.494177089855,-1438.3838767801,0.923438815697799
"TCGA-BH-A0C1-01B",271.845100162664,719.355656288711,991.200756451375,0.731358887131146
"TCGA-BH-A1FU-01A",354.106921091432,1160.07452116801,1514.18144225944,0.676901432661946
"TCGA-AC-A5EH-01A",343.166700956588,1005.94874389629,1349.11544485288,0.69453589750522
"TCGA-AQ-A1H2-01A",-146.055417107221,-176.521157279549,-322.57657438677,0.848508094789341
"TCGA-A1-A0SE-01A",-546.03949353821,614.493014570079,68.4535210318689,0.816753030927603
"TCGA-AR-A1AT-01A",1130.79727422485,501.228145147918,1632.02541937277,0.664068099944667
"TCGA-D8-A27P-01A",-625.064486268372,182.716264744232,-442.34822152414,0.857680086816879
"TCGA-E9-A3Q9-01A",523.87671190759,355.004783272523,878.881495180113,0.742503106153682
"TCGA-AC-A2QI-01A",441.607232267041,963.63510613011,1405.24233839715,0.688584938663115
"TCGA-E9-A1NI-01A",-278.100015101289,725.890264383385,447.790249282096,0.783375834598414
"TCGA-E9-A1RF-01A",674.384721770459,954.521197308282,1628.90591907874,0.66441039419143
"TCGA-AO-A129-01A",936.450225080227,232.725670992238,1169.17589607247,0.713294504262193
"TCGA-B6-A0RQ-01A",-802.063639575291,-115.803202904391,-917.866842479682,0.891452774756636
"TCGA-A2-A0CX-01A",473.781464807961,1016.56648576439,1490.34795057235,0.679472424093441
"TCGA-AR-A0TZ-01A",-521.327208190838,122.059027709849,-399.268180480989,0.854411441997986
"TCGA-A8-A086-01A",-344.526831224923,882.256309274675,537.729478049751,0.775102102355338
"TCGA-E9-A3HO-01A",186.29827405123,-166.892847273407,19.4054267778228,0.820885958025691
"TCGA-E9-A249-01A",-340.204255023328,-191.753784276426,-531.958039299754,0.864369103884957
"TCGA-AC-A6IW-01A",1798.27935244147,-69.5685045527568,1728.71084788871,0.653390392370108
"TCGA-AC-A3TN-01A",-370.905179238634,65.7775679423639,-305.127611296271,0.847149915319008
"TCGA-EW-A1P0-01A",-165.437656618036,199.027913018409,33.5902564003732,0.819695069386723
"TCGA-E2-A10B-01A",-79.4439022732639,607.504427912422,528.060525639158,0.775998079928271
"TCGA-B6-A40C-01A",102.91728959334,802.297090753578,905.214380346918,0.739908381460979
"TCGA-A2-A0CP-01A",-160.691590813521,1024.2084897168,863.516898903283,0.744011942348101
"TCGA-E2-A2P6-01A",-56.4518791489802,27.3959950158026,-29.0558841331776,0.824927651622519
"TCGA-XX-A899-01A",1240.44682242873,1205.06896857631,2445.51579100504,0.570271045699184
"TCGA-E9-A1N5-01A",470.478198637396,1145.94545645198,1616.42365508937,0.665778644225939
"TCGA-PL-A8LX-01A",-64.8602667529885,-358.175979485795,-423.036246238784,0.856219048101164
"TCGA-A2-A3XZ-01A",1281.00590390844,23.7508995417406,1304.75680345018,0.699205772839017
"TCGA-A2-A0EU-01A",-504.394461644539,217.106425315212,-287.288036329327,0.845755586208614
"TCGA-E9-A295-01A",-348.330079778689,551.375247361297,203.045167582608,0.805195132874708
"TCGA-S3-AA15-01A",1870.65289733628,1332.20377103754,3202.85666837382,0.475618413626032
"TCGA-C8-A26W-01A",462.955215224948,603.12804440438,1066.08325962933,0.723818471654795
"TCGA-E9-A245-01A",-725.876839905102,-243.541631333017,-969.418471238118,0.894856011672205
"TCGA-AO-A0JJ-01A",1037.103809756,1323.63291941409,2360.73672917009,0.580449308767695
"TCGA-BH-A1FR-01A",126.198937913805,0.916109045944146,127.115046959749,0.811754471358318
"TCGA-BH-A0HO-01A",404.836549543656,465.998582674835,870.83513221849,0.743293747720906
"TCGA-C8-A12O-01A",346.824437297919,1127.70515831481,1474.52959561273,0.681174208778992
"TCGA-BH-A18F-01A",222.38375211405,947.957875262157,1170.34162737621,0.713174564819113
"TCGA-E2-A573-01A",1257.62160005216,-90.1615039899947,1167.46009606217,0.713471001028914
"TCGA-A2-A4S1-01A",1400.59860053018,1515.72456997533,2916.32317050552,0.512184846778945
"TCGA-AR-A0TV-01A",665.634397626916,-206.848345147184,458.786052479732,0.782371600615758
"TCGA-EW-A1PF-01A",163.187820318586,1071.17251301357,1234.36033333215,0.706555860183104
"TCGA-AN-A04D-01A",-1171.81134431303,-1047.89998606152,-2219.71133037455,0.961287423369684
"TCGA-BH-A1ET-01A",-66.9164370614948,599.486836879034,532.570399817539,0.775580364930368
"TCGA-BH-A0E2-01A",-221.477471020598,698.794230109536,477.316759088938,0.780674602176967
"TCGA-AO-A12D-01A",1109.50664948903,1128.35701455568,2237.86366404471,0.595041029125328
"TCGA-E2-A3DX-01A",1297.47131319656,1502.99892877743,2800.47024197399,0.526716000077194
"TCGA-A2-A0EM-01A",-315.072742549621,712.013988215353,396.941245665732,0.787993233786202
"TCGA-A2-A04U-01A",-774.790995443892,-206.073346821099,-980.864342264991,0.895604678640702
"TCGA-BH-A18J-01A",-296.249143217128,635.093766746664,338.844623529536,0.793215013823802
"TCGA-AO-A126-01A",37.1341145903315,1089.27283263613,1126.40694722647,0.717680435613416
"TCGA-BH-A18H-01A",1172.6575904773,497.276168212157,1669.93375868945,0.659897415728236
"TCGA-BH-A0HX-01A",-190.937381087907,636.340744542777,445.403363454869,0.783593556622432
"TCGA-AO-A0JA-01A",309.229470027119,1203.82988469599,1513.05935472311,0.677022661757469
"TCGA-BH-A202-01A",495.270227093955,502.165398156453,997.435625250408,0.730734416739184
"TCGA-5L-AAT0-01A",614.061143880245,1056.30411936295,1670.36526324319,0.659849823636865
"TCGA-BH-A201-01A",-473.270317793976,846.419558305864,373.149240511888,0.790138632445428
"TCGA-WT-AB41-01A",1758.01663823107,200.326256737286,1958.34289496836,0.627506919431573
"TCGA-EW-A1J6-01A",568.823590514459,-164.920523642036,403.903066872423,0.787363646078423
"TCGA-BH-A0RX-01A",1635.36587708805,1180.46679943661,2815.83267652466,0.52479779618802
"TCGA-AR-A5QP-01A",-254.091153064895,551.021634851387,296.930481786492,0.796946496817106
"TCGA-AR-A24V-01A",360.067572533355,1512.30362360963,1872.37119614298,0.637282488975462
"TCGA-D8-A140-01A",149.209717212581,357.742342186115,506.952059398695,0.777948671140705
"TCGA-E9-A1NE-01A",1716.08469153829,1015.17070929588,2731.25540083417,0.535325032072157
"TCGA-C8-A12P-01A",116.486887067352,809.637541060243,926.124428127595,0.737840122505756
"TCGA-Z7-A8R6-01A",-324.691661149077,-131.143323505554,-455.834984654631,0.858696335086945
"TCGA-AN-A0XV-01A",-0.969149328101549,805.907792765119,804.938643437017,0.749729667580478
"TCGA-EW-A1OV-01A",2103.70444539467,885.214701232711,2988.91914662738,0.503003552655354
"TCGA-A2-A1FX-01A",87.5896421564953,636.962660250299,724.552302406794,0.757485730634831
"TCGA-AR-A2LO-01A",735.591733287836,788.493853138491,1524.08558642633,0.675830603875268
"TCGA-E2-A105-01A",-805.784841962345,-492.075391217117,-1297.86023317946,0.915327315459051
"TCGA-A7-A26I-01A",-128.409767983749,899.988963226049,771.5791952423,0.752961081894962
"TCGA-E9-A5FK-01A",1917.47205057533,767.702592817571,2685.1746433929,0.541026030536156
"TCGA-A8-A07B-01A",-415.152757311822,616.493516820035,201.340759508213,0.805343471251033
"TCGA-A2-A04T-01A",483.221409902959,-224.372437084619,258.84897281834,0.800310620965038
"TCGA-EW-A1PE-01A",899.878191571652,931.943456345894,1831.82164791755,0.641858120973527
"TCGA-D8-A1XW-01A",986.969039743156,1123.94891656032,2110.91795630348,0.609913041946677
"TCGA-AR-A0TP-01A",-1060.92896746218,-548.053107105475,-1608.98207456766,0.932757982017112
"TCGA-C8-A26V-01A",-57.8609062585846,113.229046774956,55.3681405163718,0.817859790677313
"TCGA-AO-A0J4-01A",780.530052882148,219.641877960934,1000.17193084308,0.7304601612604
"TCGA-A8-A08X-01A",751.064140375318,1086.34834254569,1837.412482921,0.641228596136398
"TCGA-AC-A2FE-01A",1431.96866822063,1098.53697473755,2530.50564295818,0.559978832223017
"TCGA-A7-A4SC-01A",123.643210867541,711.632953238417,835.276164105958,0.746775366569275
"TCGA-OL-A66N-01A",420.423416290195,663.082344824184,1083.50576111438,0.722051510401947
"TCGA-A2-A0CM-01A",1078.99866977611,655.37143169239,1734.3701014685,0.652761299867241
"TCGA-D8-A1X5-01A",323.894424948853,771.031194781673,1094.92561973053,0.720890764328958
"TCGA-BH-A0EB-01A",972.717376676357,1232.91048931722,2205.62786599358,0.598837312027138
"TCGA-AN-A0AR-01A",-859.952315368643,-798.537111338766,-1658.48942670741,0.935353143719106
"TCGA-B6-A0WW-01A",-510.434860334814,353.906509856516,-156.528350478298,0.835359072418707
"TCGA-E2-A1L8-01A",-99.6162266897127,712.201717912027,612.585491222314,0.768112840724795
"TCGA-EW-A1P1-01A",855.79091928037,1614.13246814658,2469.92338742695,0.567324316693935
"TCGA-E2-A2P5-01A",-267.432290461163,349.824913953449,82.3926234922866,0.815570748947312
"TCGA-E2-A576-01A",-379.647343974906,-97.2732811164989,-476.920625091405,0.860278425040671
"TCGA-A7-A0DB-01C",-226.105070635496,1160.33190509927,934.226834463776,0.737036825959478
"TCGA-AC-A23G-01A",528.251966430938,1718.20239617814,2246.45436260908,0.594027084512988
"TCGA-BH-A0BP-01A",-153.123830432451,1140.53340077092,987.409570338465,0.731738304317305
"TCGA-A2-A3XS-01A",190.361653621738,92.4031351136294,282.764788735367,0.798200809867235
"TCGA-EW-A1PD-01A",-411.184678142598,843.268269558488,432.08359141589,0.78480676520389
"TCGA-AC-A3OD-01B",1491.18218253065,1085.13222775773,2576.31441028838,0.554395171984312
"TCGA-BH-A0DK-01A",1320.75246863289,1354.2206668875,2674.97313552038,0.542284798622041
"TCGA-E9-A1ND-01A",1652.9468587914,642.00289606932,2294.94975486073,0.588285590983016
"TCGA-E2-A109-01A",-310.631815553881,243.079400982656,-67.5524145712247,0.828108537534128
"TCGA-AN-A03Y-01A",-49.7785367108138,46.2347084491399,-3.54382826167394,0.82280512590356
"TCGA-A2-A4RX-01A",246.110015073308,1005.80670281417,1251.91671788748,0.704729831099452
"TCGA-A8-A06R-01A",403.210845300534,1041.19668214044,1444.40752744098,0.68440466568463
"TCGA-AR-A0TX-01A",1098.63872494627,880.7241796523,1979.36290459857,0.625101537031018
"TCGA-E9-A3QA-01A",1653.60131991264,280.524478410426,1934.12579832307,0.63027074651659
"TCGA-GM-A2DA-01A",907.828276424791,988.130875651782,1895.95915207657,0.6346104144801
"TCGA-AR-A0TR-01A",-489.923422458209,-1148.83564885132,-1638.75907130953,0.93432479663874
"TCGA-OL-A5D6-01A",105.111250305026,993.100727102098,1098.21197740712,0.720556354333029
"TCGA-A2-A0YG-01A",-360.488472037309,-155.451369761548,-515.939841798857,0.863184353130038
"TCGA-EW-A1IZ-01A",1887.52609538807,160.738926304932,2048.265021693,0.617175258938932
"TCGA-C8-A3M8-01A",-634.399560236956,188.744409836378,-445.655150400579,0.857929580188761
"TCGA-BH-A0AW-01A",1647.04704607993,1067.70909750452,2714.75614358445,0.537369108209986
"TCGA-E9-A5FL-01A",97.6838423110343,317.22894572886,414.912788039894,0.786366311088027
"TCGA-BH-A0EE-01A",178.582707810441,-1090.68253063849,-912.099822828053,0.891068880398005
"TCGA-A7-A6VY-01A",888.212490631933,543.79977539925,1432.01226603118,0.685730119683756
"TCGA-A2-A25F-01A",2726.45536881095,1999.17702073985,4725.6323895508,0.26879436085584
"TCGA-E2-A15D-01A",-204.466810737143,531.949831606435,327.483020869292,0.794229473578659
"TCGA-OL-A5D7-01A",1178.93431576345,-438.083885081611,740.850430681837,0.755921697506363
"TCGA-AQ-A04J-01A",1224.88847027385,902.659075400016,2127.54754567387,0.607976787088756
"TCGA-E9-A1N9-01A",-318.870625572783,334.888395235671,16.017769662889,0.821169842810897
"TCGA-A8-A0A7-01A",2163.24308826885,1503.02881788603,3666.27190615489,0.414727157704759
"TCGA-AO-A1KR-01A",-103.087432964817,-959.7886580768,-1062.87609104162,0.900894933843938
"TCGA-OL-A5RU-01A",997.880764242358,325.45589044351,1323.33665468587,0.697253367482887
"TCGA-C8-A12N-01A",228.163286292156,1053.52123087194,1281.6845171641,0.701623010881642
"TCGA-LL-A5YO-01A",2386.03316116343,686.106783152579,3072.13994431601,0.492408318928523
"TCGA-A8-A08A-01A",292.510189520554,606.320407333167,898.83059685372,0.740538427557902
"TCGA-D8-A4Z1-01A",-151.303223078549,747.932502034696,596.629278956147,0.769610468705557
"TCGA-A2-A1FZ-01A",310.181077129275,1112.94494404462,1423.1260211739,0.68667894957451
"TCGA-BH-A1FC-01A",929.11466244231,-111.817072214678,817.297590227632,0.748527931195636
"TCGA-C8-A12U-01A",268.718395271572,-756.600055414254,-487.881660142682,0.861097594745358
"TCGA-AR-A1AI-01A",1204.93460506441,-217.114376081,987.820228983407,0.731697217053257
"TCGA-B6-A2IU-01A",-736.669511731922,-274.720876892306,-1011.39038862423,0.89758899943514
"TCGA-AR-A1AQ-01A",1321.56176104561,421.836521437566,1743.39828248317,0.651756779179456
"TCGA-A7-A6VW-01A",322.356300415752,-83.8672310059225,238.48906940983,0.802098964384565
"TCGA-A2-A0SW-01A",1086.5020776684,771.913153227513,1858.41523089592,0.638859843653603
"TCGA-A8-A094-01A",930.239034849736,668.399457960981,1598.63849281072,0.667724312017975
"TCGA-A2-A4S3-01A",383.842299379374,-2.13767403501182,381.704625344362,0.78936827522882
"TCGA-AR-A2LQ-01A",265.487099831903,1684.79326292297,1950.28036275487,0.628427955119768
"TCGA-C8-A12Z-01A",-621.944097326194,-56.1638404922697,-678.107937818464,0.874957242581424
"TCGA-C8-A133-01A",-539.745333409126,-1165.4871639704,-1705.23249737953,0.937758068456574
"TCGA-E9-A22B-01A",-47.2758126852621,932.652432351623,885.376619666361,0.7418641348494
"TCGA-E9-A228-01A",-242.286746064864,-15.9572387766977,-258.243984841562,0.84347311981443
"TCGA-E9-A247-01A",-877.187076846283,-316.392169335348,-1193.57924618163,0.909055933407849
"TCGA-D8-A1JJ-01A",0.774250746310789,880.626411700863,881.400662447174,0.742255357953614
"TCGA-D8-A1XB-01A",-503.874222504277,912.423124410423,408.548901906147,0.786943045568491
"TCGA-LL-A9Q3-01A",331.719551742286,280.498346788253,612.217898530539,0.768147389916276
"TCGA-B6-A0X5-01A",-680.890143308309,-422.235785334947,-1103.12592864326,0.903443578019441
"TCGA-BH-A1FD-01A",-126.912282033378,590.970870730258,464.05858869688,0.781889342837803
"TCGA-A8-A09T-01A",-121.357540365979,550.662557700327,429.305017334348,0.785059468812434
"TCGA-OL-A66K-01A",-441.44338560148,608.044980746359,166.60159514488,0.808355899576045
"TCGA-AC-A2FF-01A",760.377588162297,1608.15223928668,2368.52982744898,0.579517425890031
"TCGA-E2-A15L-01A",-481.404539769845,532.835565690227,51.4310259203818,0.818192200975508
"TCGA-E9-A6HE-01A",329.489191748127,709.39708987222,1038.88628162035,0.726567276839775
"TCGA-GM-A2DF-01A",1134.98068297672,530.935977594983,1665.9166605717,0.66034034794414
"TCGA-BH-A0BW-01A",1247.8979747172,292.211741738909,1540.10971645611,0.674095062607268
"TCGA-A2-A25B-01A",152.175199307505,661.003972437783,813.179171745288,0.748928664224426
"TCGA-B6-A0IA-01A",-656.156659884248,-853.627610117319,-1509.78427000157,0.927409966877642
"TCGA-A7-A6VV-01A",494.015309444841,919.534892602254,1413.5502020471,0.687700100929989
"TCGA-AN-A0FF-01A",454.160979426422,579.919773311112,1034.08075273753,0.727051770261394
"TCGA-A2-A3XW-01A",756.066576617767,549.427508531983,1305.49408514975,0.699128396904121
"TCGA-A2-A3XT-01A",1170.04916190649,262.919906496311,1432.9690684028,0.685627887388012
"TCGA-A2-A0ET-01A",-57.2444007867165,-638.094706913162,-695.339107699879,0.876179147391793
"TCGA-E9-A5UP-01A",-185.563573946688,-1159.66774711304,-1345.23132105973,0.918105423627542
"TCGA-D8-A27G-01A",402.348882324293,1002.18987503361,1404.53875735791,0.688659827283376
"TCGA-A2-A1G0-01A",266.727036636068,962.268898047075,1228.99593468314,0.707112872700537
"TCGA-D8-A1Y3-01A",661.694781533254,94.6617697467297,756.356551279984,0.754429652217483
"TCGA-BH-A5J0-01A",1289.26232570499,1160.01894866671,2449.28127437171,0.569816915500498
"TCGA-E2-A1B1-01A",952.634313231231,1457.39266525956,2410.02697849079,0.574542540181347
"TCGA-C8-A1HN-01A",-255.659887028179,-12.2283037321753,-267.888190760354,0.844232725093253
"TCGA-BH-A0HL-01A",-1367.98705518713,-920.446374795531,-2288.43342998266,0.964018082517641
"TCGA-B6-A0RT-01A",2602.14681836723,880.135121825835,3482.28194019307,0.439148372274649
"TCGA-C8-A12M-01A",-466.342682867693,-294.503493756651,-760.846176624344,0.880773188052055
"TCGA-AO-A0J8-01A",283.720052541023,493.879024851343,777.599077392366,0.752379289564784
"TCGA-A8-A08J-01A",-69.9762731892026,695.421708741821,625.445435552619,0.766902757202042
"TCGA-A7-A6VX-01A",-282.275033832324,583.85750598344,301.582472151116,0.796533830602239
"TCGA-BH-A0HN-01A",-394.226229879857,-783.189688843346,-1177.4159187232,0.908064779328828
"TCGA-A2-A1FW-01A",-543.055980226629,290.89768609188,-252.158294134749,0.842992923406564
"TCGA-D8-A27K-01A",266.889810166401,573.244139378373,840.133949544775,0.746300933055231
"TCGA-BH-A0BF-01A",1749.95261176934,1719.12006827836,3469.0726800477,0.440889541090092
"TCGA-LD-A9QF-01A",2190.15916800884,1383.9882351599,3574.14740316874,0.426993886330397
"TCGA-BH-A0H0-01A",-618.657016849224,-413.031061342581,-1031.6880781918,0.898898460968859
"TCGA-BH-A209-01A",1735.68728290256,472.054409495932,2207.74169239849,0.598588784882872
"TCGA-E2-A14S-01A",334.318589919994,48.0497322984324,382.368322218426,0.789308461556544
"TCGA-BH-A0DP-01A",428.361749778929,919.401080602179,1347.76283038111,0.694678730853719
"TCGA-W8-A86G-01A",-908.901433722753,184.797491192421,-724.103942530332,0.878206439983533
"TCGA-A8-A09C-01A",-756.854336719789,151.143772412579,-605.71056430721,0.869762291959088
"TCGA-E2-A574-01A",-1084.71557536642,-1165.59568981332,-2250.31126517974,0.962515403490803
"TCGA-A8-A084-01A",-481.808220730916,194.555820325667,-287.252400405249,0.845752795121574
"TCGA-GM-A2DK-01A",317.53739209112,811.012390661436,1128.54978275256,0.717461360711429
"TCGA-A8-A09E-01A",-636.237193363663,-199.754925123242,-835.992118486905,0.885942889398309
"TCGA-AO-A0J9-01A",1158.26565473775,1396.69389460936,2554.95954934711,0.557001264163541
"TCGA-AO-A03M-01B",866.977636825702,326.539211600301,1193.516848426,0.710785789397093
"TCGA-AO-A12H-01A",-286.020837445932,-106.208854345183,-392.229691791115,0.853874154783607
"TCGA-BH-A1F6-01A",716.877534022373,400.695146642132,1117.57268066451,0.718582865528884
"TCGA-B6-A0WY-01A",-52.0419704464899,647.014342561228,594.972372114738,0.769765741858616
"TCGA-A8-A06N-01A",-878.63781998555,-1439.88061373139,-2318.51843371694,0.965182647669454
"TCGA-BH-A0BL-01A",1082.04264027132,1468.11031209166,2550.15295236298,0.557587095193236
"TCGA-A2-A0EY-01A",314.760363628133,312.47746185406,627.237825482193,0.766733881414958
"TCGA-A2-A0T2-01A",-6.94041769463054,109.590373375956,102.649955681325,0.813846484229583
"TCGA-D8-A27I-01A",615.524224583173,1289.89588891948,1905.42011350266,0.633536524867661
"TCGA-EW-A6S9-01A",-346.351494333972,627.927690661129,281.576196327157,0.798305897905892
"TCGA-D8-A1X6-01A",473.892903760657,216.435434591915,690.328338352573,0.760755877116971
"TCGA-XX-A89A-01A",1111.83802753456,1753.89828208969,2865.73630962425,0.51854830095405
"TCGA-EW-A1IX-01A",49.5644456297871,1133.61330859622,1183.17775422601,0.711852504769588
"TCGA-E9-A5UO-01A",-1089.26496963842,-1093.25105167489,-2182.5160213133,0.959768657082767
"TCGA-E9-A1NC-01A",1083.47573540216,769.930936020918,1853.40667142308,0.639425276114219
"TCGA-AR-A24H-01A",132.728453201518,-163.583359657957,-30.8549064564385,0.825076888513094
"TCGA-E9-A1N6-01A",-77.1679827860889,942.288162180029,865.12017939394,0.743854673494251
"TCGA-E2-A1L6-01A",-101.734773196552,412.389747911797,310.654974715244,0.795727963670209
"TCGA-E2-A1LB-01A",-407.92832471175,396.156886966529,-11.7714377452212,0.823490900115932
"TCGA-E9-A54Y-01A",-347.701412546142,-1135.96751525083,-1483.66892779697,0.92596927551573
"TCGA-BH-A1ES-01A",-940.129300814039,421.838461161514,-518.290839652524,0.863358538479134
"TCGA-E9-A1R5-01A",-517.036801875334,618.650768084741,101.613966209407,0.813934840364595
"TCGA-E2-A15S-01A",-1205.05241108333,-823.167979332434,-2028.22039041577,0.953163442327133
"TCGA-EW-A3E8-01B",1068.03327874736,889.27074367187,1957.30402241923,0.627625645980509
"TCGA-A8-A07J-01A",1012.72388606957,1692.70526125675,2705.42914732632,0.538523226488851
"TCGA-E2-A1B5-01A",2132.06659015015,773.349194098535,2905.41578424869,0.513559315775782
"TCGA-C8-A26X-01A",1536.40429626257,1197.61008501311,2734.01438127568,0.534982918043298
"TCGA-AC-A6IX-01A",349.849384189119,1113.85328204087,1463.70266622999,0.682336884843368
"TCGA-AO-A12C-01A",-500.587125765203,1082.98368147154,582.396555706333,0.770942770101247
"TCGA-E2-A1IF-01A",-79.2611793549217,835.030304723767,755.769125368845,0.754486247372771
"TCGA-B6-A0RG-01A",-769.38555939802,96.0808105971332,-673.304748800887,0.874615638618864
"TCGA-E2-A14N-01A",278.401097728255,-662.246402788818,-383.845305060563,0.853232938137275
"TCGA-A7-A3RF-01A",-824.603613441172,-251.572896980266,-1076.17651042144,0.90174060776164
"TCGA-AR-A5QM-01A",546.867424868615,882.053369884569,1428.92079475318,0.686060344338356
"TCGA-E2-A10C-01A",659.804896176438,79.6255226000311,739.430418776469,0.756058139674605
"TCGA-AC-A3TM-01A",248.618762399936,190.365518670879,438.984281070815,0.784178601960118
"TCGA-AN-A04C-01A",-121.036259640636,-335.61417863689,-456.650438277526,0.858757672913446
"TCGA-BH-A1F2-01A",-179.102729322316,1055.4249673053,876.322237982986,0.742754693042002
"TCGA-C8-A12W-01A",234.802848697833,1002.30738271572,1237.11023141355,0.706270154549143
"TCGA-BH-A18N-01A",-446.056328360949,47.5960656952204,-398.460262665728,0.854349815436586
"TCGA-C8-A12K-01A",1831.55117190954,490.384826364548,2321.93599827409,0.585077691989032
"TCGA-E9-A1N4-01A",889.343648800544,956.11090057925,1845.45454937979,0.640322306747484
"TCGA-A7-A13G-01A",-612.178416697648,185.507666942794,-426.670749754854,0.856494540773943
"TCGA-A7-A13G-01B",-201.062844105901,654.650444654413,453.587600548512,0.782846623396919
"TCGA-D8-A1XO-01A",235.379490826107,1103.16443862905,1338.54392945516,0.695651498447987
"TCGA-BH-A0E6-01A",260.740320882207,-63.3068719079288,197.433448974278,0.805683342806367
"TCGA-E2-A1II-01A",1871.7343168621,74.7851168361771,1946.51943369827,0.628857289619272
"TCGA-HN-A2NL-01A",-82.3024800669588,-808.661948978731,-890.96442904569,0.889656500065234
"TCGA-A8-A07W-01A",115.101220198483,403.985583296921,519.086803495404,0.776828235128144
"TCGA-D8-A1JC-01A",164.296933770349,624.709470430486,789.006404200835,0.75127521588904
"TCGA-AO-A0JC-01A",3199.29714955416,750.240615909757,3949.53776546392,0.376543921813168
"TCGA-EW-A1P7-01A",2024.33213675843,1123.37421995521,3147.70635671364,0.482723906186077
"TCGA-AC-A3BB-01A",1171.16287588181,1255.98450659389,2427.1473824757,0.572483838311386
"TCGA-BH-A0DX-01A",703.422342738317,1297.6081986705,2001.03054140881,0.622615815979648
"TCGA-C8-A1HF-01A",890.106426080854,877.734301302856,1767.84072738371,0.64903145081203
"TCGA-A8-A07Z-01A",124.577416500868,-259.791508715076,-135.214092214208,0.833635133477714
"TCGA-B6-A0I6-01A",-546.61156072967,292.242250038011,-254.369310691658,0.843167463302876
"TCGA-A2-A3XU-01A",-1053.23793570239,-1130.28414021033,-2183.52207591272,0.959810113172042
"TCGA-E9-A54X-01A",-1334.63887354627,-1706.01832623382,-3040.65719978009,0.987440831883007
"TCGA-AN-A0XT-01A",-529.614329860649,81.2417338133753,-448.372596047273,0.858134448308993
"TCGA-C8-A1HJ-01A",-491.190485741605,-280.525696442975,-771.71618218458,0.881527639983514
"TCGA-D8-A1JM-01A",-418.336255120357,-1131.91138995907,-1550.24764507943,0.929615264310967
"TCGA-C8-A1HL-01A",-135.1889556924,705.966472961903,570.777517269503,0.772027914300415
"TCGA-JL-A3YW-01A",1186.5449656671,1549.39726357642,2735.94222924352,0.534743812497717
"TCGA-B6-A0I8-01A",-809.17392104551,200.305601425209,-608.868319620301,0.869990933072455
"TCGA-BH-A1EY-01A",924.3373948994,1300.8034054768,2225.1408003762,0.596540946869815
"TCGA-AR-A5QN-01A",206.243268317157,600.022786542369,806.266054859525,0.749600713413228
"TCGA-AN-A0AT-01A",-106.206999371246,-506.480846465052,-612.687845836298,0.870267240724586
"TCGA-A2-A0T3-01A",-856.430030637702,-210.394406299892,-1066.82443693759,0.901146338078916
"TCGA-A2-A0T6-01A",778.508792991928,1625.77318064065,2404.28197363258,0.575232555595895
"TCGA-GM-A3XN-01A",485.434353901862,1195.90008597937,1681.33443988123,0.658639107698902
"TCGA-AC-A62Y-01A",713.730959033267,613.239375297516,1326.97033433078,0.696870926876807
"TCGA-E2-A15E-01A",-812.744952862831,229.523506684262,-583.221446178569,0.868128538351229
"TCGA-A1-A0SQ-01A",-247.364860741981,-90.0843645895195,-337.4492253315,0.849661347217828
"TCGA-A8-A0A4-01A",-634.050963187948,596.924822360948,-37.1261408269997,0.82559666531392
"TCGA-AC-A7VC-01A",221.835028457871,948.213919073021,1170.04894753089,0.713204679946288
"TCGA-A2-A0YD-01A",656.968923082527,1437.20498645127,2094.17390953379,0.61185895169511
"TCGA-EW-A1P3-01A",-162.266177420471,346.669975055084,184.403797634613,0.806814791369539
"TCGA-D8-A1XG-01A",-455.897432983435,8.36985918764025,-447.527573795795,0.858070756741091
"TCGA-BH-A0H7-01A",-290.983689245732,769.832999299848,478.849310054116,0.780533995992626
"TCGA-A8-A06Z-01A",-517.656184360431,-586.955338169098,-1104.61152252953,0.903537043796578
"TCGA-E9-A1RE-01A",-787.483526695692,-88.8645976696543,-876.348124365346,0.888674750874463
"TCGA-BH-A0B7-01A",1032.63988055034,1002.97402655534,2035.61390710568,0.618635358263168
"TCGA-B6-A0RN-01A",-614.488658726404,687.42531693613,72.9366582097263,0.816373154528458
"TCGA-E2-A14U-01A",-656.655662310214,-532.57334595103,-1189.22900826124,0.908789674808911
"TCGA-A8-A076-01A",88.4274149319349,863.545510860949,951.972925792884,0.735273785174763
"TCGA-BH-A0EA-01A",-65.911791735213,872.759782895763,806.84799116055,0.749544171017075
"TCGA-BH-A8FZ-01A",1114.25026694028,1026.28392928649,2140.53419622677,0.606462175505208
"TCGA-BH-A0BG-01A",942.693782090831,75.9420199314102,1018.63580202224,0.728606479131319
"TCGA-B6-A409-01A",-95.1231877688659,-164.487660132607,-259.610847901473,0.84358088071019
"TCGA-E9-A248-01A",1362.88827555378,360.644309448826,1723.53258500261,0.653965622079864
"TCGA-BH-A0AZ-01A",152.041540253311,1644.01842387882,1796.05996413213,0.645874622027944
"TCGA-BH-A1FH-01A",-104.212462166431,1602.51947974154,1498.30701757511,0.678614778588932
"TCGA-AN-A0FX-01A",-688.1157969996,298.863314888459,-389.252482111141,0.853646613373575
"TCGA-B6-A0X1-01A",497.991303623849,-576.208429651977,-78.2171260281272,0.8289850666486
"TCGA-BH-A0B3-01A",746.023317878915,594.766538567019,1340.78985644593,0.695414628173162
"TCGA-BH-A0HF-01A",522.08185100915,1069.49648396415,1591.5783349733,0.668495420671804
"TCGA-AN-A0XO-01A",-1043.4727841745,291.516870439809,-751.955913734691,0.880154476610858
"TCGA-A2-A0CZ-01A",543.918062838307,1458.76538547898,2002.68344831728,0.622425934877181
"TCGA-A2-A04N-01A",-317.874180789656,845.710038577744,527.835857788088,0.776018880294127
"TCGA-A2-A0SX-01A",1289.76840365698,851.371661694372,2141.14006535135,0.6063914601415
"TCGA-B6-A0I5-01A",106.500630405885,277.738455102679,384.239085508564,0.789139824359717
"TCGA-GI-A2C9-01A",-0.563793619337127,345.49281791317,344.929024293833,0.792670839897389
"TCGA-AR-A250-01A",440.87713304184,1276.99437670557,1717.87150974741,0.654594052886742
"TCGA-EW-A1P5-01A",501.728256409313,166.121982779358,667.850239188671,0.762893249140771
"TCGA-E2-A15P-01A",-541.574645494413,345.459371253933,-196.11527424048,0.838539230380235
"TCGA-EW-A1OY-01A",-286.346327247399,-141.703712314453,-428.050039561852,0.856599026111629
"TCGA-B6-A0RL-01A",-1099.51238904754,-1936.55518410452,-3036.06757315206,0.98733416982016
"TCGA-C8-A130-01A",-349.578290543858,482.608077576733,133.029787032875,0.811247128759893
"TCGA-BH-A18P-01A",-118.007838041081,363.518278774043,245.510440732962,0.801483039934272
"TCGA-AC-A8OS-01A",492.041255079913,1084.20587556663,1576.24713064655,0.670167417476621
"TCGA-D8-A1J9-01A",61.0640805466142,848.073910571759,909.137991118373,0.739520819151658
"TCGA-AR-A256-01A",-74.2462465377266,-55.7787828187639,-130.025029356491,0.833214196121735
"TCGA-A7-A426-01A",-59.2441100521537,659.908820272729,600.664710220576,0.769232107251756
"TCGA-BH-A1FG-01A",-369.053927746753,-94.290391260438,-463.344319007191,0.859260716603679
"TCGA-BH-A0BJ-01A",124.51308556181,872.722836039741,997.235921601551,0.730754428097173
"TCGA-A7-A3J0-01A",-123.049273404062,-626.467551241078,-749.51682464514,0.879984467891793
"TCGA-E2-A15C-01A",-270.994337849621,622.554516896639,351.560179047018,0.792077045582427
"TCGA-E2-A14Z-01A",1179.6110333278,686.151554698916,1865.76258802672,0.638029752020543
"TCGA-EW-A3U0-01A",2067.84154293984,994.341641381351,3062.18318432119,0.493679862102736
"TCGA-E2-A10E-01A",-203.27860960499,95.3947522889375,-107.883857316053,0.831412672848643
"TCGA-AR-A0TY-01A",-637.799779046913,-365.142147070371,-1002.94192611728,0.897041615996843
"TCGA-E2-A1B4-01A",-691.358623262523,-71.4016609496005,-762.760284212124,0.880906202788606
"TCGA-A7-A4SE-01A",-132.124255848076,683.759531003714,551.635275155638,0.773810778728635
"TCGA-GM-A2DC-01A",-519.559035343924,-311.31055618578,-830.869591529704,0.885593899236446
"TCGA-C8-A1HG-01A",786.645123864361,391.151695594766,1177.79681945913,0.71240702339516
"TCGA-E9-A226-01A",-492.420780134218,816.109003017862,323.688222883644,0.794567813167899
"TCGA-D8-A1JN-01A",-345.721700760039,-884.573713013243,-1230.29541377328,0.911288388202234
"TCGA-BH-A0BO-01A",642.776344812141,1260.25445123351,1903.03079604565,0.633807845606621
"TCGA-E9-A1R7-01A",-863.180667866479,-245.109495214148,-1108.29016308063,0.903768299636743
"TCGA-BH-A0HW-01A",-1287.58792090313,-1061.55526915422,-2349.14319005735,0.966348773311042
"TCGA-D8-A1JB-01A",1185.86434341885,706.492278571045,1892.35662198989,0.635019006841921
"TCGA-E2-A15G-01A",-457.130560448306,-138.162262743731,-595.292823192037,0.86900665780684
"TCGA-D8-A3Z6-01A",-380.825538144278,498.637494377555,117.811956233277,0.812551214784183
"TCGA-A2-A4S0-01A",-648.99592581763,-489.728913424966,-1138.7248392426,0.905671444713573
"TCGA-A2-A25E-01A",-494.296459965071,122.710885118631,-371.58557484644,0.852293018839194
"TCGA-E2-A10A-01A",-170.664865670388,201.674942613756,31.0100769433686,0.819911953151158
"TCGA-BH-A0E9-01B",-71.8238409620772,324.551491452081,252.727650490004,0.800849048943497
"TCGA-OL-A66H-01A",862.918659771413,581.422614882563,1444.34127465398,0.684411756275242
"TCGA-AQ-A04L-01B",-280.456555546466,466.584799680053,186.128244133586,0.806665215936895
"TCGA-BH-A0WA-01A",-168.906575615453,155.673885438021,-13.2326901774319,0.823612570454892
"TCGA-A2-A25C-01A",-77.4228392306017,675.769847946516,598.347008715914,0.769449447612451
"TCGA-BH-A1EX-01A",413.178009524275,1033.121936903,1446.29994642728,0.684202105468729
"TCGA-BH-A0DE-01A",423.737384665602,1081.79051494437,1505.52789960998,0.677835876302693
"TCGA-BH-A0C3-01A",614.446795401831,1333.99144003733,1948.43823543916,0.628638269866497
"TCGA-A2-A0T7-01A",-45.1666577254473,749.205204313211,704.038546587763,0.759448148476008
"TCGA-C8-A12L-01A",-177.619490613655,-253.811991758308,-431.431482371963,0.856855031970837
"TCGA-AN-A0AS-01A",224.894697255826,927.376057555639,1152.27075481147,0.715031486451207
"TCGA-BH-A0GY-01A",186.405849078286,427.026284887081,613.432133965367,0.768033258214077
"TCGA-OL-A5S0-01A",678.542750976515,734.809629450259,1413.35238042677,0.687721182020776
"TCGA-BH-A42V-01A",236.822118149061,759.233398728309,996.05551687737,0.730872698044965
"TCGA-UU-A93S-01A",-84.034038753854,-802.859606750133,-886.893645503987,0.889383484592768
"TCGA-BH-A6R9-01A",1349.41889633791,2012.25817546366,3361.67707180157,0.454983714776445
"TCGA-BH-A1EO-01A",577.498269660356,1724.01560216919,2301.51387182955,0.587506151328263
"TCGA-B6-A0RP-01A",206.098919799589,934.609814004934,1140.70873380452,0.716216934885561
"TCGA-BH-A0B9-01A",1015.30409136437,-673.365817368189,341.938273996177,0.792938404330678
"TCGA-D8-A13Z-01A",594.403789400342,616.358578745046,1210.76236814539,0.709002875799085
"TCGA-WT-AB44-01A",-9.39444663033346,564.783538791103,555.389092160769,0.773461637965348
"TCGA-E9-A1RC-01A",-862.912637606378,-10.9753940119183,-873.888031618296,0.888509108831315
"TCGA-AR-A0TQ-01A",580.678350838329,254.68370027205,835.362051110379,0.746766981748749
"TCGA-B6-A0I1-01A",-904.306822835926,-1117.982107218,-2022.28893005393,0.952899742101613
"TCGA-A8-A08O-01A",-812.783723426956,482.086581267578,-330.697142159379,0.849138279974524
"TCGA-EW-A1IW-01A",-17.0835044209011,601.312827631512,584.22932321061,0.770771396437869
"TCGA-A8-A07P-01A",-21.8855079305701,525.23691502304,503.35140709247,0.778280655082923
"TCGA-D8-A1XF-01A",-756.73995814211,-763.247090235976,-1519.98704837809,0.927969117096463
"TCGA-AR-A251-01A",-264.294856082206,160.158876312889,-104.135979769317,0.831106856013481
"TCGA-AC-A8OR-01A",-182.392358324286,-926.407689065162,-1108.80004738945,0.903800332458004
"TCGA-E2-A56Z-01A",-626.520321557731,-320.3475715563,-946.867893114031,0.893373604144429
"TCGA-AN-A0XL-01A",-353.828362365781,1066.01909850283,712.190736137045,0.758669104951831
"TCGA-BH-A0DZ-01A",549.034165874752,1248.74267487794,1797.7768407527,0.645682200342817
"TCGA-D8-A145-01A",-44.4339931307147,849.775821442638,805.341828311923,0.749690502349611
"TCGA-E9-A1R6-01A",-532.393499751045,166.560137604248,-365.833362146797,0.851851061215765
"TCGA-AO-A12F-01A",-593.538847990362,472.274789548237,-121.264058442126,0.832502408236078
"TCGA-D8-A1X7-01A",-304.864894057289,428.866631775778,124.001737718488,0.812021272712094
"TCGA-D8-A1XJ-01A",-366.695326755107,380.900781697792,14.2054549426848,0.821321630945425
"TCGA-A2-A0YK-01A",1399.51955063225,1215.39728961164,2614.91684024389,0.549670424618026
"TCGA-E2-A14T-01A",-170.928370049275,-85.9589487809009,-256.887318830175,0.843366129258603
"TCGA-E2-A1B6-01A",2357.88797416362,32.3831166087684,2390.27109077239,0.576913644625847
"TCGA-EW-A1OZ-01A",219.209582523528,602.887272096135,822.096854619664,0.74806060493199
"TCGA-PL-A8LZ-01A",1421.93622152356,1110.87560667467,2532.81182819823,0.559698332953232
"TCGA-MS-A51U-01A",58.9314216512238,821.329002050803,880.260423702027,0.742367507622856
"TCGA-LL-A8F5-01A",450.614120612366,-68.0388813922403,382.575239220125,0.789289812256047
"TCGA-LL-A50Y-01A",378.517378855177,-7.74271278810027,370.774666067077,0.790352226675291
"TCGA-AR-A1AP-01A",353.899400570955,581.817752894883,935.717153465838,0.736888957771003
"TCGA-AR-A1AK-01A",1012.79501310077,1005.22624836617,2018.02126146694,0.620662225819094
"TCGA-AN-A0XS-01A",536.625468087056,1147.13406193601,1683.75953002306,0.658371209309585
"TCGA-D8-A73U-01A",2360.55257963259,1558.12304994082,3918.67562957341,0.380736818587337
"TCGA-AC-A5XU-01A",-482.850346959309,514.583368917815,31.7330219585058,0.819851195967041
"TCGA-AN-A0G0-01A",-293.666381782241,-57.1475940941511,-350.813975876392,0.850694219965917
"TCGA-B6-A0IG-01A",-486.954270499015,-111.418783764537,-598.373054263552,0.869230289106098
"TCGA-AR-A1AU-01A",-373.642636604518,562.718890037152,189.076253432634,0.806409391133698
"TCGA-LD-A74U-01A",479.555848230313,1124.4869561598,1604.04280439011,0.667133569850747
"TCGA-A2-A0T5-01A",-349.921809582867,368.088421272081,18.166611689214,0.820989793953858
"TCGA-EW-A1OX-01A",-1376.25445825095,-1175.78535630403,-2552.03981455498,0.973580295927355
"TCGA-LD-A66U-01A",775.043504179058,638.560756931736,1413.60426111079,0.687694339962181
"TCGA-AR-A1AY-01A",-436.429219431545,-66.9054644122716,-503.334683843817,0.862248684755934
"TCGA-BH-A0E1-01A",-599.005239662779,226.682269804854,-372.322969857926,0.852349630902947
"TCGA-A8-A08R-01A",841.034625082935,554.677829388885,1395.71245447182,0.689598667800027
"TCGA-BH-A0C0-01A",1692.58907148329,335.235264708569,2027.82433619186,0.619533312814601
"TCGA-E2-A1L7-01A",778.421712110136,330.658506174231,1109.08021828437,0.719449240645836
"TCGA-AR-A0U0-01A",1168.06345236888,150.325834908882,1318.38928727777,0.697773753292073
"TCGA-AN-A0XW-01A",1167.94559591639,1537.09360333099,2705.03919924738,0.538571456518616
"TCGA-A7-A4SB-01A",-785.338853371678,38.0702885317341,-747.268564839944,0.879827660394229
"TCGA-E9-A1R4-01A",1100.68269168399,606.036938125335,1706.71962980933,0.655830690246861
"TCGA-OL-A5RY-01A",1812.22047730574,1313.45298602789,3125.67346333363,0.485553776846893
"TCGA-OL-A6VQ-01A",131.803567057806,863.193329933419,994.996896991225,0.730978747170056
"TCGA-A7-A0DC-01B",-709.425926565361,194.468725932775,-514.957200632586,0.863111518816208
"TCGA-A7-A0DC-01A",-1233.4163502137,-751.544654365524,-1984.96100457922,0.951223652013264
"TCGA-A8-A08F-01A",893.143572717531,817.793786587993,1710.93735930552,0.655363190645443
"TCGA-LL-A6FP-01A",-845.985532782412,-1111.07022965364,-1957.05576243605,0.949951999583829
"TCGA-GI-A2C8-01A",712.655479888504,1450.22922719248,2162.88470708099,0.603850315162781
"TCGA-A8-A06T-01A",-42.0924653788294,320.290765158043,278.198299779213,0.798604418092414
"TCGA-A8-A06U-01A",111.98783816558,-68.6977401343336,43.2900980312462,0.818878672077342
"TCGA-AO-A0JI-01A",-550.644258278649,-507.802167040226,-1058.44642531887,0.900612522192082
"TCGA-A7-A0CD-01A",-661.918070599757,69.3562325748053,-592.561838024952,0.86880823391756
"TCGA-C8-A1HI-01A",-480.785097858495,247.942296882479,-232.842800976016,0.841464364529548
"TCGA-A8-A07E-01A",270.782998782277,1358.11355924876,1628.89655803104,0.664411421144008
"TCGA-A8-A09K-01A",165.491173205217,-594.672624015771,-429.181450810554,0.85668470769083
"TCGA-D8-A1XU-01A",30.2956072744161,911.437609071806,941.733216346222,0.736291690675178
"TCGA-A8-A07I-01A",307.740016174461,1002.75781379659,1310.49782997105,0.698603049639126
"TCGA-PL-A8LV-01A",343.544746519176,-106.313771612117,237.230974907058,0.802209236190371
"TCGA-BH-A28O-01A",-14.2490092380271,1099.26064395352,1085.01163471549,0.721898565299851
"TCGA-D8-A1XV-01A",-785.762610311164,-587.653524033498,-1373.41613434466,0.919737285427083
"TCGA-D8-A1XR-01A",-487.999175221678,163.692255912241,-324.306919309437,0.848642476870287
"TCGA-D8-A27R-01A",259.209358064866,604.324665085299,863.534023150165,0.744010262815629
"TCGA-BH-A18L-01A",-615.354029900598,-610.099754618274,-1225.45378451887,0.910995516116005
"TCGA-E9-A1R2-01A",-127.599842154369,318.944279078061,191.344436923691,0.806212458029825
"TCGA-C8-A134-01A",553.154185751056,-46.8893926378263,506.26479311323,0.778012054601679
"TCGA-BH-A0HA-01A",558.394082966721,1339.80603219493,1898.20011516166,0.634356159015791
"TCGA-AR-A24T-01A",204.032691184034,1451.13955262312,1655.17224380716,0.661523917249488
"TCGA-E2-A1IG-01A",-240.857018706367,905.314622389917,664.457603683549,0.763215123414487
"TCGA-E9-A1NA-01A",491.822730541743,921.415304444988,1413.23803498673,0.687733367110967
"TCGA-D8-A1JP-01A",269.335194323441,1195.88233142613,1465.21752574957,0.682174311611711
"TCGA-AR-A252-01A",1739.43534257065,1230.82166315394,2970.25700572459,0.505369270627328
"TCGA-D8-A1XL-01A",1024.93440928527,144.920983278316,1169.85539256358,0.713224594952066
"TCGA-BH-A0EI-01A",-613.31705607321,880.289850876937,266.972794803727,0.799595056555659
"TCGA-E2-A1IO-01A",308.305381473358,1296.6660999171,1604.97148139045,0.667032014424903
"TCGA-E2-A15R-01A",-1170.13714936271,-439.007695938088,-1609.1448453008,0.93276659520139
"TCGA-B6-A0IP-01A",-224.235565543397,18.4417564706906,-205.793809072706,0.839312437972249
"TCGA-A1-A0SN-01A",574.797075854316,887.911312139889,1462.7083879942,0.682443571465484
