"Comparison","Z_statistic","Unadjusted_P","BH_adjusted_P","Feature"
"CCL19 High / IL10 Low - CCL19 High / IL10 High",-10.4262927963273,1.88083910787154e-25,3.76167821574307e-25,"ESTIMATE ImmuneScore"
"CCL19 High / IL10 Low - CCL19 Low / IL10 Low",8.66336704150494,4.58030681568091e-18,5.49636817881709e-18,"ESTIMATE ImmuneScore"
"CCL19 High / IL10 High - CCL19 Low / IL10 Low",22.4226800780426,2.36507779956522e-111,1.41904667973913e-110,"ESTIMATE ImmuneScore"
"CCL19 High / IL10 Low - CCL19 Low / IL10 High",-1.80502215870888,0.0710712146271492,0.0710712146271492,"ESTIMATE ImmuneScore"
"CCL19 High / IL10 High - CCL19 Low / IL10 High",8.73317545828609,2.47620513958214e-18,3.71430770937321e-18,"ESTIMATE ImmuneScore"
"CCL19 Low / IL10 Low - CCL19 Low / IL10 High",-11.0109943137228,3.38249861273807e-28,1.01474958382142e-27,"ESTIMATE ImmuneScore"
"CCL19 High / IL10 Low - CCL19 High / IL10 High",-6.74909387907314,1.48771310857036e-11,1.78525573028443e-11,"CD8 T cells"
"CCL19 High / IL10 Low - CCL19 Low / IL10 Low",11.5105111507336,1.16784139057679e-30,2.33568278115358e-30,"CD8 T cells"
"CCL19 High / IL10 High - CCL19 Low / IL10 Low",21.4814471030966,2.32160375585595e-102,1.39296225351357e-101,"CD8 T cells"
"CCL19 High / IL10 Low - CCL19 Low / IL10 High",4.1307353132423,3.61604738838746e-05,3.61604738838746e-05,"CD8 T cells"
"CCL19 High / IL10 High - CCL19 Low / IL10 High",11.7138697102313,1.08224928389704e-31,3.24674785169112e-31,"CD8 T cells"
"CCL19 Low / IL10 Low - CCL19 Low / IL10 High",-7.23331116847607,4.71357694049386e-13,7.07036541074079e-13,"CD8 T cells"
"CCL19 High / IL10 Low - CCL19 High / IL10 High",-9.0038907268799,2.17856973514346e-19,2.61428368217216e-19,"Cytotoxic lymphocytes"
"CCL19 High / IL10 Low - CCL19 Low / IL10 Low",10.4561719261635,1.3729087510251e-25,2.7458175020502e-25,"Cytotoxic lymphocytes"
"CCL19 High / IL10 High - CCL19 Low / IL10 Low",22.8747623469018,8.28765393855391e-116,4.97259236313235e-115,"Cytotoxic lymphocytes"
"CCL19 High / IL10 Low - CCL19 Low / IL10 High",1.3962514599886,0.162638785243751,0.162638785243751,"Cytotoxic lymphocytes"
"CCL19 High / IL10 High - CCL19 Low / IL10 High",10.921481343426,9.09993617993351e-28,2.72998085398005e-27,"Cytotoxic lymphocytes"
"CCL19 Low / IL10 Low - CCL19 Low / IL10 High",-9.23988891857852,2.46753268903928e-20,3.70129903355891e-20,"Cytotoxic lymphocytes"
"CCL19 High / IL10 Low - CCL19 High / IL10 High",-10.7520565454282,5.79548203034066e-27,1.15909640606813e-26,"Immune checkpoint signature"
"CCL19 High / IL10 Low - CCL19 Low / IL10 Low",6.61951660408138,3.60375365215141e-11,5.40563047822712e-11,"Immune checkpoint signature"
"CCL19 High / IL10 High - CCL19 Low / IL10 Low",20.3913852554144,1.99418950234609e-92,1.19651370140765e-91,"Immune checkpoint signature"
"CCL19 High / IL10 Low - CCL19 Low / IL10 High",-4.80391096258648,1.55596042003975e-06,1.55596042003975e-06,"Immune checkpoint signature"
"CCL19 High / IL10 High - CCL19 Low / IL10 High",5.64064709188641,1.69412272757285e-08,2.03294727308742e-08,"Immune checkpoint signature"
"CCL19 Low / IL10 Low - CCL19 Low / IL10 High",-12.2930073496105,9.87622324065969e-35,2.96286697219791e-34,"Immune checkpoint signature"
"CCL19 High / IL10 Low - CCL19 High / IL10 High",-5.10235394427695,3.35454617193599e-07,6.70909234387198e-07,"CAF signature"
"CCL19 High / IL10 Low - CCL19 Low / IL10 Low",4.72480082212483,2.30341007514748e-06,3.45511511272123e-06,"CAF signature"
"CCL19 High / IL10 High - CCL19 Low / IL10 Low",11.5457322828809,7.75779213314322e-31,4.65467527988593e-30,"CAF signature"
"CCL19 High / IL10 Low - CCL19 Low / IL10 High",-1.05618135750494,0.290885366238588,0.290885366238588,"CAF signature"
"CCL19 High / IL10 High - CCL19 Low / IL10 High",4.07609345484339,4.57986183388313e-05,5.49583420065976e-05,"CAF signature"
"CCL19 Low / IL10 Low - CCL19 Low / IL10 High",-6.08644055398723,1.15448494608175e-09,3.46345483824524e-09,"CAF signature"
"CCL19 High / IL10 Low - CCL19 High / IL10 High",-7.14874655774909,8.75738436084773e-13,1.31360765412716e-12,"TAM signature"
"CCL19 High / IL10 Low - CCL19 Low / IL10 Low",7.9113526604316,2.54607151016186e-15,5.09214302032372e-15,"TAM signature"
"CCL19 High / IL10 High - CCL19 Low / IL10 Low",17.7008365766702,4.13124552881871e-70,2.47874731729122e-69,"TAM signature"
"CCL19 High / IL10 Low - CCL19 Low / IL10 High",1.80405638341358,0.0712224683844465,0.0712224683844465,"TAM signature"
"CCL19 High / IL10 High - CCL19 Low / IL10 High",9.46668274848813,2.88871809389935e-21,8.66615428169806e-21,"TAM signature"
"CCL19 Low / IL10 Low - CCL19 Low / IL10 High",-6.14413995476344,8.03979319972653e-10,9.64775183967184e-10,"TAM signature"
