"sample","ImmunePhenotype","Age","Stage","Tstage","Nstage","Mstage"
"TCGA-A7-A0DC-01A","Immune_Low",63.8191780821918,"Stage I","T1","N0","M0"
"TCGA-B6-A0RL-01A","Immune_Low",60.9260273972603,"Stage II","T2","N0","M0"
"TCGA-E9-A54X-01A","Immune_Low",85.4054794520548,"Stage I","T1","N0","M0"
"TCGA-AC-A2QH-01B","Immune_Low",58.8712328767123,"Stage II","T3","N0",NA
"TCGA-B6-A0IC-01A","Immune_Low",90.0602739726027,NA,"T2",NA,NA
"TCGA-EW-A1OX-01A","Immune_Low",43.3890410958904,"Stage II","T2","N0",NA
"TCGA-B6-A0X4-01A","Immune_Low",62.158904109589,"Stage II","T2","N1","M0"
"TCGA-AO-A125-01A","Immune_Low",72.5095890410959,"Stage II","T2","N0","M0"
"TCGA-A7-A13D-01B","Immune_Low",46.7671232876712,"Stage II","T2","N0","M0"
"TCGA-A7-A13G-01A","Immune_Low",79.3671232876712,"Stage II","T2","N0",NA
"TCGA-A7-A0DC-01B","Immune_Low",63.8191780821918,"Stage I","T1","N0","M0"
"TCGA-E9-A5UO-01A","Immune_Low",41.2328767123288,"Stage II","T2","N0","M0"
"TCGA-D8-A13Y-01A","Immune_Low",52.1315068493151,"Stage I","T1","N0","M0"
"TCGA-LL-A6FP-01A","Immune_Low",90.0602739726027,"Stage II","T2",NA,NA
"TCGA-A7-A0DB-01C","Immune_Low",56.3561643835616,"Stage II","T2","N0","M0"
"TCGA-BH-A0HL-01A","Immune_Low",56.9972602739726,"Stage II","T2","N1","M0"
"TCGA-A8-A06N-01A","Immune_Low",66.5424657534247,"Stage III","T4","N0","M0"
"TCGA-D8-A1XC-01A","Immune_Low",85.5342465753425,"Stage III","T4","N1","M0"
"TCGA-BH-A0HW-01A","Immune_Low",62.9095890410959,"Stage I","T1","N0","M0"
"TCGA-A1-A0SK-01A","Immune_Low",54.9260273972603,"Stage II","T2","N0","M0"
"TCGA-AC-A2QH-01A","Immune_Low",58.8712328767123,"Stage II","T3","N0",NA
"TCGA-A7-A26E-01B","Immune_Low",71.9835616438356,"Stage III","T3","N1",NA
"TCGA-EW-A6SA-01A","Immune_Low",59.241095890411,"Stage II","T2","N0",NA
"TCGA-E2-A156-01A","Immune_Low",61.4301369863014,"Stage I","T1","N0","M0"
"TCGA-D8-A1XV-01A","Immune_Low",84.4657534246575,"Stage II","T2","N0","M0"
"TCGA-C8-A133-01A","Immune_Low",65.5397260273973,"Stage III","T3","N1","M0"
"TCGA-BH-A0HN-01A","Immune_Low",67.7561643835616,"Stage I","T1","N0","M0"
"TCGA-A2-A4S0-01A","Immune_Low",77.8520547945206,"Stage II","T2","N0","M0"
"TCGA-A8-A085-01A","Immune_Low",44.8684931506849,"Stage II","T2","N1","M0"
"TCGA-E2-A15R-01A","Immune_Low",64.5753424657534,"Stage II","T1","N1","M0"
"TCGA-AC-A7VB-01A","Immune_Low",51.5232876712329,"Stage II","T1","N1",NA
"TCGA-E9-A1N3-01A","Immune_Low",70.4493150684931,"Stage III","T1","N2","M0"
"TCGA-B6-A1KC-01B","Immune_Low",67.9205479452055,"Stage II","T2","N1","M0"
"TCGA-A7-A13G-01B","Immune_Low",79.3671232876712,"Stage II","T2","N0",NA
"TCGA-A7-A3IZ-01A","Immune_Low",63.0054794520548,"Stage II","T2","N0","M0"
"TCGA-A2-A3XU-01A","Immune_Low",35.7424657534247,"Stage II","T2","N1","M0"
"TCGA-A8-A06Q-01A","Immune_Low",63.4630136986301,"Stage III","T3","N2","M0"
"TCGA-E2-A15S-01A","Immune_Low",34.7150684931507,"Stage II","T2","N1","M0"
"TCGA-E9-A245-01A","Immune_Low",47.5698630136986,"Stage II","T2","N1","M0"
"TCGA-A8-A06Y-01A","Immune_Low",66.9643835616438,"Stage II","T2","N0","M0"
"TCGA-A8-A06Z-01A","Immune_Low",84.8876712328767,"Stage II","T3","N0","M0"
"TCGA-BH-A204-01A","Immune_Low",80.9013698630137,"Stage II","T2","N1","M0"
"TCGA-5T-A9QA-01A","Immune_Low",52.1397260273973,"Stage II","T2",NA,NA
"TCGA-BH-A8FY-01A","Immune_Low",87.4849315068493,"Stage I","T1","N0","M0"
"TCGA-E9-A54Y-01A","Immune_Low",63.1698630136986,"Stage III","T2","N2","M0"
"TCGA-D8-A1JS-01A","Immune_Low",77.2,"Stage I","T1","N0","M0"
"TCGA-B6-A1KF-01A","Immune_Low",68.1945205479452,"Stage II","T2","N1","M0"
"TCGA-E2-A14W-01A","Immune_Low",78.5315068493151,"Stage II","T2","N0","M0"
"TCGA-A2-A0CY-01A","Immune_Low",63.641095890411,"Stage II","T2","N1","M0"
"TCGA-B6-A0WV-01A","Immune_Low",67.9534246575342,"Stage II","T2","N1","M0"
"TCGA-AR-A24K-01A","Immune_Low",46.4684931506849,"Stage II","T2","N0","M0"
"TCGA-AC-A8OR-01A","Immune_Low",75.6301369863014,"Stage I","T1","N0",NA
"TCGA-B6-A0I1-01A","Immune_Low",73.7041095890411,"Stage II","T2","N0","M0"
"TCGA-A2-A1FV-01A","Immune_Low",74.758904109589,"Stage II","T3","N0","M0"
"TCGA-AO-A1KP-01A","Immune_Low",77.3890410958904,"Stage II","T1","N1","M0"
"TCGA-D8-A1JI-01A","Immune_Low",54.9917808219178,"Stage II","T1","N1",NA
"TCGA-A8-A09V-01A","Immune_Low",51.0356164383562,"Stage II","T2","N0","M0"
"TCGA-AO-A12H-01A","Immune_Low",69.9041095890411,"Stage II","T2","N0","M0"
"TCGA-3C-AAAU-01A","Immune_Low",55.372602739726,NA,NA,NA,NA
"TCGA-A8-A0AB-01A","Immune_Low",54.2849315068493,"Stage II","T2","N0","M0"
"TCGA-E9-A1RC-01A","Immune_Low",56.972602739726,"Stage III","T4","N3","M0"
"TCGA-E2-A1IE-01A","Immune_Low",61.6712328767123,"Stage II","T2","N1","M0"
"TCGA-BH-A1FJ-01A","Immune_Low",66.4712328767123,"Stage III","T3","N1","M0"
"TCGA-E2-A574-01A","Immune_Low",44.3698630136986,"Stage II","T2","N0","M0"
"TCGA-LL-A442-01A","Immune_Low",56.1506849315069,"Stage II","T2","N0",NA
"TCGA-A7-A3RF-01A","Immune_Low",79.9561643835616,"Stage II","T2","N0","M0"
"TCGA-AR-A1AH-01A","Immune_Low",52.0301369863014,"Stage II","T2","N1","M0"
"TCGA-A8-A083-01A","Immune_Low",67.7972602739726,"Stage II","T3","N0","M0"
"TCGA-BH-A0E7-01A","Immune_Low",79.7671232876712,"Stage II","T2","N1","M0"
"TCGA-B6-A0IA-01A","Immune_Low",51.3643835616438,"Stage II","T2","N0","M0"
"TCGA-B6-A0X5-01A","Immune_Low",61.3150684931507,"Stage II","T2","N1","M0"
"TCGA-AR-A0TR-01A","Immune_Low",69.013698630137,"Stage II","T2","N1","M0"
"TCGA-B6-A0IB-01A","Immune_Low",64.7835616438356,"Stage IV","T3","N3","M1"
"TCGA-BH-A0W3-01A","Immune_Low",58.5452054794521,"Stage II","T1","N1","M0"
"TCGA-E9-A228-01A","Immune_Low",58.3397260273973,"Stage II","T2","N1","M0"
"TCGA-S3-AA11-01A","Immune_Low",67.9808219178082,"Stage II","T2","N0","M0"
"TCGA-PL-A8LX-01A","Immune_Low",35.1780821917808,"Stage IV","T4","N1","M1"
"TCGA-AN-A0AR-01A","Immune_Low",55.2109589041096,"Stage II","T2","N0","M0"
"TCGA-BH-A18S-01A","Immune_Low",79.3808219178082,"Stage I","T1","N0","M0"
"TCGA-BH-A18N-01A","Immune_Low",88.7780821917808,"Stage II","T2","N1","M0"
"TCGA-D8-A1XF-01A","Immune_Low",45.9917808219178,"Stage II","T2","N0","M0"
"TCGA-AO-A0J3-01A","Immune_Low",67.1753424657534,"Stage II","T2","N1","M0"
"TCGA-E2-A15G-01A","Immune_Low",76.7479452054795,"Stage II","T2","N0","M0"
"TCGA-OL-A6VR-01A","Immune_Low",48.4986301369863,"Stage I","T1","N0",NA
"TCGA-AN-A04D-01A","Immune_Low",58.7013698630137,"Stage II","T2","N1","M0"
"TCGA-E2-A15J-01A","Immune_Low",51.427397260274,"Stage I","T1","N0","M0"
"TCGA-S3-AA12-01A","Immune_Low",82.4684931506849,"Stage III","T3","N1",NA
"TCGA-AR-A0TP-01A","Immune_Low",43.3205479452055,"Stage II","T2","N0","M0"
"TCGA-E2-A158-01A","Immune_Low",43.5698630136986,"Stage II","T1","N1","M0"
"TCGA-E2-A15T-01A","Immune_Low",65.9013698630137,"Stage II","T2","N0","M0"
"TCGA-AO-A12B-01A","Immune_Low",63.4246575342466,"Stage II","T2","N0","M0"
"TCGA-E2-A1LS-01A","Immune_Low",46.2657534246575,"Stage I","T1","N0","M0"
"TCGA-D8-A1XG-01A","Immune_Low",86.9808219178082,"Stage III","T4","N1","M0"
"TCGA-OL-A66O-01A","Immune_Low",39.1013698630137,"Stage II","T2","N1",NA
"TCGA-E2-A106-01A","Immune_Low",34.3232876712329,"Stage I","T1","N1","M0"
"TCGA-C8-A27A-01A","Immune_Low",48.7095890410959,"Stage II","T2","N1","M0"
"TCGA-A8-A082-01A","Immune_Low",58.4602739726027,"Stage II","T2","N1","M0"
"TCGA-AO-A0J7-01A","Immune_Low",72.0027397260274,"Stage II","T2","N1","M0"
"TCGA-E2-A1LK-01A","Immune_Low",84.2657534246575,"Stage III","T4","N3","M0"
"TCGA-BH-A0BS-01A","Immune_Low",55.8191780821918,"Stage III","T3","N1","M0"
"TCGA-A2-A1G4-01A","Immune_Low",71.1397260273973,"Stage III","T3","N1","M0"
"TCGA-AR-A1AS-01A","Immune_Low",54.8712328767123,"Stage II","T2","N1","M0"
"TCGA-A2-A0D4-01A","Immune_Low",37.8219178082192,"Stage II","T2","N1","M0"
"TCGA-D8-A1JN-01A","Immune_Low",80.358904109589,"Stage III","T3","N3",NA
"TCGA-B6-A0RM-01A","Immune_Low",57.6630136986301,NA,NA,NA,NA
"TCGA-A1-A0SB-01A","Immune_Low",70.7753424657534,"Stage I","T1","N0","M0"
"TCGA-E2-A572-01A","Immune_Low",72.3260273972603,"Stage III","T2","N2","M0"
"TCGA-A2-A0CQ-01A","Immune_Low",62.4931506849315,"Stage I","T1","N0","M0"
"TCGA-E2-A105-01A","Immune_Low",79.0547945205479,"Stage II","T2","N0","M0"
"TCGA-E9-A5UP-01A","Immune_Low",64.0301369863014,"Stage II","T2","N0","M0"
"TCGA-LQ-A4E4-01A","Immune_Low",73.6520547945206,"Stage III","T3","N1",NA
"TCGA-AC-A2BK-01A","Immune_Low",78.4246575342466,"Stage III","T2","N2",NA
"TCGA-AQ-A54N-01A","Immune_Low",51.3452054794521,"Stage II","T2","N0","M0"
"TCGA-A1-A0SO-01A","Immune_Low",68.0164383561644,"Stage II","T2","N1","M0"
"TCGA-B6-A0WZ-01A","Immune_Low",50.9150684931507,"Stage II","T2","N1","M0"
"TCGA-A7-A26I-01A","Immune_Low",65.6109589041096,"Stage II","T2","N0","M0"
"TCGA-C8-A274-01A","Immune_Low",63.9369863013699,"Stage II","T2","N0","M0"
"TCGA-C8-A26Z-01A","Immune_Low",NA,"Stage II","T2","N0","M0"
"TCGA-BH-A18L-01A","Immune_Low",50.7369863013699,"Stage III","T3","N1","M0"
"TCGA-E2-A154-01A","Immune_Low",68.4904109589041,"Stage I","T1","N0","M0"
"TCGA-A7-A13D-01A","Immune_Low",46.7671232876712,"Stage II","T2","N0","M0"
"TCGA-B6-A2IU-01A","Immune_Low",62.7534246575342,"Stage II","T2","N0","M0"
"TCGA-AN-A0XR-01A","Immune_Low",55.8383561643836,"Stage III","T2","N2","M0"
"TCGA-E2-A155-01A","Immune_Low",58.4876712328767,"Stage II","T2","N1","M0"
"TCGA-E2-A1B4-01A","Immune_Low",74.6328767123288,"Stage III","T1","N2","M0"
"TCGA-D8-A1XR-01A","Immune_Low",56.1315068493151,"Stage II","T2","N1","M0"
"TCGA-EW-A1PC-01B","Immune_Low",66.9424657534247,"Stage II","T3","N0",NA
"TCGA-D8-A27E-01A","Immune_Low",66.6164383561644,"Stage I","T1","N0","M0"
"TCGA-E9-A1R7-01A","Immune_Low",64.1013698630137,"Stage II","T2","N0","M0"
"TCGA-AC-A2FM-01A","Immune_Low",87.1369863013699,"Stage II","T2","N1","M0"
"TCGA-AC-A3QQ-01B","Immune_Low",54.0356164383562,"Stage I","T1","N0",NA
"TCGA-BH-A0H0-01A","Immune_Low",69.1041095890411,"Stage I","T1","N0","M0"
"TCGA-EW-A2FW-01A","Immune_Low",52.2876712328767,"Stage II","T2","N0",NA
"TCGA-A7-A4SB-01A","Immune_Low",56.2712328767123,"Stage III","T3","N1","M0"
"TCGA-A8-A09C-01A","Immune_Low",69.4657534246575,NA,"T2","N0",NA
"TCGA-AC-A3YJ-01A","Immune_Low",66.9561643835616,"Stage II","T2","N0",NA
"TCGA-A7-A26I-01B","Immune_Low",65.6109589041096,"Stage II","T2","N0","M0"
"TCGA-A2-A0ET-01A","Immune_Low",58.8054794520548,"Stage III","T2","N2","M0"
"TCGA-AR-A24Z-01A","Immune_Low",57.2602739726027,"Stage II","T2","N0","M0"
"TCGA-BH-A1F5-01A","Immune_Low",62.5808219178082,"Stage II","T1","N1","M0"
"TCGA-UL-AAZ6-01A","Immune_Low",73.9698630136986,"Stage II","T2","N0",NA
"TCGA-BH-A1ES-01A","Immune_Low",35.9945205479452,"Stage II","T2","N1","M0"
"TCGA-E9-A1RE-01A","Immune_Low",75.0465753424658,"Stage III","T2","N2","M0"
"TCGA-B6-A0RO-01A","Immune_Low",71.9698630136986,"Stage III","T4","N1","M0"
"TCGA-D8-A1XD-01A","Immune_Low",37.013698630137,"Stage III","T1","N2","M0"
"TCGA-A7-A26J-01B","Immune_Low",49.1232876712329,"Stage II","T2","N0","M0"
"TCGA-E9-A247-01A","Immune_Low",59.0739726027397,"Stage I","T1","N0","M0"
"TCGA-BH-A1EN-01A","Immune_Low",78.6958904109589,"Stage II","T2",NA,"M0"
"TCGA-A8-A09E-01A","Immune_Low",73.2164383561644,"Stage III","T4","N1","M0"
"TCGA-E9-A1N8-01A","Immune_Low",48.3616438356164,"Stage II","T2","N0","M0"
"TCGA-A2-A04R-01A","Immune_Low",36.9397260273973,"Stage I","T1","N0","M0"
"TCGA-OL-A5RZ-01A","Immune_Low",57.6383561643836,"Stage I","T1","N0",NA
"TCGA-W8-A86G-01A","Immune_Low",66.0958904109589,"Stage II","T2","N0",NA
"TCGA-E2-A2P6-01A","Immune_Low",77.8383561643836,"Stage II","T2","N1","M0"
"TCGA-A7-A0CD-01A","Immune_Low",66.4164383561644,"Stage I","T1","N0","M0"
"TCGA-AR-A1AV-01A","Immune_Low",68.1506849315068,"Stage II","T2","N1","M0"
"TCGA-A7-A13E-01A","Immune_Low",62.1643835616438,"Stage II","T2","N1",NA
"TCGA-AR-A0TZ-01A","Immune_Low",43.0684931506849,NA,"T2","N2","M1"
"TCGA-A8-A08C-01A","Immune_Low",65.8,"Stage II","T2","N0","M0"
"TCGA-C8-A1HO-01A","Immune_Low",34.8356164383562,"Stage III","T3","N3","M0"
"TCGA-A7-A13F-01A","Immune_Low",44.8301369863014,"Stage III","T3","N1","M0"
"TCGA-C8-A137-01A","Immune_Low",34.8739726027397,"Stage II","T2","N1","M0"
"TCGA-B6-A402-01A","Immune_Low",47.4356164383562,"Stage I","T1","N0","M0"
"TCGA-AO-A0JI-01A","Immune_Low",56.6958904109589,"Stage II","T1","N1","M0"
"TCGA-AR-A0TY-01A","Immune_Low",54.3452054794521,"Stage II","T2","N0","M0"
"TCGA-EW-A424-01A","Immune_Low",51.6438356164384,"Stage III","T3","N1",NA
"TCGA-A7-A5ZV-01A","Immune_Low",62.9205479452055,"Stage II","T2","N0","M0"
"TCGA-A7-A0D9-01A","Immune_Low",37.9068493150685,"Stage II","T2","N0","M0"
"TCGA-C8-A3M8-01A","Immune_Low",68.1561643835616,"Stage I","T1","N0","M0"
"TCGA-B6-A0I8-01A","Immune_Low",46.7753424657534,NA,"T1",NA,"M0"
"TCGA-AQ-A1H2-01A","Immune_Low",84.8164383561644,"Stage III","T2","N2",NA
"TCGA-AC-A4ZE-01A","Immune_Low",63.7917808219178,"Stage II","T3","N0","M0"
"TCGA-JL-A3YX-01A","Immune_Low",NA,"Stage II","T2","N0","M0"
"TCGA-E2-A15O-01A","Immune_Low",89.2684931506849,"Stage I","T1",NA,"M0"
"TCGA-B6-A0X0-01A","Immune_Low",54.2520547945205,"Stage I","T1","N0","M0"
"TCGA-A1-A0SQ-01A","Immune_Low",45.0904109589041,"Stage II","T2","N1",NA
"TCGA-AC-A62X-01A","Immune_Low",72.9506849315069,"Stage II","T2","N0",NA
"TCGA-E9-A1RD-01A","Immune_Low",67.7232876712329,"Stage II","T2","N0","M0"
"TCGA-BH-A1FR-01A","Immune_Low",73.1068493150685,"Stage III","T4","N1","M0"
"TCGA-A8-A093-01A","Immune_Low",61.2958904109589,"Stage II","T2","N0","M0"
"TCGA-AN-A0FL-01A","Immune_Low",62.4794520547945,"Stage II","T2","N0","M0"
"TCGA-AN-A0FV-01A","Immune_Low",58.8465753424658,"Stage II","T2","N0","M0"
"TCGA-B6-A0RQ-01A","Immune_Low",68.5205479452055,"Stage II","T3","N0","M0"
"TCGA-E2-A14U-01A","Immune_Low",75.0383561643836,"Stage I","T1","N0","M0"
"TCGA-E9-A1R6-01A","Immune_Low",63.9643835616438,"Stage II","T2","N0","M0"
"TCGA-D8-A1JT-01A","Immune_Low",70.3479452054794,"Stage II","T2","N0","M0"
"TCGA-A8-A07L-01A","Immune_Low",58.7068493150685,"Stage III","T3","N1","M0"
"TCGA-D8-A1X7-01A","Immune_Low",40.7068493150685,"Stage II","T2","N0",NA
"TCGA-A8-A079-01A","Immune_Low",69.2986301369863,"Stage III","T4","N3","M0"
"TCGA-GM-A2DC-01A","Immune_Low",57.8684931506849,"Stage II","T1","N1","M0"
"TCGA-A8-A07S-01A","Immune_Low",73.9671232876712,"Stage II","T2","N0","M0"
"TCGA-D8-A27P-01A","Immune_Low",64.5917808219178,"Stage I","T1","N0","M0"
"TCGA-A2-A0CT-01A","Immune_Low",71.1205479452055,"Stage II","T2","N0","M0"
"TCGA-D8-A1X6-01A","Immune_Low",80.1534246575342,"Stage III","T3","N2",NA
"TCGA-AC-A6NO-01A","Immune_Low",43.8246575342466,"Stage II","T2","N1",NA
"TCGA-BH-A1EV-01A","Immune_Low",45.2164383561644,"Stage III","T3","N1","M0"
"TCGA-E2-A56Z-01A","Immune_Low",69.2657534246575,"Stage II","T2","N1","M0"
"TCGA-GM-A2DM-01A","Immune_Low",57.972602739726,"Stage II","T2","N0","M0"
"TCGA-E2-A14T-01A","Immune_Low",52.7041095890411,"Stage II","T2","N0","M0"
"TCGA-V7-A7HQ-01A","Immune_Low",75.8465753424658,"Stage III","T1","N2","M0"
"TCGA-E2-A14S-01A","Immune_Low",65.4191780821918,"Stage I","T1","N0","M0"
"TCGA-PL-A8LY-01A","Immune_Low",30.6821917808219,"Stage II","T3","N0","M0"
"TCGA-A2-A0ER-01A","Immune_Low",63.0712328767123,"Stage I","T1","N1","M0"
"TCGA-B6-A0IO-01A","Immune_Low",66.6356164383562,"Stage II","T2","N0","M0"
"TCGA-BH-A1FG-01A","Immune_Low",88.4794520547945,"Stage I","T1",NA,"M0"
"TCGA-E2-A107-01A","Immune_Low",54.972602739726,"Stage III","T3","N2","M0"
"TCGA-E2-A576-01A","Immune_Low",69.4520547945205,"Stage I","T1","N0",NA
"TCGA-C8-A12X-01A","Immune_Low",62.7095890410959,"Stage II","T2","N1","M0"
"TCGA-C8-A1HE-01A","Immune_Low",NA,"Stage II","T2","N0","M0"
"TCGA-A7-A3J0-01A","Immune_Low",62.1150684931507,"Stage II","T2","N0","M0"
"TCGA-AN-A0FZ-01A","Immune_Low",45.2958904109589,"Stage III","T2","N2","M0"
"TCGA-E9-A249-01A","Immune_Low",45.7232876712329,"Stage II","T2","N0","M0"
"TCGA-C8-A12Z-01A","Immune_Low",45.227397260274,"Stage II","T2","N1","M0"
"TCGA-B6-A0IE-01A","Immune_Low",38.3068493150685,"Stage III","T3","N1","M0"
"TCGA-BH-A0E1-01A","Immune_Low",52.5808219178082,"Stage II","T2","N1","M0"
"TCGA-E9-A2JS-01A","Immune_Low",72.3479452054794,"Stage II","T2","N1","M0"
"TCGA-BH-A0EI-01A","Immune_Low",51.3452054794521,"Stage II","T1","N1","M0"
"TCGA-A7-A26E-01A","Immune_Low",71.9835616438356,"Stage III","T3","N1",NA
"TCGA-B6-A0RG-01A","Immune_Low",26.958904109589,"Stage II","T3","N0","M0"
"TCGA-E9-A1RB-01A","Immune_Low",40.4246575342466,"Stage II","T2","N0","M0"
"TCGA-AN-A0XO-01A","Immune_Low",59.2876712328767,"Stage III","T2","N2","M0"
"TCGA-E2-A14V-01A","Immune_Low",53.8164383561644,"Stage II","T2","N1","M0"
"TCGA-A2-A3XV-01A","Immune_Low",46.4958904109589,"Stage II","T2","N0","M0"
"TCGA-GM-A3XG-01A","Immune_Low",46.4328767123288,"Stage III","T3","N1","M0"
"TCGA-A2-A0D1-01A","Immune_Low",76.9424657534247,"Stage II","T2","N0","M0"
"TCGA-A2-A04U-01A","Immune_Low",47.8739726027397,"Stage II","T2","N0","M0"
"TCGA-BH-A1FL-01A","Immune_Low",70.0219178082192,"Stage II","T2","N1","M0"
"TCGA-E9-A22H-01A","Immune_Low",42.4767123287671,"Stage II","T2","N1","M0"
"TCGA-A2-A0T3-01A","Immune_Low",37.4794520547945,"Stage I","T1","N1","M0"
"TCGA-EW-A1P0-01A","Immune_Low",55.0876712328767,"Stage II","T2","N1",NA
"TCGA-A2-A0CU-01A","Immune_Low",73.4876712328767,"Stage II","T2","N0","M0"
"TCGA-AR-A0U3-01A","Immune_Low",59.6027397260274,"Stage II","T2","N1","M0"
"TCGA-LL-A6FQ-01A","Immune_Low",77.7397260273973,"Stage III","T2","N2",NA
"TCGA-AR-A24M-01A","Immune_Low",38.6821917808219,"Stage III","T2","N2","M0"
"TCGA-A8-A07R-01A","Immune_Low",80.1397260273973,"Stage III","T2","N3","M0"
"TCGA-E2-A14O-01A","Immune_Low",76.2657534246575,"Stage III","T3","N1","M0"
"TCGA-AN-A0XT-01A","Immune_Low",54.2301369863014,"Stage III","T2","N2","M0"
"TCGA-UU-A93S-01A","Immune_Low",63.7753424657534,"Stage IV","T4","N3","M1"
"TCGA-B6-A0IM-01A","Immune_Low",75.4986301369863,"Stage II","T3","N0","M0"
"TCGA-A8-A09T-01A","Immune_Low",68.7945205479452,NA,"T1","N0",NA
"TCGA-AN-A0FK-01A","Immune_Low",88.9369863013699,"Stage III","T4","N0","M0"
"TCGA-E2-A1LL-01A","Immune_Low",74.0493150684931,"Stage III","T3","N2",NA
"TCGA-OL-A5D8-01A","Immune_Low",40.6931506849315,"Stage II","T3","N0",NA
"TCGA-C8-A12M-01A","Immune_Low",70.7150684931507,"Stage II","T2","N0","M0"
"TCGA-E2-A570-01A","Immune_Low",47.8246575342466,"Stage I","T1","N1","M0"
"TCGA-E2-A10A-01A","Immune_Low",41.3287671232877,"Stage II","T3","N0","M0"
"TCGA-BH-A0DO-01B","Immune_Low",78.1616438356164,"Stage I","T1","N0","M0"
"TCGA-A8-A091-01A","Immune_Low",61.7917808219178,"Stage II","T2","N0","M0"
"TCGA-BH-A1FM-01A","Immune_Low",44.627397260274,"Stage III","T2","N2","M0"
"TCGA-AC-A3TN-01A","Immune_Low",75.1260273972603,"Stage II","T3","N0",NA
"TCGA-BH-A0E0-01A","Immune_Low",38.8356164383562,"Stage III","T3","N3","M0"
"TCGA-B6-A1KI-01A","Immune_Low",63.0986301369863,"Stage I","T1","N0","M0"
"TCGA-E2-A1BD-01A","Immune_Low",53.772602739726,"Stage II","T2","N0","M0"
"TCGA-AO-A03P-01A","Immune_Low",54.0383561643836,"Stage II","T2","N1","M0"
"TCGA-D8-A1XA-01A","Immune_Low",64.0739726027397,"Stage I","T1","N0","M0"
"TCGA-C8-A1HN-01A","Immune_Low",56.7452054794521,"Stage II","T2","N0","M0"
"TCGA-A7-A0CJ-01A","Immune_Low",57.572602739726,"Stage II","T2","N0","M0"
"TCGA-AC-A23H-01A","Immune_Low",90.0602739726027,"Stage II","T2",NA,"M0"
"TCGA-BH-A0H9-01A","Immune_Low",69.2849315068493,"Stage II","T2","N0","M0"
"TCGA-E2-A1LB-01A","Immune_Low",41.8712328767123,"Stage II","T2","N1","M0"
"TCGA-AO-A12C-01A","Immune_Low",42.3808219178082,"Stage II","T2","N1","M0"
"TCGA-A7-A0CH-01A","Immune_Low",79.7369863013699,"Stage II","T2","N0","M0"
"TCGA-AC-A62V-01A","Immune_Low",58.6,"Stage IV","T2","N1","M1"
"TCGA-E2-A15H-01A","Immune_Low",38.3150684931507,"Stage II","T1","N1","M0"
"TCGA-AC-A5XU-01A","Immune_Low",74.4958904109589,"Stage II","T3","N0",NA
"TCGA-EW-A1P6-01A","Immune_Low",64.3424657534247,"Stage II","T2","N1","M0"
"TCGA-A8-A084-01A","Immune_Low",81.8027397260274,"Stage II","T2","N1","M0"
"TCGA-A8-A099-01A","Immune_Low",76.8849315068493,NA,"T4","N3",NA
"TCGA-OL-A66K-01A","Immune_Low",72.0520547945205,"Stage II","T2","N0",NA
"TCGA-B6-A0RN-01A","Immune_Low",60.4849315068493,"Stage I","T1","N0","M0"
"TCGA-BH-A0B8-01A","Immune_Low",64.0547945205479,"Stage I","T1","N0","M0"
"TCGA-A8-A08O-01A","Immune_Low",45.7013698630137,"Stage IV","T2","N3","M1"
"TCGA-AR-A2LL-01A","Immune_Low",70.5397260273973,"Stage II","T3","N0","M0"
"TCGA-LL-A5YM-01A","Immune_Low",88.9808219178082,"Stage III","T4",NA,"M0"
"TCGA-E2-A15E-01A","Immune_Low",40.8054794520548,"Stage II","T1","N1","M0"
"TCGA-A2-A1FW-01A","Immune_Low",62.4082191780822,"Stage III","T3","N2","M0"
"TCGA-E2-A15L-01A","Immune_Low",65.3287671232877,"Stage II","T2","N0","M0"
"TCGA-A2-A0YG-01A","Immune_Low",63.172602739726,"Stage III","T2","N3","M0"
"TCGA-EW-A1OY-01A","Immune_Low",63.7424657534247,"Stage II","T2","N0",NA
"TCGA-AQ-A54O-01A","Immune_Low",51.2164383561644,"Stage II","T2","N0","M0"
"TCGA-C8-A26Y-01A","Immune_Low",90.0602739726027,"Stage II","T2","N0","M0"
"TCGA-D8-A3Z6-01A","Immune_Low",56.5178082191781,"Stage III","T3","N3","M0"
"TCGA-EW-A1J3-01A","Immune_Low",61.1835616438356,"Stage I","T1","N0","M0"
"TCGA-E2-A15P-01A","Immune_Low",61.7095890410959,"Stage I","T1","N0","M0"
"TCGA-E9-A1R5-01A","Immune_Low",63.3315068493151,"Stage I","T1","N0","M0"
"TCGA-D8-A1XJ-01A","Immune_Low",76.6219178082192,"Stage III","T3","N1",NA
"TCGA-AN-A0XP-01A","Immune_Low",69.3287671232877,"Stage III","T2","N2","M0"
"TCGA-AQ-A04L-01B","Immune_Low",48.6547945205479,"Stage II","T2","N0",NA
"TCGA-A2-A1FX-01A","Immune_Low",61.2164383561644,"Stage III","T3","N2","M0"
"TCGA-AR-A1AY-01A","Immune_Low",65.5534246575343,"Stage I","T1","N0","M0"
"TCGA-D8-A3Z5-01A","Immune_Low",54.372602739726,"Stage III","T2","N3","M0"
"TCGA-A2-A0YJ-01A","Immune_Low",39.5835616438356,"Stage III","T3","N2","M0"
"TCGA-A8-A09B-01A","Immune_Low",58.958904109589,"Stage III","T4","N1","M0"
"TCGA-BH-A0HU-01A","Immune_Low",52.6465753424658,"Stage I","T1","N0","M0"
"TCGA-AO-A1KS-01A","Immune_Low",69.1232876712329,"Stage II","T2","N0","M0"
"TCGA-B6-A0WT-01A","Immune_Low",61.2657534246575,"Stage II","T2","N1","M0"
"TCGA-A2-A0YF-01A","Immune_Low",67.5616438356164,"Stage I","T1","N0","M0"
"TCGA-A8-A086-01A","Immune_Low",59.5369863013699,"Stage II","T1","N1","M0"
"TCGA-AR-A2LK-01A","Immune_Low",62.4657534246575,"Stage III","T3","N2","M0"
"TCGA-E2-A15F-01A","Immune_Low",64.8219178082192,"Stage I","T1","N0","M0"
"TCGA-Z7-A8R6-01A","Immune_Low",46.4520547945205,"Stage I","T1","N0","M0"
"TCGA-A7-A26J-01A","Immune_Low",49.1232876712329,"Stage II","T2","N0","M0"
"TCGA-E9-A3HO-01A","Immune_Low",49.441095890411,"Stage II","T2","N0","M0"
"TCGA-AN-A0FY-01A","Immune_Low",55.7452054794521,"Stage I","T1","N0","M0"
"TCGA-AR-A24H-01A","Immune_Low",65.8794520547945,"Stage II","T2","N0","M0"
"TCGA-BH-A0DD-01A","Immune_Low",58.5917808219178,"Stage II","T2","N1","M0"
"TCGA-A2-A3KD-01A","Immune_Low",47.5945205479452,"Stage III","T3","N1","M0"
"TCGA-AO-A03V-01A","Immune_Low",41.8739726027397,"Stage I","T1","N0","M0"
"TCGA-A8-A092-01A","Immune_Low",48.786301369863,"Stage III","T2","N2","M0"
"TCGA-E2-A1LG-01A","Immune_Low",50.6630136986301,"Stage II","T2","N0","M0"
"TCGA-B6-A0RI-01A","Immune_Low",44.213698630137,"Stage III","T4","N1","M0"
"TCGA-A2-A0T5-01A","Immune_Low",39.7342465753425,"Stage II","T2","N0","M0"
"TCGA-AC-A2BM-01A","Immune_Low",41.6767123287671,"Stage II","T2","N1",NA
"TCGA-EW-A423-01A","Immune_Low",75.6904109589041,"Stage II","T2","N0",NA
"TCGA-A2-A0EM-01A","Immune_Low",73.5479452054795,"Stage I","T1","N0","M0"
"TCGA-LL-A6FR-01A","Immune_Low",50.7397260273973,"Stage II","T2","N0",NA
"TCGA-AQ-A04H-01B","Immune_Low",61.7506849315068,"Stage III","T2","N2",NA
"TCGA-E9-A1NI-01A","Immune_Low",52.013698630137,"Stage II","T2","N0","M0"
"TCGA-BH-A0HO-01A","Immune_Low",48.5205479452055,"Stage II","T1","N1","M0"
"TCGA-AR-A2LE-01A","Immune_Low",69.8602739726027,"Stage I","T1","N0","M0"
"TCGA-S3-A6ZG-01A","Immune_Low",71.6191780821918,"Stage II","T2","N1","M0"
"TCGA-A8-A09K-01A","Immune_Low",68.3835616438356,"Stage II","T1","N1","M0"
"TCGA-BH-A0H6-01A","Immune_Low",82.5342465753425,"Stage I","T1",NA,"M0"
"TCGA-E2-A1IN-01A","Immune_Low",60.8191780821918,"Stage I","T1","N0","M0"
"TCGA-AR-A24L-01A","Immune_Low",26.5917808219178,"Stage II","T2","N1","M0"
"TCGA-A2-A0EU-01A","Immune_Low",79.8465753424658,"Stage I","T1","N0","M0"
"TCGA-A8-A08T-01A","Immune_Low",64.5479452054795,"Stage IV","T2","N1","M1"
"TCGA-OL-A5RW-01A","Immune_Low",40.1041095890411,"Stage II","T1","N1",NA
"TCGA-A2-A04V-01A","Immune_Low",39.041095890411,"Stage II","T2","N0","M0"
"TCGA-AN-A0FS-01A","Immune_Low",55.758904109589,"Stage I","T1","N0","M0"
"TCGA-OL-A5RV-01A","Immune_Low",43.3424657534247,"Stage III","T2","N3",NA
"TCGA-AR-A256-01A","Immune_Low",45.5945205479452,"Stage II","T2","N0","M0"
"TCGA-B6-A0X7-01A","Immune_Low",62.2547945205479,NA,"T1",NA,NA
"TCGA-AO-A124-01A","Immune_Low",38.8328767123288,"Stage II","T2","N0","M0"
"TCGA-A8-A08S-01A","Immune_Low",71.2164383561644,"Stage II","T1","N1","M0"
"TCGA-A2-A25E-01A","Immune_Low",34.5232876712329,"Stage III","T2","N2","M0"
"TCGA-C8-A1HK-01A","Immune_Low",NA,"Stage II","T2","N1","M0"
"TCGA-E2-A1IU-01A","Immune_Low",61.0383561643836,"Stage I","T1","N0","M0"
"TCGA-A7-A0DB-01A","Immune_Low",56.3561643835616,"Stage II","T2","N0","M0"
"TCGA-AN-A041-01A","Immune_Low",29.6219178082192,"Stage II","T2","N1","M0"
"TCGA-EW-A1P3-01A","Immune_Low",48.3205479452055,"Stage II","T2","N0",NA
"TCGA-GM-A5PV-01A","Immune_Low",63.6027397260274,"Stage II","T2","N1","M0"
"TCGA-BH-A1F8-01A","Immune_Low",90.0575342465753,"Stage III","T4","N2","M0"
"TCGA-AN-A0AK-01A","Immune_Low",76.6493150684932,"Stage II","T2","N0","M0"
"TCGA-A8-A0A4-01A","Immune_Low",73.1315068493151,"Stage II","T2","N0","M0"
"TCGA-E9-A3Q9-01A","Immune_Low",78.6712328767123,"Stage III","T3","N3","M0"
"TCGA-E9-A22G-01A","Immune_Low",47.3972602739726,"Stage II","T2","N0","M0"
"TCGA-A8-A08A-01A","Immune_Low",89.7260273972603,"Stage I","T1","N0","M0"
"TCGA-A2-A0YE-01A","Immune_Low",48.5671232876712,"Stage II","T2","N1","M0"
"TCGA-C8-A1HI-01A","Immune_Low",NA,"Stage III","T2","N2","M0"
"TCGA-A2-A0D3-01A","Immune_Low",42.5315068493151,"Stage I","T1","N0","M0"
"TCGA-A7-A5ZX-01A","Immune_Low",48.4465753424658,"Stage III","T2","N3","M0"
"TCGA-BH-A0GZ-01A","Immune_Low",62.2301369863014,"Stage II","T1","N1","M0"
"TCGA-A8-A08G-01A","Immune_Low",41.0301369863014,"Stage II","T2","N0","M0"
"TCGA-BH-A0W4-01A","Immune_Low",46.3315068493151,"Stage II","T2","N0","M0"
"TCGA-A8-A0AD-01A","Immune_Low",83.3068493150685,"Stage I","T1","N0","M0"
"TCGA-B6-A0I6-01A","Immune_Low",49.3534246575342,"Stage II","T1","N1","M0"
"TCGA-BH-A0HY-01A","Immune_Low",60.7643835616438,"Stage I","T1","N0","M0"
"TCGA-E2-A1L6-01A","Immune_Low",44.9397260273973,"Stage II","T1","N1","M0"
"TCGA-OL-A5DA-01A","Immune_Low",61.4,"Stage II","T2","N0",NA
"TCGA-A8-A06O-01A","Immune_Low",60.7041095890411,"Stage I","T1","N0","M0"
"TCGA-A7-A0DA-01A","Immune_Low",62.213698630137,"Stage II","T2","N0","M0"
"TCGA-BH-A1FD-01A","Immune_Low",68.3287671232877,"Stage I","T1","N0","M0"
"TCGA-A7-A6VX-01A","Immune_Low",68.6739726027397,"Stage II","T2","N0","M0"
"TCGA-BH-A0HQ-01A","Immune_Low",56.7643835616438,"Stage II","T2","N0","M0"
"TCGA-BH-A18J-01A","Immune_Low",56.6520547945205,"Stage IV","T4","N2","M1"
"TCGA-BH-A42T-01A","Immune_Low",75.9753424657534,"Stage II","T2","N0","M0"
"TCGA-AR-A24N-01A","Immune_Low",54.7643835616438,"Stage I","T1","N0","M0"
"TCGA-BH-A28Q-01A","Immune_Low",46.2520547945205,"Stage II","T2","N1","M0"
"TCGA-AN-A0FW-01A","Immune_Mid",67.6493150684932,"Stage III","T2","N2","M0"
"TCGA-D8-A1XB-01A","Immune_Mid",62.9479452054794,"Stage II","T2","N1","M0"
"TCGA-BH-A0EE-01A","Immune_Mid",68.0821917808219,"Stage II","T3","N0","M0"
"TCGA-C8-A12Y-01A","Immune_Mid",NA,"Stage II","T2","N1","M0"
"TCGA-AC-A3EH-01A","Immune_Mid",79.4904109589041,"Stage III","T3","N3","M0"
"TCGA-D8-A1XU-01A","Immune_Mid",56.7534246575342,"Stage I","T1","N0","M0"
"TCGA-D8-A1JM-01A","Immune_Mid",59.1835616438356,"Stage II","T2","N1","M0"
"TCGA-A2-A0CW-01A","Immune_Mid",67.2356164383562,"Stage II","T2","N1","M0"
"TCGA-A8-A07Z-01A","Immune_Mid",85.8931506849315,"Stage II","T2","N0","M0"
"TCGA-A7-A0CE-01A","Immune_Mid",57.158904109589,"Stage II","T2","N0","M0"
"TCGA-EW-A1PD-01A","Immune_Mid",61.7424657534247,"Stage II","T1","N1","M0"
"TCGA-A8-A08B-01A","Immune_Mid",52.3671232876712,"Stage II","T2","N0","M0"
"TCGA-A2-A0YT-01A","Immune_Mid",56.1150684931507,"Stage III","T4","N2","M0"
"TCGA-C8-A273-01A","Immune_Mid",NA,"Stage II","T2","N1","M0"
"TCGA-PE-A5DC-01A","Immune_Mid",72.641095890411,"Stage III","T2","N2","M0"
"TCGA-A8-A07P-01A","Immune_Mid",68.2986301369863,"Stage II","T2","N1","M0"
"TCGA-A8-A07B-01A","Immune_Mid",69.7945205479452,"Stage II","T2","N0","M0"
"TCGA-D8-A73X-01A","Immune_Mid",53.7178082191781,"Stage II","T2","N0","M0"
"TCGA-D8-A1Y1-01A","Immune_Mid",80.7506849315069,"Stage III","T3","N1",NA
"TCGA-C8-A1HL-01A","Immune_Mid",NA,"Stage III","T3","N1","M0"
"TCGA-GM-A3NY-01A","Immune_Mid",72.9917808219178,"Stage II","T2","N1","M0"
"TCGA-AO-A12F-01A","Immune_Mid",36.7369863013699,"Stage II","T2","N0","M0"
"TCGA-HN-A2NL-01A","Immune_Mid",56.1178082191781,"Stage II","T2","N0","M0"
"TCGA-BH-A5IZ-01A","Immune_Mid",51.8547945205479,"Stage II","T2","N1",NA
"TCGA-AR-A24W-01A","Immune_Mid",55.1315068493151,"Stage II","T2","N1","M0"
"TCGA-LD-A7W6-01A","Immune_Mid",55.0054794520548,"Stage II","T2","N1","M0"
"TCGA-E2-A1IL-01A","Immune_Mid",78.0684931506849,"Stage II","T1","N1","M0"
"TCGA-B6-A0IQ-01A","Immune_Mid",40.1890410958904,"Stage III","T3","N1","M0"
"TCGA-AC-A2FG-01A","Immune_Mid",80.0301369863014,"Stage II","T2","N1",NA
"TCGA-AC-A7VC-01A","Immune_Mid",56.1068493150685,"Stage II","T3","N0",NA
"TCGA-AQ-A0Y5-01A","Immune_Mid",70.6657534246575,"Stage III","T2","N2",NA
"TCGA-B6-A0WW-01A","Immune_Mid",58.8465753424658,NA,"T2","N1",NA
"TCGA-B6-A40B-01A","Immune_Mid",76.1945205479452,"Stage I","T1","N0","M0"
"TCGA-GM-A3NW-01A","Immune_Mid",63.1260273972603,"Stage II","T2","N0","M0"
"TCGA-AO-A03N-01B","Immune_Mid",59.7698630136986,"Stage II","T2","N1","M0"
"TCGA-AC-A3W7-01A","Immune_Mid",66.6493150684932,"Stage II","T2","N1",NA
"TCGA-BH-A18T-01A","Immune_Mid",70.3397260273973,"Stage II","T2","N0","M0"
"TCGA-AO-A1KO-01A","Immune_Mid",46.0739726027397,"Stage II","T3","N0","M0"
"TCGA-BH-A1ET-01A","Immune_Mid",55.958904109589,"Stage I","T1","N0","M0"
"TCGA-E2-A109-01A","Immune_Mid",64.441095890411,"Stage II","T2","N0","M0"
"TCGA-AN-A0FJ-01A","Immune_Mid",60.027397260274,"Stage IV","T2","N2","M1"
"TCGA-EW-A6S9-01A","Immune_Mid",34.9452054794521,"Stage II","T1","N1","M0"
"TCGA-OL-A6VO-01A","Immune_Mid",43.2328767123288,"Stage I","T1","N0",NA
"TCGA-S3-A6ZH-01A","Immune_Mid",29.6767123287671,"Stage III","T3","N3",NA
"TCGA-LL-A50Y-01A","Immune_Mid",84.7506849315069,"Stage II","T2","N0",NA
"TCGA-E2-A1IG-01A","Immune_Mid",45.9095890410959,"Stage II","T2","N1","M0"
"TCGA-E9-A226-01A","Immune_Mid",45.2356164383562,"Stage III","T2","N2","M0"
"TCGA-B6-A0RE-01A","Immune_Mid",61.5041095890411,NA,NA,"N0","M0"
"TCGA-A8-A095-01A","Immune_Mid",45.8684931506849,"Stage I","T1","N0","M0"
"TCGA-S3-AA14-01A","Immune_Mid",47.5397260273973,"Stage I","T1","N0",NA
"TCGA-BH-A6R8-01A","Immune_Mid",46.1068493150685,"Stage II","T2","N0","M0"
"TCGA-BH-A1FN-01A","Immune_Mid",34.3150684931507,"Stage II","T2","N0","M0"
"TCGA-AN-A03Y-01A","Immune_Mid",66.3890410958904,"Stage II","T2","N0","M0"
"TCGA-A2-A0CS-01A","Immune_Mid",73.4712328767123,"Stage IV","T4","N3","M1"
"TCGA-EW-A1J1-01A","Immune_Mid",38.6904109589041,"Stage II","T2","N1","M0"
"TCGA-AN-A04C-01A","Immune_Mid",51.6465753424658,"Stage II","T2","N1","M0"
"TCGA-B6-A0IP-01A","Immune_Mid",74.1013698630137,"Stage I","T1","N0","M0"
"TCGA-E2-A14Y-01A","Immune_Mid",35.627397260274,"Stage II","T2","N0","M0"
"TCGA-EW-A1J6-01A","Immune_Mid",70.7671232876712,"Stage I","T1","N0","M0"
"TCGA-AO-A0JD-01A","Immune_Mid",59.8109589041096,"Stage III","T3","N1","M0"
"TCGA-E2-A15D-01A","Immune_Mid",47.1890410958904,"Stage II","T2","N0","M0"
"TCGA-A7-A4SF-01A","Immune_Mid",54.7534246575342,"Stage II","T2","N0","M0"
"TCGA-B6-A0IG-01A","Immune_Mid",50.5013698630137,"Stage II","T2","N1","M0"
"TCGA-D8-A27H-01A","Immune_Mid",72.8438356164384,"Stage II","T2","N0","M0"
"TCGA-C8-A130-01A","Immune_Mid",52.3753424657534,"Stage III","T3","N2","M0"
"TCGA-AN-A0FT-01A","Immune_Mid",63.8356164383562,"Stage II","T2","N1","M0"
"TCGA-EW-A1PA-01A","Immune_Mid",59.827397260274,"Stage II","T2","N1","M0"
"TCGA-A2-A04N-01A","Immune_Mid",66.1780821917808,"Stage I","T1","N0","M0"
"TCGA-E2-A1IK-01A","Immune_Mid",71.3753424657534,"Stage II","T1","N1","M0"
"TCGA-C8-A12N-01A","Immune_Mid",58.7068493150685,"Stage II","T2","N0","M0"
"TCGA-A8-A0A9-01A","Immune_Mid",80.4657534246575,"Stage II","T2","N0","M0"
"TCGA-AO-A0JL-01A","Immune_Mid",59.986301369863,"Stage III","T2","N2","M0"
"TCGA-A1-A0SE-01A","Immune_Mid",56.758904109589,"Stage I","T1","N0","M0"
"TCGA-AN-A0FX-01A","Immune_Mid",52.9013698630137,"Stage II","T2","N0","M0"
"TCGA-E2-A9RU-01A","Immune_Mid",90.0602739726027,"Stage III","T2","N3",NA
"TCGA-BH-A0HI-01A","Immune_Mid",78.4767123287671,"Stage I","T1","N0","M0"
"TCGA-E2-A14Q-01A","Immune_Mid",50.7041095890411,"Stage II","T2","N1","M0"
"TCGA-BH-A0DH-01A","Immune_Mid",64.0164383561644,"Stage II","T2","N1","M0"
"TCGA-D8-A27V-01A","Immune_Mid",62.8986301369863,"Stage II","T2","N0","M0"
"TCGA-AR-A0U2-01A","Immune_Mid",47.6438356164384,"Stage III","T2","N2","M0"
"TCGA-AR-A2LR-01A","Immune_Mid",49.9013698630137,"Stage I","T1","N0","M0"
"TCGA-A1-A0SM-01A","Immune_Mid",77.2547945205479,"Stage II","T2","N0","M0"
"TCGA-A8-A076-01A","Immune_Mid",66.3835616438356,"Stage II","T2","N0","M0"
"TCGA-A2-A0YC-01A","Immune_Mid",59.4109589041096,"Stage II","T2","N1","M0"
"TCGA-AO-A12E-01A","Immune_Mid",51.2904109589041,"Stage II","T3","N0","M0"
"TCGA-AC-A3TM-01A","Immune_Mid",50.7808219178082,"Stage III","T3","N1","M0"
"TCGA-D8-A1J9-01A","Immune_Mid",48.9835616438356,"Stage I","T1","N0","M0"
"TCGA-A2-A0EY-01A","Immune_Mid",62.6630136986301,"Stage II","T2","N1","M0"
"TCGA-GM-A2D9-01A","Immune_Mid",69.8356164383562,"Stage I","T1","N0","M0"
"TCGA-D8-A27F-01A","Immune_Mid",40.358904109589,"Stage II","T2","N0","M0"
"TCGA-B6-A0I5-01A","Immune_Mid",49.4191780821918,"Stage II","T2","N1","M0"
"TCGA-B6-A0RU-01A","Immune_Mid",40.8767123287671,"Stage I","T1","N0","M0"
"TCGA-E9-A1RA-01A","Immune_Mid",48.4904109589041,"Stage I","T1","N0","M0"
"TCGA-A8-A06T-01A","Immune_Mid",75.0493150684931,"Stage III","T3","N1","M0"
"TCGA-A8-A0A2-01A","Immune_Mid",66.7945205479452,"Stage II","T2","N0","M0"
"TCGA-E9-A1RG-01A","Immune_Mid",62.4328767123288,"Stage III","T1","N2","M0"
"TCGA-C8-A12L-01A","Immune_Mid",67.6986301369863,"Stage II","T2","N0","M0"
"TCGA-C8-A12U-01A","Immune_Mid",46.6986301369863,"Stage II","T2","N1","M0"
"TCGA-AR-A24P-01A","Immune_Mid",47.9178082191781,"Stage I","T1","N0","M0"
"TCGA-E2-A15C-01A","Immune_Mid",61.8712328767123,"Stage I","T1","N0","M0"
"TCGA-BH-A18K-01A","Immune_Mid",46.0931506849315,"Stage I","T1","N0","M0"
"TCGA-AO-A12G-01A","Immune_Mid",75.9041095890411,"Stage II","T2","N0","M0"
"TCGA-A8-A09W-01A","Immune_Mid",70.2986301369863,"Stage III","T2","N3","M0"
"TCGA-E2-A10B-01A","Immune_Mid",67.3342465753425,"Stage II","T2","N1","M0"
"TCGA-BH-A18R-01A","Immune_Mid",50.7506849315068,"Stage II","T2","N1","M0"
"TCGA-BH-A201-01A","Immune_Mid",64.172602739726,"Stage I","T1","N0","M0"
"TCGA-B6-A0RH-01A","Immune_Mid",51.3945205479452,"Stage II","T2","N0","M0"
"TCGA-LL-A7T0-01A","Immune_Mid",70.8684931506849,"Stage II","T2","N1","M0"
"TCGA-D8-A1JE-01A","Immune_Mid",62.1452054794521,"Stage II","T1","N1","M0"
"TCGA-E2-A1BC-01A","Immune_Mid",63.4739726027397,"Stage I","T1","N0","M0"
"TCGA-D8-A1XO-01A","Immune_Mid",56.4547945205479,"Stage II","T2","N1","M0"
"TCGA-E9-A1RI-01A","Immune_Mid",43.6767123287671,"Stage III","T1","N2","M0"
"TCGA-C8-A26V-01A","Immune_Mid",47.8575342465753,"Stage III","T3","N2","M0"
"TCGA-B6-A40C-01A","Immune_Mid",51.6493150684932,"Stage II","T3","N0","M0"
"TCGA-AO-A1KR-01A","Immune_Mid",51.7808219178082,"Stage II","T2","N0","M0"
"TCGA-D8-A1XS-01A","Immune_Mid",48.5150684931507,"Stage III","T2","N3","M0"
"TCGA-B6-A0I9-01A","Immune_Mid",62.4602739726027,"Stage IV","T3",NA,"M1"
"TCGA-A2-A25C-01A","Immune_Mid",50.7068493150685,"Stage II","T2","N1","M0"
"TCGA-E9-A1RH-01A","Immune_Mid",63.627397260274,"Stage II","T2","N0","M0"
"TCGA-A8-A08J-01A","Immune_Mid",52.7835616438356,"Stage IV","T4","N3","M1"
"TCGA-B6-A1KN-01A","Immune_Mid",58.0356164383562,"Stage III","T4","N1","M0"
"TCGA-A8-A081-01A","Immune_Mid",80.972602739726,"Stage II","T2","N0","M0"
"TCGA-E2-A1LI-01A","Immune_Mid",57.7095890410959,"Stage II","T2","N1","M0"
"TCGA-D8-A1XY-01A","Immune_Mid",74.2630136986301,"Stage II","T2","N0",NA
"TCGA-EW-A1P5-01A","Immune_Mid",77.1972602739726,"Stage II","T2","N1","M0"
"TCGA-AO-A03T-01A","Immune_Mid",42.5753424657534,"Stage II","T2","N1","M0"
"TCGA-E9-A1NA-01A","Immune_Mid",58.6219178082192,"Stage II","T2","N0","M0"
"TCGA-E9-A24A-01A","Immune_Mid",69.5068493150685,"Stage II","T1","N1","M0"
"TCGA-A8-A09N-01A","Immune_Mid",57.5397260273973,"Stage III","T2","N3","M0"
"TCGA-B6-A409-01A","Immune_Mid",44.3232876712329,"Stage III","T1","N2","M0"
"TCGA-D8-A1JA-01A","Immune_Mid",60.0493150684932,NA,"T4",NA,"M0"
"TCGA-A8-A07W-01A","Immune_Mid",76.5534246575343,"Stage IV","T2",NA,"M1"
"TCGA-BH-A0HX-01A","Immune_Mid",54.5205479452055,"Stage II","T2","N1","M0"
"TCGA-A2-A0CK-01A","Immune_Mid",60.5315068493151,"Stage III","T3","N2","M0"
"TCGA-AC-A3OD-01A","Immune_Mid",69.0027397260274,"Stage II","T2","N1",NA
"TCGA-A1-A0SG-01A","Immune_Mid",61.3150684931507,"Stage II","T2","N1","M0"
"TCGA-BH-A18G-01A","Immune_Mid",81.6986301369863,"Stage I","T1","N0","M0"
"TCGA-A8-A06P-01A","Immune_Mid",63.0438356164384,"Stage III","T1","N2","M0"
"TCGA-E2-A2P5-01A","Immune_Mid",78.413698630137,"Stage III","T2","N3","M0"
"TCGA-BH-A1F2-01A","Immune_Mid",53.9753424657534,"Stage III","T4","N1","M0"
"TCGA-E2-A10E-01A","Immune_Mid",64.8876712328767,"Stage II","T1","N1","M0"
"TCGA-AR-A24X-01A","Immune_Mid",52.1369863013699,"Stage II","T2","N0","M0"
"TCGA-AR-A24R-01A","Immune_Mid",45.5945205479452,"Stage III","T1","N2","M0"
"TCGA-AO-A1KT-01A","Immune_Mid",78.5205479452055,"Stage II","T1","N1","M0"
"TCGA-A7-A13E-01B","Immune_Mid",62.1643835616438,"Stage II","T2","N1",NA
"TCGA-A2-A0EX-01A","Immune_Mid",46.186301369863,"Stage II","T3","N0","M0"
"TCGA-D8-A1Y3-01A","Immune_Mid",61.1424657534247,"Stage III","T2","N2",NA
"TCGA-A8-A07F-01A","Immune_Mid",65.0465753424658,"Stage II","T2","N1","M0"
"TCGA-A2-A04W-01A","Immune_Mid",50.2602739726027,"Stage II","T2","N1","M0"
"TCGA-E9-A1N6-01A","Immune_Mid",52.9506849315068,"Stage II","T2","N1","M0"
"TCGA-C8-A1HJ-01A","Immune_Mid",53.7780821917808,"Stage II","T2","N0","M0"
"TCGA-A7-A6VW-01A","Immune_Mid",48.0520547945206,"Stage II","T2","N0","M0"
"TCGA-B6-A0RV-01A","Immune_Mid",42.4849315068493,"Stage III","T3","N2","M0"
"TCGA-E9-A1R2-01A","Immune_Mid",51.8794520547945,"Stage III","T2","N3",NA
"TCGA-C8-A12W-01A","Immune_Mid",49.6986301369863,"Stage III","T4","N1","M0"
"TCGA-AC-A8OP-01A","Immune_Mid",72.7397260273973,"Stage I","T1","N0",NA
"TCGA-AO-A0JB-01A","Immune_Mid",50.8520547945205,"Stage III","T3","N1","M0"
"TCGA-AR-A1AU-01A","Immune_Mid",39.9013698630137,"Stage III","T2","N2","M0"
"TCGA-AC-A23E-01A","Immune_Mid",50.6849315068493,"Stage II","T2","N1",NA
"TCGA-AC-A62Y-01A","Immune_Mid",79.1123287671233,"Stage II","T2","N1",NA
"TCGA-AN-A04A-01A","Immune_Mid",36.8356164383562,"Stage III","T2","N2","M0"
"TCGA-BH-A0C7-01B","Immune_Mid",48.9616438356164,"Stage II","T2","N1","M0"
"TCGA-E2-A14N-01A","Immune_Mid",37.6520547945205,"Stage II","T2","N1","M0"
"TCGA-D8-A1X8-01A","Immune_Mid",63,"Stage III","T1","N2","M0"
"TCGA-AR-A0TV-01A","Immune_Mid",66.5178082191781,"Stage II","T2","N0","M0"
"TCGA-AN-A0FF-01A","Immune_Mid",32.6821917808219,"Stage I","T1","N0","M0"
"TCGA-AR-A24T-01A","Immune_Mid",46.9452054794521,"Stage III","T3","N3","M0"
"TCGA-A7-A26F-01B","Immune_Mid",55.3698630136986,"Stage I","T1","N0","M0"
"TCGA-OL-A5RX-01A","Immune_Mid",51.8958904109589,"Stage I","T1","N0",NA
"TCGA-E2-A1L8-01A","Immune_Mid",52.5671232876712,"Stage II","T2","N1","M0"
"TCGA-AN-A03X-01A","Immune_Mid",74.4191780821918,"Stage II","T2","N0","M0"
"TCGA-BH-A0B1-01A","Immune_Mid",66.6164383561644,"Stage II","T2","N1","M0"
"TCGA-A8-A090-01A","Immune_Mid",74.3041095890411,"Stage II","T2","N0","M0"
"TCGA-E9-A244-01A","Immune_Mid",54.186301369863,"Stage II","T2","N0","M0"
"TCGA-AN-A0XU-01A","Immune_Mid",54.9369863013699,"Stage II","T2","N0","M0"
"TCGA-BH-A0AU-01A","Immune_Mid",45.7205479452055,"Stage II","T2","N0","M0"
"TCGA-E9-A1N9-01A","Immune_Mid",58.158904109589,"Stage II","T2","N0","M0"
"TCGA-E2-A152-01A","Immune_Mid",56.7260273972603,"Stage I","T1","N0","M0"
"TCGA-E9-A295-01A","Immune_Mid",71.1150684931507,"Stage II","T2","N0","M0"
"TCGA-E2-A153-01A","Immune_Mid",51.7123287671233,"Stage II","T2","N1","M0"
"TCGA-A2-A04Y-01A","Immune_Mid",53.5150684931507,"Stage II","T2","N1","M0"
"TCGA-BH-A0H7-01A","Immune_Mid",65.6767123287671,"Stage III","T1","N2","M0"
"TCGA-AN-A0XL-01A","Immune_Mid",61.2082191780822,"Stage II","T2","N0","M0"
"TCGA-D8-A140-01A","Immune_Mid",62.7397260273973,"Stage II","T2","N1","M0"
"TCGA-WT-AB44-01A","Immune_Mid",NA,"Stage I","T1","N0",NA
"TCGA-D8-A27W-01A","Immune_Mid",55.2684931506849,"Stage III","T4","N0","M0"
"TCGA-D8-A1JJ-01A","Immune_Mid",54.7013698630137,"Stage II","T2","N0","M0"
"TCGA-AO-A0J5-01A","Immune_Mid",48.8082191780822,"Stage IV","T4","N1","M1"
"TCGA-AR-A1AL-01A","Immune_Mid",60.3369863013699,"Stage III","T3","N1","M0"
"TCGA-BH-A0E9-01B","Immune_Mid",53.1917808219178,"Stage II","T2","N1","M0"
"TCGA-D8-A145-01A","Immune_Mid",80.2191780821918,"Stage II","T1","N1","M0"
"TCGA-EW-A1PH-01A","Immune_Mid",52.2547945205479,"Stage II","T1","N1","M0"
"TCGA-A2-A0CP-01A","Immune_Mid",60.6383561643836,"Stage I","T1","N0","M0"
"TCGA-AR-A5QP-01A","Immune_Mid",54.2602739726027,"Stage II","T2","N1","M0"
"TCGA-AN-A0G0-01A","Immune_Mid",56.1753424657534,"Stage II","T2","N0","M0"
"TCGA-B6-A0IK-01A","Immune_Mid",63.4246575342466,"Stage III","T4","N1","M0"
"TCGA-A2-A1G6-01A","Immune_Mid",50.7232876712329,"Stage III","T2","N2","M0"
"TCGA-AN-A0AT-01A","Immune_Mid",62.4602739726027,"Stage II","T2","N0","M0"
"TCGA-OL-A66H-01A","Immune_Mid",74.7397260273973,"Stage I","T1","N1",NA
"TCGA-PE-A5DD-01A","Immune_Mid",64.8931506849315,"Stage II","T2","N0","M0"
"TCGA-A1-A0SH-01A","Immune_Mid",39.986301369863,"Stage II","T2","N0","M0"
"TCGA-GM-A5PX-01A","Immune_Mid",65.0767123287671,"Stage II","T2","N1","M0"
"TCGA-A2-A1G0-01A","Immune_Mid",49.3205479452055,"Stage II","T2","N1","M0"
"TCGA-A7-A26F-01A","Immune_Mid",55.3698630136986,"Stage I","T1","N0","M0"
"TCGA-EW-A1IX-01A","Immune_Mid",48.2109589041096,"Stage II","T1","N1",NA
"TCGA-BH-A18U-01A","Immune_Mid",72.4,"Stage III","T2","N2","M0"
"TCGA-E9-A1NH-01A","Immune_Mid",71.8383561643836,"Stage II","T2","N1","M0"
"TCGA-S3-AA0Z-01A","Immune_Mid",63.8739726027397,"Stage II","T2","N1","M0"
"TCGA-B6-A0X1-01A","Immune_Mid",48.2849315068493,NA,"T2","N1","M1"
"TCGA-AR-A251-01A","Immune_Mid",51.427397260274,"Stage III","T2","N2","M0"
"TCGA-AC-A2FK-01A","Immune_Mid",45.5534246575342,"Stage III","T2","N3","M0"
"TCGA-D8-A143-01A","Immune_Mid",52.0109589041096,"Stage II","T2","N0","M0"
"TCGA-A2-A0SU-01A","Immune_Mid",66.3534246575342,"Stage II","T2","N0","M0"
"TCGA-AO-A126-01A","Immune_Mid",39.0794520547945,"Stage II","T2","N0","M0"
"TCGA-D8-A27K-01A","Immune_Mid",47.7424657534247,"Stage II","T2","N1","M0"
"TCGA-AR-A2LM-01A","Immune_Mid",49.4602739726027,"Stage II","T1","N1","M0"
"TCGA-E2-A10C-01A","Immune_Mid",54.3808219178082,"Stage II","T2","N1","M0"
"TCGA-HN-A2OB-01A","Immune_Mid",45.6767123287671,"Stage II","T2","N1","M0"
"TCGA-BH-A0HK-01A","Immune_Mid",81.5095890410959,"Stage II","T2","N1","M0"
"TCGA-BH-A0BM-01A","Immune_Mid",54.9287671232877,"Stage II","T2","N1","M0"
"TCGA-A2-A0T2-01A","Immune_Mid",66.3972602739726,"Stage IV","T3","N3","M1"
"TCGA-A7-A425-01A","Immune_Mid",70.3506849315068,"Stage III","T3","N3",NA
"TCGA-A8-A09M-01A","Immune_Mid",75.2191780821918,"Stage III","T2","N3","M0"
"TCGA-D8-A1X5-01A","Immune_Mid",81.4630136986301,"Stage III","T2","N3",NA
"TCGA-D8-A4Z1-01A","Immune_Mid",68.758904109589,"Stage I","T1","N0","M0"
"TCGA-A1-A0SJ-01A","Immune_Mid",39.4054794520548,"Stage III","T3","N1","M0"
"TCGA-AR-A1AM-01A","Immune_Mid",52.3917808219178,"Stage III","T3","N1","M0"
"TCGA-AR-A1AN-01A","Immune_Mid",46.5041095890411,"Stage II","T2","N0","M0"
"TCGA-S3-A6ZF-01A","Immune_Mid",64.7945205479452,"Stage II","T2","N0","M0"
"TCGA-EW-A1P8-01A","Immune_Mid",58.9068493150685,"Stage III","T2","N3","M0"
"TCGA-D8-A1XZ-01A","Immune_Mid",81.9616438356164,"Stage III","T1","N2",NA
"TCGA-A2-A25B-01A","Immune_Mid",39.6,"Stage II","T2","N1","M0"
"TCGA-B6-A0RP-01A","Immune_Mid",73.8109589041096,NA,"T2","N1","M0"
"TCGA-A8-A07C-01A","Immune_Mid",57.041095890411,"Stage II","T2","N0","M0"
"TCGA-BH-A18M-01A","Immune_Mid",39.813698630137,"Stage III","T3","N1","M0"
"TCGA-AO-A03O-01A","Immune_Mid",69.4849315068493,"Stage II","T2","N0","M0"
"TCGA-EW-A1OZ-01A","Immune_Mid",56.613698630137,"Stage II","T2","N0","M0"
"TCGA-D8-A27R-01A","Immune_Mid",41.4301369863014,"Stage III","T2","N3","M0"
"TCGA-E2-A14P-01A","Immune_Mid",79.241095890411,"Stage III","T2","N3","M0"
"TCGA-LL-A9Q3-01A","Immune_Mid",69.8,"Stage III","T3","N3",NA
"TCGA-A7-A426-01A","Immune_Mid",50.1260273972603,"Stage III","T3","N3",NA
"TCGA-BH-AB28-01A","Immune_Mid",53.6164383561644,"Stage III","T3","N1","M0"
"TCGA-BH-A0BT-01A","Immune_Mid",56.5068493150685,"Stage II","T1","N1","M0"
"TCGA-BH-A0BP-01A","Immune_Mid",76.4849315068493,"Stage I","T1","N0","M0"
"TCGA-AN-A0AS-01A","Immune_Mid",70.2958904109589,"Stage III","T2","N2","M0"
"TCGA-AO-A0J8-01A","Immune_Mid",61.0520547945206,"Stage II","T2","N0","M0"
"TCGA-4H-AAAK-01A","Immune_Mid",50.3315068493151,"Stage III","T2","N2","M0"
"TCGA-E9-A5FL-01A","Immune_Mid",65.8986301369863,"Stage II","T3","N0","M0"
"TCGA-AO-A12A-01A","Immune_Mid",47.7260273972603,"Stage II","T2","N0","M0"
"TCGA-A8-A07O-01A","Immune_Mid",51.6986301369863,"Stage II","T2","N0","M0"
"TCGA-E2-A15I-01A","Immune_Mid",44.2821917808219,"Stage II","T2","N0","M0"
"TCGA-A7-A4SC-01A","Immune_Mid",63.0356164383562,"Stage II","T3","N0",NA
"TCGA-BH-A0AV-01A","Immune_Mid",52.9150684931507,"Stage I","T1","N0","M0"
"TCGA-BH-A1EX-01A","Immune_Mid",67.2438356164384,"Stage II","T2","N1","M0"
"TCGA-E9-A22B-01A","Immune_Mid",71.9945205479452,"Stage I","T1","N0","M0"
"TCGA-EW-A6SC-01A","Immune_Mid",60.0493150684932,"Stage II","T2","N0","M0"
"TCGA-A2-A4RW-01A","Immune_Mid",49.4794520547945,"Stage III","T2","N3","M0"
"TCGA-A2-A0D0-01A","Immune_Mid",60.5890410958904,"Stage II","T2","N0","M0"
"TCGA-A8-A06X-01A","Immune_Mid",77.6383561643836,"Stage II","T3","N0","M0"
"TCGA-EW-A2FS-01A","Immune_Mid",41.9232876712329,"Stage II","T2","N1",NA
"TCGA-A2-A3XS-01A","Immune_Mid",63.013698630137,"Stage III","T1","N2","M0"
"TCGA-B6-A408-01A","Immune_Mid",55.0739726027397,"Stage III","T2","N3","M0"
"TCGA-D8-A73W-01A","Immune_Mid",79.7945205479452,"Stage III","T3","N1",NA
"TCGA-D8-A1JF-01A","Immune_Mid",79.9972602739726,"Stage III","T1","N2","M0"
"TCGA-BH-A0BV-01A","Immune_Mid",78.627397260274,"Stage II","T2","N1","M0"
"TCGA-C8-A12Q-01A","Immune_Mid",78.7205479452055,"Stage III","T1","N2","M0"
"TCGA-A8-A097-01A","Immune_Mid",65.0438356164384,"Stage II","T2","N1","M0"
"TCGA-BH-A0HP-01A","Immune_Mid",65.4328767123288,"Stage III","T3","N2","M0"
"TCGA-BH-A0E2-01A","Immune_Mid",49.7315068493151,"Stage III","T2","N2","M0"
"TCGA-BH-A0BJ-01A","Immune_Mid",41.1698630136986,"Stage II","T2","N1","M0"
"TCGA-AR-A24V-01A","Immune_Mid",52.1287671232877,"Stage II","T2","N1","M0"
"TCGA-GI-A2C8-01A","Immune_Mid",63.2958904109589,"Stage III","T4","N0",NA
"TCGA-A8-A06U-01A","Immune_Mid",80.8904109589041,"Stage II","T2","N1","M0"
"TCGA-AC-A3QP-01A","Immune_Mid",79.7616438356164,"Stage II","T2","N1",NA
"TCGA-A2-A3KC-01A","Immune_Mid",55.8931506849315,"Stage II","T2","N1","M0"
"TCGA-AO-A1KQ-01A","Immune_Mid",84.5452054794521,"Stage III","T4","N1","M0"
"TCGA-E9-A229-01A","Immune_Mid",37.8547945205479,"Stage I","T1","N0","M0"
"TCGA-AO-A0JA-01A","Immune_Mid",36.4575342465753,"Stage III","T2","N3","M0"
"TCGA-E9-A6HE-01A","Immune_Mid",45.7452054794521,"Stage III","T3","N3",NA
"TCGA-E9-A1R0-01A","Immune_Mid",58.613698630137,"Stage II","T1","N1","M0"
"TCGA-A8-A07G-01A","Immune_Mid",65.5506849315069,"Stage II","T1","N1","M0"
"TCGA-EW-A1PG-01A","Immune_Mid",53.3260273972603,"Stage II","T2","N1",NA
"TCGA-A2-A4S3-01A","Immune_Mid",59.6219178082192,"Stage II","T2","N1","M0"
"TCGA-A2-A0SV-01A","Immune_Mid",63.358904109589,"Stage IV","T2","N2","M1"
"TCGA-A7-A3IY-01A","Immune_Mid",71.3479452054794,"Stage I","T1","N0","M0"
"TCGA-D8-A1XT-01A","Immune_Mid",61.5013698630137,"Stage II","T1","N1","M0"
"TCGA-E2-A15A-01A","Immune_Mid",45.8904109589041,"Stage III","T2","N3","M0"
"TCGA-OL-A66J-01A","Immune_Mid",80.3972602739726,"Stage I","T1","N0",NA
"TCGA-AN-A049-01A","Immune_Mid",62.2191780821918,"Stage II","T2","N0","M0"
"TCGA-D8-A1JP-01A","Immune_Mid",73.5945205479452,"Stage I","T1","N0","M0"
"TCGA-A8-A08Z-01A","Immune_Mid",76.7205479452055,NA,"T4","N3","M0"
"TCGA-E2-A1L9-01A","Immune_Mid",40.7342465753425,"Stage II","T1","N1","M0"
"TCGA-D8-A1XK-01A","Immune_Mid",55.0465753424658,"Stage II","T2","N1",NA
"TCGA-A7-A26H-01A","Immune_Mid",72.3917808219178,"Stage II","T1","N1","M0"
"TCGA-BH-A0GY-01A","Immune_Mid",67.1041095890411,"Stage II","T2","N1","M0"
"TCGA-E2-A1IF-01A","Immune_Mid",74.9068493150685,"Stage I","T1","N0","M0"
"TCGA-OL-A5D6-01A","Immune_Mid",71.3753424657534,"Stage II","T2","N0",NA
"TCGA-AR-A1AP-01A","Immune_Mid",80.5643835616438,"Stage I","T1","N0","M0"
"TCGA-AR-A0TU-01A","Immune_Mid",35.7232876712329,"Stage II","T2","N0","M0"
"TCGA-BH-A0EA-01A","Immune_Mid",72.7342465753425,"Stage II","T1","N1","M0"
"TCGA-A7-A2KD-01A","Immune_Mid",53.5972602739726,"Stage III","T2","N2",NA
"TCGA-A2-A4RY-01A","Immune_Mid",47.0054794520548,"Stage III","T3","N3","M0"
"TCGA-A2-A0T7-01A","Immune_Mid",51.386301369863,"Stage II","T2","N0","M0"
"TCGA-D8-A1JC-01A","Immune_Mid",59.9945205479452,"Stage III","T2","N2","M0"
"TCGA-GI-A2C9-01A","Immune_Mid",58.9972602739726,"Stage II","T3","N0",NA
"TCGA-BH-A0DQ-01A","Immune_Mid",42.5561643835616,"Stage II","T2","N1","M0"
"TCGA-B6-A401-01A","Immune_Mid",47.7753424657534,"Stage II","T1","N1","M0"
"TCGA-A2-A1FZ-01A","Immune_Mid",63.1643835616438,"Stage II","T2","N0","M0"
"TCGA-AO-A0JM-01A","Immune_Mid",40.1452054794521,"Stage II","T2","N1","M0"
"TCGA-AC-A6IX-01A","Immune_Mid",49.2301369863014,"Stage III","T2","N3",NA
"TCGA-3C-AALK-01A","Immune_Mid",52.2575342465753,"Stage I","T1","N0","M0"
"TCGA-AC-A23C-01A","Immune_Mid",62.3315068493151,"Stage II","T2","N1",NA
"TCGA-D8-A1JD-01A","Immune_Mid",41.5506849315069,"Stage II","T2","N1","M0"
"TCGA-EW-A1IW-01A","Immune_Mid",80.9013698630137,"Stage II","T2","N1",NA
"TCGA-AR-A5QN-01A","Immune_Mid",68.7369863013699,"Stage III","T2","N3","M0"
"TCGA-C8-A135-01A","Immune_Mid",64.841095890411,"Stage II","T2","N1","M0"
"TCGA-BH-A0B5-01A","Immune_Mid",40.8767123287671,"Stage III","T2","N2","M0"
"TCGA-BH-A0E6-01A","Immune_Mid",69.6109589041096,"Stage I","T1","N0","M0"
"TCGA-B6-A0WY-01A","Immune_Mid",40.4876712328767,"Stage III","T3","N1","M0"
"TCGA-C8-A26W-01A","Immune_Mid",58.6054794520548,"Stage II","T2","N1","M0"
"TCGA-EW-A1PF-01A","Immune_Mid",50.3671232876712,"Stage I","T1","N0","M0"
"TCGA-D8-A147-01A","Immune_Mid",45.8520547945205,NA,"T2","N0","M0"
"TCGA-AR-A5QM-01A","Immune_Mid",62.4109589041096,"Stage II","T2","N0","M0"
"TCGA-BH-A0BA-01A","Immune_Mid",51.613698630137,"Stage III","T3","N3","M0"
"TCGA-BH-A0WA-01A","Immune_Mid",82.2602739726027,"Stage I","T1","N0","M0"
"TCGA-A1-A0SD-01A","Immune_Mid",59.7068493150685,"Stage II","T2","N0","M0"
"TCGA-A7-A56D-01A","Immune_Mid",84.3369863013699,"Stage II","T2","N0","M0"
"TCGA-AC-A5EH-01A","Immune_Mid",76.613698630137,"Stage II","T2","N1",NA
"TCGA-BH-A1FH-01A","Immune_Mid",47.0465753424658,"Stage IV","T2","N1","M1"
"TCGA-OL-A66N-01A","Immune_Mid",59.2,"Stage III","T3","N3",NA
"TCGA-C8-A12T-01A","Immune_Mid",NA,"Stage II","T2","N0","M0"
"TCGA-A8-A08L-01A","Immune_Mid",89.9780821917808,"Stage III","T3","N2","M0"
"TCGA-PL-A8LV-01A","Immune_Mid",54.0986301369863,"Stage III","T4","N0","M0"
"TCGA-C8-A3M7-01A","Immune_Mid",60.5369863013699,"Stage III","T4","N0","M0"
"TCGA-AO-A03L-01A","Immune_Mid",34.0904109589041,"Stage III","T3","N2","M0"
"TCGA-BH-A18P-01A","Immune_Mid",60.8821917808219,"Stage I","T1","N0","M0"
"TCGA-A2-A3XW-01A","Immune_Mid",42.9315068493151,"Stage II","T2","N1","M0"
"TCGA-BH-A18Q-01A","Immune_Mid",56.6438356164384,"Stage II","T2","N1","M0"
"TCGA-D8-A1X9-01A","Immune_Mid",66.8958904109589,"Stage II","T2","N1","M0"
"TCGA-BH-A28O-01A","Immune_Mid",50.6876712328767,"Stage III","T3","N3","M0"
"TCGA-AC-A3OD-01B","Immune_Mid",69.0027397260274,"Stage II","T2","N1",NA
"TCGA-D8-A27L-01A","Immune_Mid",49.3835616438356,"Stage III","T1","N2","M0"
"TCGA-A2-A0T0-01A","Immune_Mid",59.1095890410959,"Stage II","T2","N1","M0"
"TCGA-E9-A1N5-01A","Immune_Mid",45.8520547945205,"Stage II","T2","N1","M0"
"TCGA-EW-A1J5-01A","Immune_Mid",59.0657534246575,"Stage II","T3","N0","M0"
"TCGA-D8-A146-01A","Immune_Mid",57.1534246575342,"Stage II","T2","N0",NA
"TCGA-MS-A51U-01A","Immune_Mid",44.4191780821918,"Stage II","T2","N1","M0"
"TCGA-LD-A74U-01A","Immune_Mid",79.4,"Stage III","T3","N3","M0"
"TCGA-AN-A0XV-01A","Immune_Mid",67.8876712328767,"Stage III","T2","N2","M0"
"TCGA-AQ-A1H3-01A","Immune_Mid",49.8,"Stage III","T2","N3",NA
"TCGA-A8-A09Z-01A","Immune_Mid",83.8082191780822,"Stage II","T3","N0","M0"
"TCGA-C8-A12P-01A","Immune_Mid",55.7041095890411,"Stage II","T2","N1","M0"
"TCGA-E9-A1NF-01A","Immune_Mid",60.2219178082192,"Stage II","T2","N0","M0"
"TCGA-A2-A3XX-01A","Immune_Mid",49.2630136986301,"Stage II","T2","N0","M0"
"TCGA-BH-A0DP-01A","Immune_Mid",60.8191780821918,"Stage II","T3","N0","M0"
"TCGA-D8-A1JH-01A","Immune_Mid",56.1561643835616,"Stage I","T1","N0","M0"
"TCGA-D8-A27N-01A","Immune_Mid",36.2821917808219,"Stage III","T2","N2","M0"
"TCGA-LL-A5YL-01A","Immune_Mid",64.0958904109589,"Stage II","T2","N1",NA
"TCGA-AC-A8OS-01A","Immune_Mid",71.9123287671233,"Stage II","T2","N0",NA
"TCGA-A8-A09G-01A","Immune_Mid",79.4684931506849,"Stage III","T3","N3","M0"
"TCGA-AO-A0J6-01A","Immune_Mid",61.5397260273973,"Stage II","T2","N0","M0"
"TCGA-E9-A1R3-01A","Immune_Mid",70.3917808219178,"Stage III","T2","N3","M0"
"TCGA-BH-A0EB-01A","Immune_Mid",69.2027397260274,"Stage I","T1","N0","M0"
"TCGA-C8-A12O-01A","Immune_Mid",50.7013698630137,"Stage II","T2","N0","M0"
"TCGA-EW-A1OW-01A","Immune_Mid",58.8082191780822,"Stage II","T2","N0",NA
"TCGA-3C-AALI-01A","Immune_Mid",50.7890410958904,"Stage II","T2","N1","M0"
"TCGA-BH-A0H3-01A","Immune_Mid",46.9917808219178,"Stage I","T1","N0","M0"
"TCGA-C8-A131-01A","Immune_Mid",82.0986301369863,"Stage III","T2","N2","M0"
"TCGA-A7-A4SE-01A","Immune_High",55.013698630137,"Stage II","T2","N0","M0"
"TCGA-A2-A0YM-01A","Immune_High",68.0301369863014,"Stage II","T2","N0","M0"
"TCGA-A1-A0SP-01A","Immune_High",40.9698630136986,"Stage II","T2","N0","M0"
"TCGA-E2-A150-01A","Immune_High",48.1643835616438,"Stage II","T2","N0","M0"
"TCGA-3C-AALJ-01A","Immune_High",62.5972602739726,"Stage II","T2","N1","M0"
"TCGA-A2-A0YL-01A","Immune_High",48.4986301369863,"Stage III","T3","N2","M0"
"TCGA-BH-A1EW-01A","Immune_High",38.6027397260274,"Stage II","T2","N1","M0"
"TCGA-AN-A0FD-01A","Immune_High",71.2520547945205,"Stage II","T2","N0","M0"
"TCGA-BH-A42V-01A","Immune_High",41.5287671232877,"Stage I","T1","N1","M0"
"TCGA-AR-A2LN-01A","Immune_High",65.7315068493151,"Stage II","T2","N0","M0"
"TCGA-AO-A03R-01A","Immune_High",57.3424657534247,"Stage II","T2","N1","M0"
"TCGA-A2-A4S1-01A","Immune_High",66.7205479452055,"Stage II","T2","N0","M0"
"TCGA-D8-A27G-01A","Immune_High",75.4,"Stage II","T2","N0","M0"
"TCGA-D8-A1XW-01A","Immune_High",53.3643835616438,"Stage II","T2","N0","M0"
"TCGA-A8-A07I-01A","Immune_High",69.213698630137,"Stage III","T2","N2","M0"
"TCGA-E2-A14X-01A","Immune_High",55.0821917808219,"Stage III","T2","N2","M0"
"TCGA-AR-A255-01A","Immune_High",62.4904109589041,"Stage I","T1","N0","M0"
"TCGA-A8-A09A-01A","Immune_High",40.7753424657534,NA,"T2",NA,"M0"
"TCGA-AO-A0J2-01A","Immune_High",41.9835616438356,"Stage I","T1","N0","M0"
"TCGA-GM-A2DL-01A","Immune_High",50.6164383561644,"Stage I","T1","N0","M0"
"TCGA-A8-A09Q-01A","Immune_High",83.6383561643836,"Stage III","T4","N2","M0"
"TCGA-BH-A0DE-01A","Immune_High",62.0712328767123,"Stage II","T2","N0","M0"
"TCGA-A8-A09D-01A","Immune_High",47.7808219178082,"Stage II","T2","N1","M0"
"TCGA-A1-A0SN-01A","Immune_High",50.413698630137,"Stage II","T1","N1",NA
"TCGA-BH-A0AZ-01A","Immune_High",47.8493150684931,"Stage III","T3","N1",NA
"TCGA-A8-A09R-01A","Immune_High",82.7287671232877,"Stage II","T2","N1","M0"
"TCGA-EW-A6SD-01A","Immune_High",32.8931506849315,"Stage II","T2","N1","M0"
"TCGA-BH-A0C1-01B","Immune_High",61.3068493150685,"Stage III","T3","N2","M0"
"TCGA-AR-A250-01A","Immune_High",58.3808219178082,"Stage II","T2","N0","M0"
"TCGA-BH-A18F-01A","Immune_High",50.9424657534247,"Stage II","T2","N0","M0"
"TCGA-E2-A15K-01A","Immune_High",58.9424657534247,"Stage II","T2","N1","M0"
"TCGA-LL-A740-01A","Immune_High",61.413698630137,"Stage I","T1","N0",NA
"TCGA-BH-A0DS-01A","Immune_High",71.0794520547945,"Stage III","T2","N2","M0"
"TCGA-BH-A202-01A","Immune_High",60.4164383561644,"Stage II","T2","N0","M0"
"TCGA-A2-A259-01A","Immune_High",70.3178082191781,"Stage I","T1","N0","M0"
"TCGA-AC-A3YI-01A","Immune_High",74.3643835616438,"Stage III","T1","N3",NA
"TCGA-EW-A1J2-01A","Immune_High",50.8438356164384,NA,"T1","N1",NA
"TCGA-A2-A0CV-01A","Immune_High",41.8876712328767,"Stage II","T2","N1","M0"
"TCGA-E9-A1N4-01A","Immune_High",41.2465753424658,"Stage III","T2","N2","M0"
"TCGA-E2-A14R-01A","Immune_High",62.1534246575342,"Stage II","T2","N0","M0"
"TCGA-BH-A203-01A","Immune_High",78.3808219178082,"Stage II","T2","N1","M0"
"TCGA-A8-A075-01A","Immune_High",42.1068493150685,"Stage II","T2","N1","M0"
"TCGA-A8-A09I-01A","Immune_High",84.1397260273973,"Stage II","T2","N0","M0"
"TCGA-A2-A3XT-01A","Immune_High",45.613698630137,"Stage II","T2","N1","M0"
"TCGA-AC-A2QI-01A","Immune_High",76.3424657534247,"Stage III","T3","N1",NA
"TCGA-C8-A134-01A","Immune_High",52.0821917808219,"Stage II","T2","N0","M0"
"TCGA-E2-A10F-01A","Immune_High",47.2794520547945,"Stage II","T2","N0","M0"
"TCGA-AN-A0XN-01A","Immune_High",68.572602739726,"Stage III","T2","N2","M0"
"TCGA-A7-A5ZW-01A","Immune_High",48.0246575342466,"Stage II","T1","N1","M0"
"TCGA-BH-A0BD-01A","Immune_High",47.3287671232877,"Stage II","T1","N1","M0"
"TCGA-BH-A0DT-01A","Immune_High",41.3095890410959,"Stage II","T1","N1","M0"
"TCGA-A8-A06R-01A","Immune_High",69.8,"Stage II","T2","N1","M0"
"TCGA-LL-A8F5-01A","Immune_High",61.7643835616438,"Stage II","T2","N0",NA
"TCGA-BH-A0HF-01A","Immune_High",77.3506849315068,"Stage I","T1","N0","M0"
"TCGA-BH-A0B4-01A","Immune_High",65.6986301369863,"Stage III","T2","N2","M0"
"TCGA-C8-A1HG-01A","Immune_High",NA,"Stage II","T2","N0","M0"
"TCGA-A2-A0ES-01A","Immune_High",52.4931506849315,"Stage II","T2","N0","M0"
"TCGA-AC-A2B8-01A","Immune_High",84.9397260273973,"Stage II","T3","N0","M0"
"TCGA-A8-A07E-01A","Immune_High",81.6438356164384,NA,"T4","N3",NA
"TCGA-5L-AAT0-01A","Immune_High",42.172602739726,"Stage II","T2","N0","M0"
"TCGA-BH-A0B9-01A","Immune_High",44.6849315068493,"Stage I","T1","N0","M0"
"TCGA-E9-A1R4-01A","Immune_High",66.2493150684931,"Stage I","T1","N0","M0"
"TCGA-BH-A0BO-01A","Immune_High",54.1561643835616,"Stage I","T1","N0","M0"
"TCGA-A1-A0SF-01A","Immune_High",54.0575342465753,"Stage II","T2","N0","M0"
"TCGA-B6-A0WX-01A","Immune_High",40.5041095890411,"Stage III","T3","N1","M0"
"TCGA-Z7-A8R5-01A","Immune_High",61.041095890411,"Stage III","T3","N1",NA
"TCGA-A2-A0EO-01A","Immune_High",54.4657534246575,"Stage I","T1","N0","M0"
"TCGA-BH-A1EO-01A","Immune_High",68.8657534246575,"Stage II","T1","N1","M0"
"TCGA-A8-A08F-01A","Immune_High",59.2904109589041,"Stage III","T2","N3","M0"
"TCGA-EW-A2FR-01A","Immune_High",59.2547945205479,"Stage III","T1","N3",NA
"TCGA-LD-A66U-01A","Immune_High",44.1123287671233,"Stage II","T2","N1",NA
"TCGA-A8-A07J-01A","Immune_High",35.5205479452055,"Stage II","T2","N1","M0"
"TCGA-AO-A0JF-01A","Immune_High",68.2821917808219,"Stage II","T1","N1","M0"
"TCGA-OL-A6VQ-01A","Immune_High",49.7287671232877,"Stage II","T2","N0",NA
"TCGA-GM-A3XL-01A","Immune_High",49.7835616438356,"Stage II","T2","N0","M0"
"TCGA-E9-A227-01A","Immune_High",42.7452054794521,"Stage II","T2","N1","M0"
"TCGA-B6-A0IN-01A","Immune_High",45.7671232876712,NA,"T1",NA,NA
"TCGA-AR-A0TW-01A","Immune_High",50.0356164383562,"Stage III","T3","N1","M0"
"TCGA-A2-A04T-01A","Immune_High",62.2109589041096,"Stage II","T2","N0","M0"
"TCGA-A2-A3Y0-01A","Immune_High",57.6,"Stage II","T2","N1","M0"
"TCGA-GM-A2DK-01A","Immune_High",58.0767123287671,"Stage I","T1","N0","M0"
"TCGA-AN-A0AM-01A","Immune_High",56.7479452054795,"Stage II","T2","N0","M0"
"TCGA-D8-A142-01A","Immune_High",74.8301369863014,"Stage II","T3","N0","M0"
"TCGA-AN-A0XS-01A","Immune_High",63.9945205479452,"Stage III","T2","N2","M0"
"TCGA-AR-A24O-01A","Immune_High",43.772602739726,"Stage III","T3","N2","M0"
"TCGA-A2-A0CX-01A","Immune_High",52.4712328767123,"Stage II","T2","N0","M0"
"TCGA-BH-A0DV-01A","Immune_High",54.1945205479452,"Stage III","T2","N2","M0"
"TCGA-B6-A0IH-01A","Immune_High",81.9369863013699,"Stage III","T3","N1","M0"
"TCGA-BH-A0HB-01A","Immune_High",56.0219178082192,"Stage I","T1","N0","M0"
"TCGA-GM-A3XN-01A","Immune_High",44.1342465753425,"Stage III","T1","N2","M0"
"TCGA-AR-A2LQ-01A","Immune_High",59.9041095890411,"Stage II","T3","N0","M0"
"TCGA-A2-A0YD-01A","Immune_High",63.0712328767123,"Stage II","T3","N0","M0"
"TCGA-A7-A6VV-01A","Immune_High",51.2191780821918,"Stage II","T2","N0","M0"
"TCGA-GM-A2DH-01A","Immune_High",58.4767123287671,"Stage I","T1","N0","M0"
"TCGA-BH-A0BC-01A","Immune_High",60.1342465753425,"Stage III","T2","N3","M0"
"TCGA-A2-A0EV-01A","Immune_High",80.2328767123288,"Stage I","T1","N0","M0"
"TCGA-D8-A27T-01A","Immune_High",53.6739726027397,"Stage III","T2","N3","M0"
"TCGA-E9-A1NG-01A","Immune_High",62.7287671232877,"Stage II","T2","N0","M0"
"TCGA-A2-A0YI-01A","Immune_High",62.9068493150685,"Stage I","T1","N0","M0"
"TCGA-BH-A1EY-01A","Immune_High",79.2876712328767,"Stage II","T2","N0","M0"
"TCGA-OL-A5RU-01A","Immune_High",63.3095890410959,"Stage II","T1","N1",NA
"TCGA-A2-A0D2-01A","Immune_High",45.5424657534247,"Stage II","T2","N0","M0"
"TCGA-AR-A24S-01A","Immune_High",61.8821917808219,"Stage I","T1","N0","M0"
"TCGA-AO-A0JG-01A","Immune_High",49.372602739726,"Stage III","T2","N2","M0"
"TCGA-BH-A0DX-01A","Immune_High",62.5561643835616,"Stage I","T1","N0","M0"
"TCGA-BH-A0DG-01A","Immune_High",30.6958904109589,"Stage II","T2","N0","M0"
"TCGA-E2-A1IO-01A","Immune_High",37.4547945205479,"Stage I","T1","N0","M0"
"TCGA-A2-A04P-01A","Immune_High",36.2684931506849,"Stage III","T2","N3","M0"
"TCGA-EW-A2FV-01A","Immune_High",39.2219178082192,"Stage III","T3","N3",NA
"TCGA-EW-A1PE-01A","Immune_High",56.6958904109589,"Stage II","T1","N1","M0"
"TCGA-D8-A1XL-01A","Immune_High",34.7068493150685,"Stage II","T2","N1",NA
"TCGA-BH-A0HA-01A","Immune_High",31.1753424657534,"Stage I","T1","N0","M0"
"TCGA-AR-A0TQ-01A","Immune_High",27.0493150684932,"Stage III","T3","N1","M0"
"TCGA-A7-A4SA-01A","Immune_High",40.8383561643836,"Stage II","T2","N1","M0"
"TCGA-D8-A1XM-01A","Immune_High",57.6876712328767,"Stage I","T1","N0","M0"
"TCGA-AC-A5XS-01A","Immune_High",74.4109589041096,"Stage II","T2","N0",NA
"TCGA-D8-A1Y0-01A","Immune_High",65.9808219178082,"Stage III","T1","N2",NA
"TCGA-A2-A0SY-01A","Immune_High",62.8164383561644,"Stage III","T3","N1","M0"
"TCGA-A2-A4RX-01A","Immune_High",67.8876712328767,"Stage II","T2","N0","M0"
"TCGA-E2-A1IJ-01A","Immune_High",57.413698630137,"Stage I","T1","N0","M0"
"TCGA-OL-A5D7-01A","Immune_High",70.2547945205479,"Stage II","T2","N0",NA
"TCGA-BH-A0BR-01A","Immune_High",59.2383561643836,"Stage I","T1","N0","M0"
"TCGA-A2-A04X-01A","Immune_High",34.6356164383562,"Stage II","T2","N0","M0"
"TCGA-BH-A0AY-01A","Immune_High",62.2,"Stage II","T2","N0","M0"
"TCGA-AR-A2LO-01A","Immune_High",46.7945205479452,"Stage II","T2","N1","M0"
"TCGA-OL-A97C-01A","Immune_High",67.7671232876712,"Stage II","T3","N0","M0"
"TCGA-BH-A0DZ-01A","Immune_High",43.7808219178082,"Stage II","T2","N1","M0"
"TCGA-AO-A0JJ-01A","Immune_High",54.1315068493151,"Stage II","T2","N1","M0"
"TCGA-A7-A3J1-01A","Immune_High",63.586301369863,"Stage I","T1","N0",NA
"TCGA-E2-A1L7-01A","Immune_High",40.6958904109589,"Stage III","T2","N2","M0"
"TCGA-AR-A1AK-01A","Immune_High",70.7534246575343,"Stage I","T1","N0","M0"
"TCGA-BH-A1F6-01A","Immune_High",51.2082191780822,NA,"T4","N2",NA
"TCGA-GM-A2DB-01A","Immune_High",62.6931506849315,"Stage II","T2","N0","M0"
"TCGA-A2-A0T4-01A","Immune_High",62.6,"Stage II","T2","N0","M0"
"TCGA-A2-A25A-01A","Immune_High",44.0657534246575,"Stage II","T2","N0","M0"
"TCGA-A2-A0EW-01A","Immune_High",53.186301369863,"Stage III","T1","N3","M0"
"TCGA-AC-A3HN-01A","Immune_High",87.8383561643836,"Stage II","T2","N1",NA
"TCGA-AR-A24Q-01A","Immune_High",49.5452054794521,"Stage II","T3","N0","M0"
"TCGA-A2-A4S2-01A","Immune_High",62.8383561643836,"Stage III","T3","N2","M0"
"TCGA-BH-A1FC-01A","Immune_High",78.6465753424658,"Stage II","T1","N1","M0"
"TCGA-E2-A1B0-01A","Immune_High",50.2630136986301,"Stage III","T2","N2","M0"
"TCGA-OK-A5Q2-01A","Immune_High",59.0547945205479,"Stage II","T2","N1",NA
"TCGA-AN-A046-01A","Immune_High",68.9260273972603,"Stage II","T2","N0","M0"
"TCGA-B6-A0RS-01A","Immune_High",38.7232876712329,"Stage II","T2","N0","M0"
"TCGA-BH-A208-01A","Immune_High",48.5342465753425,"Stage II","T2","N1","M0"
"TCGA-A7-A26G-01A","Immune_High",50.3068493150685,"Stage II","T2","N0","M0"
"TCGA-D8-A1JU-01A","Immune_High",51.3232876712329,"Stage I","T1","N0","M0"
"TCGA-D8-A27I-01A","Immune_High",58.4301369863014,"Stage III","T1","N2","M0"
"TCGA-LL-A5YP-01A","Immune_High",49.427397260274,"Stage II","T2","N1","M0"
"TCGA-A7-A13H-01A","Immune_High",62.0356164383562,"Stage II","T2","N1",NA
"TCGA-A8-A08I-01A","Immune_High",53.1205479452055,"Stage II","T2","N0","M0"
"TCGA-B6-A0WS-01A","Immune_High",58.1643835616438,NA,"T1",NA,NA
"TCGA-BH-A0DI-01A","Immune_High",63.9095890410959,"Stage II","T2","N1","M0"
"TCGA-A8-A0A1-01A","Immune_High",84.2246575342466,"Stage II","T2","N0","M0"
"TCGA-BH-A0DL-01A","Immune_High",64.7342465753425,"Stage II","T2","N0","M0"
"TCGA-D8-A13Z-01A","Immune_High",51.8958904109589,NA,"T2","N2","M0"
"TCGA-AO-A03M-01B","Immune_High",29.0849315068493,"Stage I","T1","N0","M0"
"TCGA-A7-A0CG-01A","Immune_High",78.345205479452,"Stage II","T2","N0","M0"
"TCGA-AN-A0AJ-01A","Immune_High",79.8109589041096,"Stage II","T3","N0","M0"
"TCGA-E2-A1AZ-01A","Immune_High",63.6438356164384,"Stage II","T2","N1","M0"
"TCGA-B6-A0I2-01A","Immune_High",45.758904109589,"Stage I","T1","N0","M0"
"TCGA-BH-A1FU-01A","Immune_High",44.3123287671233,"Stage I","T1","N0","M0"
"TCGA-GM-A2DF-01A","Immune_High",53.7369863013699,"Stage II","T1","N1","M0"
"TCGA-C8-A27B-01A","Immune_High",48.6657534246575,"Stage II","T3","N0","M0"
"TCGA-BH-A18V-01A","Immune_High",48.4438356164384,"Stage II","T2","N1","M0"
"TCGA-B6-A400-01A","Immune_High",43.8958904109589,"Stage III","T2","N2","M0"
"TCGA-D8-A1JG-01B","Immune_High",62.6794520547945,"Stage II","T2","N0","M0"
"TCGA-BH-A0C3-01A","Immune_High",47.1808219178082,"Stage I","T1","N0","M0"
"TCGA-BH-A0B3-01A","Immune_High",53.3671232876712,"Stage II","T2","N1","M0"
"TCGA-A8-A09X-01A","Immune_High",62.6246575342466,"Stage III","T2","N3","M0"
"TCGA-BH-A42U-01A","Immune_High",80.3561643835616,"Stage II","T2","N0","M0"
"TCGA-B6-A0IJ-01A","Immune_High",42.8082191780822,"Stage II","T3","N0","M0"
"TCGA-LL-A73Y-01A","Immune_High",67.5260273972603,"Stage I","T1","N0",NA
"TCGA-AC-A2FF-01A","Immune_High",NA,"Stage II","T2","N1",NA
"TCGA-AC-A23G-01A","Immune_High",76.5315068493151,"Stage II","T1","N1",NA
"TCGA-A2-A0SW-01A","Immune_High",82.4246575342466,"Stage IV","T2","N2","M1"
"TCGA-A2-A0YH-01A","Immune_High",53.6876712328767,"Stage III","T2","N2","M0"
"TCGA-E2-A573-01A","Immune_High",48.4630136986301,"Stage I","T1","N0","M0"
"TCGA-BH-A18I-01A","Immune_High",53.3945205479452,"Stage II","T1","N1",NA
"TCGA-AR-A254-01A","Immune_High",50.0547945205479,"Stage III","T2","N2","M0"
"TCGA-OL-A66L-01A","Immune_High",71.7424657534247,"Stage I","T1","N0",NA
"TCGA-BH-A8G0-01A","Immune_High",54.7260273972603,"Stage II","T2","N1","M0"
"TCGA-AC-A2FO-01A","Immune_High",65.5561643835617,"Stage II","T2","N1",NA
"TCGA-BH-A0BQ-01A","Immune_High",39.7095890410959,"Stage I","T1","N0","M0"
"TCGA-AO-A129-01A","Immune_High",29.8575342465753,"Stage II","T2","N1","M0"
"TCGA-A8-A096-01A","Immune_High",73.213698630137,"Stage II","T2","N0","M0"
"TCGA-EW-A3E8-01B","Immune_High",60.0602739726027,"Stage II","T3","N0",NA
"TCGA-A1-A0SI-01A","Immune_High",52.7397260273973,"Stage II","T2","N1","M0"
"TCGA-AR-A1AT-01A","Immune_High",62.8547945205479,"Stage II","T2","N0","M0"
"TCGA-C8-A8HQ-01A","Immune_High",53.2383561643836,"Stage II","T2","N1","M0"
"TCGA-AR-A1AR-01A","Immune_High",50.6356164383562,"Stage III","T1","N2","M0"
"TCGA-LL-A73Z-01A","Immune_High",55.1178082191781,"Stage IV","T1",NA,"M1"
"TCGA-AO-A03U-01B","Immune_High",31.1068493150685,"Stage I","T1","N0","M0"
"TCGA-LD-A7W5-01A","Immune_High",52.5178082191781,"Stage III","T2","N3","M0"
"TCGA-AR-A2LJ-01A","Immune_High",40.3369863013699,"Stage III","T3","N1",NA
"TCGA-A2-A0T6-01A","Immune_High",50.2301369863014,"Stage II","T3","N0","M0"
"TCGA-AR-A1AI-01A","Immune_High",47.2027397260274,"Stage II","T2","N0","M0"
"TCGA-E9-A3X8-01A","Immune_High",48.186301369863,"Stage II","T2","N1","M0"
"TCGA-AC-A3W6-01A","Immune_High",90.0602739726027,"Stage III","T3","N1",NA
"TCGA-LL-A440-01A","Immune_High",61.6356164383562,"Stage I","T1","N0",NA
"TCGA-AR-A0U0-01A","Immune_High",73.9534246575342,"Stage II","T2","N1","M0"
"TCGA-A2-A0CZ-01A","Immune_High",46.6465753424658,"Stage II","T2","N0","M0"
"TCGA-OL-A5S0-01A","Immune_High",66.1342465753425,"Stage II","T2","N1",NA
"TCGA-AO-A0J4-01A","Immune_High",41.2383561643836,"Stage I","T1","N0","M0"
"TCGA-A8-A08X-01A","Immune_High",43.027397260274,"Stage III","T4","N3","M0"
"TCGA-D8-A1JB-01A","Immune_High",54.3068493150685,"Stage II","T2","N1","M0"
"TCGA-BH-A1EU-01A","Immune_High",83.1205479452055,"Stage I","T1","N0","M0"
"TCGA-E9-A1RF-01A","Immune_High",68.8191780821918,"Stage III","T2","N2","M0"
"TCGA-C8-A275-01A","Immune_High",56.9150684931507,"Stage II","T1","N1","M0"
"TCGA-AC-A2QJ-01A","Immune_High",48.1342465753425,"Stage III","T4","N0","M0"
"TCGA-E2-A1LE-01A","Immune_High",71.8876712328767,"Stage III","T2","N3","M0"
"TCGA-AC-A8OQ-01A","Immune_High",72.6986301369863,"Stage II","T2","N1",NA
"TCGA-BH-A0B0-01A","Immune_High",56.9205479452055,"Stage I","T1","N0","M0"
"TCGA-A2-A1G1-01A","Immune_High",85.5424657534247,"Stage II","T2","N1","M0"
"TCGA-D8-A1J8-01A","Immune_High",77.9287671232877,"Stage II","T2","N1","M0"
"TCGA-AR-A1AX-01A","Immune_High",64.4027397260274,"Stage I","T1","N0","M0"
"TCGA-A8-A08P-01A","Immune_High",70.1315068493151,"Stage III","T2","N2","M0"
"TCGA-BH-A0W7-01A","Immune_High",49.3041095890411,"Stage I","T1","N0","M0"
"TCGA-C8-A1HM-01A","Immune_High",74.1452054794521,"Stage II","T2","N0","M0"
"TCGA-BH-A0W5-01A","Immune_High",77.5452054794521,"Stage II","T1","N1","M0"
"TCGA-A8-A08R-01A","Immune_High",52.8712328767123,"Stage II","T2","N1","M0"
"TCGA-E9-A22E-01A","Immune_High",56.3671232876712,"Stage III","T2","N2","M0"
"TCGA-E2-A14Z-01A","Immune_High",64.8821917808219,"Stage I","T1","N0","M0"
"TCGA-A8-A0A6-01A","Immune_High",64.1205479452055,"Stage III","T2","N3","M0"
"TCGA-BH-A0B2-01A","Immune_High",NA,NA,NA,NA,NA
"TCGA-AC-A6IV-01A","Immune_High",48.0027397260274,"Stage II","T2","N1",NA
"TCGA-AO-A0J9-01A","Immune_High",62.0328767123288,"Stage III","T2","N3","M0"
"TCGA-C8-A132-01A","Immune_High",56.0849315068493,"Stage II","T2","N1","M0"
"TCGA-E9-A1QZ-01A","Immune_High",61.3616438356164,"Stage II","T2","N0","M0"
"TCGA-C8-A1HF-01A","Immune_High",NA,"Stage II","T2","N0","M0"
"TCGA-C8-A8HP-01A","Immune_High",59.213698630137,"Stage III","T2","N2","M0"
"TCGA-B6-A3ZX-01A","Immune_High",50.5041095890411,"Stage IV","T3","N1","M1"
"TCGA-AC-A6IW-01A","Immune_High",73.6876712328767,"Stage II","T2","N0",NA
"TCGA-LL-A441-01A","Immune_High",62.3890410958904,"Stage I","T1","N0",NA
"TCGA-D8-A1XQ-01A","Immune_High",69.4383561643836,"Stage II","T2","N0","M0"
"TCGA-A2-A3XZ-01A","Immune_High",46.5150684931507,"Stage I","T1","N0","M0"
"TCGA-E2-A1B1-01A","Immune_High",45.4876712328767,"Stage II","T2","N1","M0"
"TCGA-BH-A5J0-01A","Immune_High",63.2109589041096,"Stage I","T1","N0","M0"
"TCGA-D8-A1JL-01A","Immune_High",72.558904109589,"Stage II","T2","N0","M0"
"TCGA-A8-A094-01A","Immune_High",75.9698630136986,"Stage II","T2","N0","M0"
"TCGA-A2-A0CM-01A","Immune_High",41.0109589041096,"Stage II","T2","N0","M0"
"TCGA-BH-A209-01A","Immune_High",77.8164383561644,"Stage I","T1","N0","M0"
"TCGA-AN-A0AL-01A","Immune_High",41.8794520547945,"Stage III","T4","N0","M0"
"TCGA-GM-A2DA-01A","Immune_High",46.1753424657534,"Stage II","T2","N1","M0"
"TCGA-C8-A278-01A","Immune_High",61.9123287671233,"Stage III","T2","N2","M0"
"TCGA-A2-A25D-01A","Immune_High",90.0602739726027,"Stage III","T2","N3","M0"
"TCGA-BH-A1FE-01A","Immune_High",31.9178082191781,"Stage II","T2","N1","M0"
"TCGA-A8-A08H-01A","Immune_High",66.1287671232877,"Stage II","T2","N0","M0"
"TCGA-A7-A4SD-01A","Immune_High",52.413698630137,"Stage II","T2","N0","M0"
"TCGA-C8-A8HR-01A","Immune_High",49.0986301369863,"Stage III","T3","N2","M0"
"TCGA-XX-A899-01A","Immune_High",46.6356164383562,"Stage III","T1","N2",NA
"TCGA-AR-A0U4-01A","Immune_High",54.0520547945206,"Stage II","T2","N0","M0"
"TCGA-EW-A1IY-01A","Immune_High",38.6904109589041,"Stage I","T1","N0",NA
"TCGA-A7-A6VY-01A","Immune_High",48.3287671232877,"Stage II","T2","N1","M0"
"TCGA-LL-A7SZ-01A","Immune_High",49.7561643835616,"Stage II","T2","N1",NA
"TCGA-AQ-A04J-01A","Immune_High",45.5205479452055,"Stage II","T2","N0","M0"
"TCGA-BH-A0BG-01A","Immune_High",73.9397260273973,"Stage I","T1","N0","M0"
"TCGA-E2-A1LA-01A","Immune_High",59.6520547945205,"Stage II","T1","N1","M0"
"TCGA-BH-A0B7-01A","Immune_High",42.7205479452055,"Stage II","T2","N1","M0"
"TCGA-E2-A15M-01A","Immune_High",66.4821917808219,"Stage II","T2","N0","M0"
"TCGA-BH-A2L8-01A","Immune_High",45.6383561643836,"Stage II","T2","N0","M0"
"TCGA-AO-A12D-01A","Immune_High",43.2164383561644,"Stage II","T1","N1","M0"
"TCGA-BH-A0BW-01A","Immune_High",71.1616438356164,"Stage I","T1","N0","M0"
"TCGA-BH-A1FB-01A","Immune_High",60.0904109589041,"Stage II","T2","N1","M0"
"TCGA-E9-A248-01A","Immune_High",51.1890410958904,"Stage II","T2","N0","M0"
"TCGA-D8-A1Y2-01A","Immune_High",71.2904109589041,"Stage II","T2","N0",NA
"TCGA-WT-AB41-01A","Immune_High",NA,"Stage II","T2","N1",NA
"TCGA-LL-A5YN-01A","Immune_High",46.2575342465753,"Stage II","T2","N0","M0"
"TCGA-5L-AAT1-01A","Immune_High",63.6301369863014,"Stage IV","T2","N0","M1"
"TCGA-EW-A6SB-01A","Immune_High",62.586301369863,"Stage II","T2","N0","M0"
"TCGA-AR-A1AQ-01A","Immune_High",49.613698630137,"Stage II","T2","N0","M0"
"TCGA-BH-A18H-01A","Immune_High",63.1917808219178,"Stage I","T1","N0","M0"
"TCGA-AC-A3W5-01A","Immune_High",65.8328767123288,"Stage II","T2","N0",NA
"TCGA-XX-A89A-01A","Immune_High",68.4931506849315,"Stage II","T3","N0",NA
"TCGA-EW-A1P4-01A","Immune_High",43.8054794520548,"Stage II","T2","N0","M0"
"TCGA-AR-A0TS-01A","Immune_High",46.9616438356164,"Stage II","T2","N1","M0"
"TCGA-EW-A1PB-01A","Immune_High",70.6027397260274,"Stage III","T3","N1",NA
"TCGA-E9-A22A-01A","Immune_High",74.7616438356164,"Stage II","T2","N0","M0"
"TCGA-BH-A8FZ-01A","Immune_High",58.4739726027397,"Stage I","T1","N0","M0"
"TCGA-E2-A159-01A","Immune_High",51.0164383561644,"Stage II","T2","N0","M0"
"TCGA-BH-A0BZ-01A","Immune_High",59.8794520547945,"Stage III","T3","N1","M0"
"TCGA-AO-A0JE-01A","Immune_High",53.4684931506849,"Stage III","T2","N2","M0"
"TCGA-C8-A138-01A","Immune_High",54.9397260273973,"Stage III","T2","N2","M0"
"TCGA-AR-A24U-01A","Immune_High",48.0082191780822,"Stage II","T1","N1","M0"
"TCGA-A2-A0CO-01A","Immune_High",86.0383561643836,"Stage II","T3","N0","M0"
"TCGA-A2-A3XY-01A","Immune_High",49.4767123287671,"Stage II","T2","N1","M0"
"TCGA-GM-A4E0-01A","Immune_High",67.9123287671233,"Stage III","T3","N3","M0"
"TCGA-AR-A0TT-01A","Immune_High",53.9150684931507,"Stage III","T2","N2","M0"
"TCGA-AC-A2FB-01A","Immune_High",65.345205479452,"Stage II","T2","N0",NA
"TCGA-GM-A2DN-01A","Immune_High",58.3232876712329,"Stage II","T2","N0","M0"
"TCGA-S3-AA17-01A","Immune_High",64.772602739726,"Stage II","T2","N1",NA
"TCGA-BH-A0C0-01A","Immune_High",63.0301369863014,"Stage II","T1","N1","M0"
"TCGA-AR-A2LH-01A","Immune_High",55.5835616438356,"Stage III","T3","N3","M0"
"TCGA-AR-A0TX-01A","Immune_High",64.8027397260274,"Stage II","T1","N1","M0"
"TCGA-AN-A0XW-01A","Immune_High",36.186301369863,"Stage III","T2","N2","M0"
"TCGA-AC-A3BB-01A","Immune_High",46.5287671232877,"Stage III","T3","N2",NA
"TCGA-BH-A0DK-01A","Immune_High",49.9643835616438,"Stage II","T2","N0","M0"
"TCGA-E9-A1ND-01A","Immune_High",75.0684931506849,"Stage II","T2","N1","M0"
"TCGA-A2-A0SX-01A","Immune_High",48.6958904109589,"Stage I","T1","N0","M0"
"TCGA-AC-A2FE-01A","Immune_High",62.3178082191781,"Stage III","T3","N3",NA
"TCGA-A2-A0EN-01A","Immune_High",70.6054794520548,"Stage II","T2","N0","M0"
"TCGA-E2-A3DX-01A","Immune_High",43.7506849315068,"Stage III","T2","N3","M0"
"TCGA-E2-A1II-01A","Immune_High",51.4739726027397,"Stage I","T1","N0","M0"
"TCGA-A2-A0EQ-01A","Immune_High",64.5013698630137,"Stage II","T2","N0","M0"
"TCGA-E2-A1B6-01A","Immune_High",44.8493150684931,"Stage II","T2","N0","M0"
"TCGA-E2-A1IH-01A","Immune_High",80.6684931506849,"Stage I","T1","N0","M0"
"TCGA-PL-A8LZ-01A","Immune_High",29.7780821917808,"Stage III","T4","N2","M0"
"TCGA-AN-A0FN-01A","Immune_High",61.9972602739726,"Stage I","T1","N0","M0"
"TCGA-A2-A0YK-01A","Immune_High",61.986301369863,"Stage II","T2","N0","M0"
"TCGA-D8-A141-01A","Immune_High",40.0712328767123,NA,"T1","N1","M0"
"TCGA-E9-A1NC-01A","Immune_High",61.2465753424658,"Stage II","T2","N1","M0"
"TCGA-BH-A0BF-01A","Immune_High",56.6876712328767,"Stage II","T2","N1","M0"
"TCGA-D8-A1JK-01A","Immune_High",90.0602739726027,"Stage II","T2","N0","M0"
"TCGA-EW-A1P1-01A","Immune_High",68.2821917808219,"Stage III","T2","N3",NA
"TCGA-JL-A3YW-01A","Immune_High",NA,"Stage II","T2","N1","M0"
"TCGA-BH-A0BL-01A","Immune_High",35.1808219178082,"Stage I","T1","N0","M0"
"TCGA-E2-A1B5-01A","Immune_High",46.6821917808219,"Stage II","T2","N0","M0"
"TCGA-C8-A12K-01A","Immune_High",80.7205479452055,"Stage II","T2","N1","M0"
"TCGA-E9-A1NE-01A","Immune_High",28.9424657534247,"Stage II","T2","N1","M0"
"TCGA-D8-A27M-01A","Immune_High",60.027397260274,"Stage I","T1","N0","M0"
"TCGA-GM-A2DO-01A","Immune_High",54.3616438356164,"Stage I","T1","N0","M0"
"TCGA-S3-AA10-01A","Immune_High",65.958904109589,"Stage II","T2","N0","M0"
"TCGA-S3-AA15-01A","Immune_High",51.1205479452055,"Stage II","T2","N1",NA
"TCGA-PE-A5DE-01A","Immune_High",41.6876712328767,"Stage II","T2","N0","M0"
"TCGA-D8-A73U-01A","Immune_High",88.241095890411,"Stage II","T2","N0","M0"
"TCGA-EW-A1OV-01A","Immune_High",56.8876712328767,"Stage II","T2","N1",NA
"TCGA-AQ-A7U7-01A","Immune_High",55.4493150684931,"Stage III","T2","N2","M0"
"TCGA-E9-A3QA-01A","Immune_High",33.2657534246575,"Stage II","T2","N0","M0"
"TCGA-BH-A0AW-01A","Immune_High",56.0767123287671,"Stage II","T1","N1","M0"
"TCGA-A2-A0T1-01A","Immune_High",55.4164383561644,"Stage III","T3","N3","M0"
"TCGA-BH-A6R9-01A","Immune_High",61.1643835616438,"Stage II","T2","N0","M0"
"TCGA-AR-A252-01A","Immune_High",50.9890410958904,"Stage I","T1","N0","M0"
"TCGA-C8-A26X-01A","Immune_High",58.8027397260274,"Stage II","T1","N1","M0"
"TCGA-EW-A1IZ-01A","Immune_High",53.9890410958904,"Stage III","T2","N2",NA
"TCGA-A8-A07U-01A","Immune_High",66.8794520547945,"Stage III","T2","N2","M0"
"TCGA-E9-A22D-01A","Immune_High",38.6712328767123,"Stage II","T2","N0","M0"
"TCGA-E9-A5FK-01A","Immune_High",60.8191780821918,"Stage III","T2","N3","M0"
"TCGA-AR-A1AO-01A","Immune_High",47.4849315068493,"Stage II","T1","N1","M0"
"TCGA-E2-A1LH-01A","Immune_High",59.2547945205479,"Stage I","T1","N0","M0"
"TCGA-GM-A2DD-01A","Immune_High",53.1917808219178,"Stage I","T1","N0","M0"
"TCGA-E9-A2JT-01A","Immune_High",63.8849315068493,"Stage II","T2","N0","M0"
"TCGA-GM-A2DI-01A","Immune_High",52.1369863013699,"Stage I","T1","N0","M0"
"TCGA-A2-A0CL-01A","Immune_High",37.1397260273973,"Stage III","T3","N2","M0"
"TCGA-AR-A5QQ-01A","Immune_High",68.0575342465753,"Stage III","T3","N1","M0"
"TCGA-E9-A243-01A","Immune_High",52.1506849315069,"Stage II","T2","N0","M0"
"TCGA-LL-A5YO-01A","Immune_High",50.2849315068493,"Stage I","T1","N0",NA
"TCGA-AR-A1AW-01A","Immune_High",65.3561643835616,"Stage II","T2","N0","M0"
"TCGA-OL-A5RY-01A","Immune_High",52.6465753424658,"Stage II","T1","N1",NA
"TCGA-EW-A1P7-01A","Immune_High",59.5890410958904,"Stage II","T2","N0","M0"
"TCGA-BH-A0B6-01A","Immune_High",47.5232876712329,"Stage I","T1","N0","M0"
"TCGA-BH-A1F0-01A","Immune_High",80.3698630136986,"Stage II","T1","N1","M0"
"TCGA-AO-A128-01A","Immune_High",61.2054794520548,"Stage II","T2","N0","M0"
"TCGA-AR-A1AJ-01A","Immune_High",83.5315068493151,"Stage I","T1","N0","M0"
"TCGA-A2-A0CR-01A","Immune_High",55,"Stage II","T3","N0","M0"
"TCGA-A8-A0A7-01A","Immune_High",57.3698630136986,"Stage II","T2","N1","M0"
"TCGA-BH-A0RX-01A","Immune_High",59.8821917808219,"Stage II","T2","N0","M0"
"TCGA-LD-A9QF-01A","Immune_High",73.613698630137,"Stage I","T1","N0","M0"
"TCGA-OL-A66P-01A","Immune_High",75.3123287671233,"Stage II","T2","N0",NA
"TCGA-BH-A0H5-01A","Immune_High",45.8054794520548,"Stage I","T1","N0","M0"
"TCGA-EW-A3U0-01A","Immune_High",61.6986301369863,"Stage III","T3","N1","M0"
"TCGA-B6-A0RT-01A","Immune_High",39.3808219178082,"Stage III","T3","N1","M0"
"TCGA-C8-A12V-01A","Immune_High",55.7424657534247,"Stage II","T2","N0","M0"
"TCGA-E2-A108-01A","Immune_High",64.4657534246575,"Stage III","T2","N2","M0"
"TCGA-A2-A04Q-01A","Immune_High",48.3835616438356,"Stage I","T1","N0","M0"
"TCGA-A2-A0ST-01A","Immune_High",62.8,"Stage II","T1","N1","M0"
"TCGA-OL-A66I-01A","Immune_High",36.8712328767123,"Stage II","T1","N1",NA
"TCGA-AO-A0JC-01A","Immune_High",64.1205479452055,"Stage II","T2","N0","M0"
"TCGA-A2-A0EP-01A","Immune_High",56.3972602739726,"Stage I","T1","N0","M0"
"TCGA-A2-A25F-01A","Immune_High",66.627397260274,"Stage II","T2","N0","M0"
