"Metric","Value"
"TCGA tumors","1106"
"Input expression genes","35009"
"Historical ESTIMATE common genes","9859"
"StromalSignature overlap","136"
"ImmuneSignature overlap","139"
"Missing ImmuneScore","0"
"Missing StromalScore","0"
"Missing ESTIMATEScore","0"
"Missing TumorPurity","0"
"Historical regression max absolute difference","4.9960036108132044e-16"
"Historical regression tolerance","0.00000001"
"Historical regression passed","TRUE"
"estimate package version","1.0.13"
"SI_geneset dimensions","2 x 142"
"SI_geneset GMT MD5","9628130acbd541d8a33f21b4ab1e864f"
"Historical common-gene manifest MD5","c66b68a0048f3d381510d3e28850493c"
"Historical score-reference MD5","e92fd9b2564c875865db11f0af1e9b6d"
"estimateScore function body modified","NO"
"Historical Description.1 pseudo-column retained as sample","NO"
