"Feature","Max_abs_difference","Mean_abs_difference","Pearson_r"
"aDC_xCell",0.0000000000000000000000463221143029695,0.000000000000000000000000170521862263584,1
"Adipocytes_xCell",0.000000000000000000000000000000000000470197740328915,0.00000000000000000000000000000000000004977591187134,1
"Astrocytes_xCell",0.0000000000000000000000000000000000210648587667354,0.00000000000000000000000000000000000109777860371554,1
"B-cells_xCell",0.000000000000000000000476456032830544,0.0000000000000000000000115118149963769,1
"Basophils_xCell",0.0000000000000000000135525271560688,0.00000000000000000000236799222706211,1
"CD4+_memory_T-cells_xCell",0.000000000000000000000000000000000000493707627345361,0.0000000000000000000000000000000000000346406594900049,1
"CD4+_naive_T-cells_xCell",0.00000000000000000000000000000000000376158192263132,0.0000000000000000000000000000000000000895540566530753,1
"CD4+_T-cells_xCell",0.0000000000000000000000198523347012727,0.000000000000000000000000043565344196478,1
"CD4+_Tcm_xCell",0.00000000000000000000487043944671223,0.000000000000000000000514333107997692,1
"CD4+_Tem_xCell",0.0000000000000000000050821976835258,0.00000000000000000000157891053637533,1
"CD8+_naive_T-cells_xCell",0.00000000000000000000000165436122510606,0.00000000000000000000000000154254974089838,1
"CD8+_T-cells_xCell",0.000000000000000000000291167575618666,0.000000000000000000000000550830489281533,1
"CD8+_Tcm_xCell",0.000000000000000000000132348898008484,0.000000000000000000000000389283461875173,1
"CD8+_Tem_xCell",0.0000000000000000000000014475660719678,0.00000000000000000000000000130883008337891,1
"cDC_xCell",0.000000000000000000000489690922631392,0.000000000000000000000002658759768208,1
"Chondrocytes_xCell",0.00000000000000000000000000000000000489005649942072,0.0000000000000000000000000000000000000932130701173123,1
"Class-switched_memory_B-cells_xCell",0.000000000000000000000529395592033938,0.000000000000000000000102039548498028,1
"CLP_xCell",0.000000000000000000000000000000000000493707627345361,0.0000000000000000000000000000000000000395146717220993,1
"CMP_xCell",0.000000000000000000000000000000000000493707627345361,0.0000000000000000000000000000000000000775840559860962,1
"DC_xCell",0.000000000000000000000000000000000000517217514361807,0.0000000000000000000000000000000000000647078842853234,1
"Endothelial_cells_xCell",0.0000000000000000000000000000000000331019209191556,0.000000000000000000000000000000000000152867905507908,1
"Eosinophils_xCell",0.00000000000000000000000000000000000376158192263132,0.000000000000000000000000000000000000101047368118969,1
"Epithelial_cells_xCell",0.000000000000000000000502925812432241,0.0000000000000000000000126667406852976,1
"Erythrocytes_xCell",0.0000000000000000000000000000000000361111864572607,0.0000000000000000000000000000000000000748120411573076,1
"Fibroblasts_xCell",0.0000000000000000000050821976835258,0.000000000000000000000075639908165609,1
"GMP_xCell",0.00000000000000000000000000000000000489005649942072,0.000000000000000000000000000000000000190600752716396,1
"Hepatocytes_xCell",0.000000000000000000000397046694025453,0.000000000000000000000000694053895524,1
"HSC_xCell",0.000000000000000000000529395592033938,0.0000000000000000000000406917142609693,1
"iDC_xCell",0.00000000000000000000025146290621612,0.000000000000000000000000502590751935559,1
"Keratinocytes_xCell",0.000000000000000000000000000000000000493707627345361,0.0000000000000000000000000000000000000126031244429578,1
"ly_Endothelial_cells_xCell",0.000000000000000000000000000000000000493707627345361,0.0000000000000000000000000000000000000487439366908401,1
"Macrophages_xCell",0.000000000000000000000000000000000000517217514361807,0.0000000000000000000000000000000000000415469212960128,1
"Macrophages_M1_xCell",0.000000000000000000000000000000000000517217514361807,0.0000000000000000000000000000000000000754187387451154,1
"Macrophages_M2_xCell",0.0000000000000000000000463221143029695,0.000000000000000000000000329638205228744,1
"Mast_cells_xCell",0.000000000000000000000502925812432241,0.0000000000000000000000134150876569398,1
"Megakaryocytes_xCell",0.000000000000000000000000000000000385185988877447,0.000000000000000000000000000000000000600770897474818,1
"Melanocytes_xCell",0.000000000000000000000502925812432241,0.0000000000000000000000176809154774238,1
"Memory_B-cells_xCell",0.0000000000000000000000198523347012727,0.0000000000000000000000000209412813304682,1
"MEP_xCell",0.0000000000000000000050821976835258,0.00000000000000000000133434179913435,1
"Mesangial_cells_xCell",0.00000000000000000000000000000000000489005649942072,0.000000000000000000000000000000000000167721674257195,1
"Monocytes_xCell",0.00000000000000000000000000000000000489005649942072,0.000000000000000000000000000000000000282575579762772,1
"MPP_xCell",0.0000000000000000000000198523347012727,0.0000000000000000000000000179496697118967,1
"MSC_xCell",0.000000000000000000050821976835258,0.00000000000000000000724095808978631,1
"mv_Endothelial_cells_xCell",0.0000000000000000000000363959469523332,0.0000000000000000000000000329077278051066,1
"Myocytes_xCell",0.000000000000000000000000310192729707385,0.000000000000000000000000000280463589317467,1
"naive_B-cells_xCell",0.0000000000000000000000463221143029695,0.0000000000000000000000000559057421232757,1
"Neurons_xCell",0.00000000000000000000000036189151799195,0.00000000000000000000000000104005247687873,1
"Neutrophils_xCell",0.00000000000000000000000000000000000451389830715758,0.0000000000000000000000000000000000000890196919735774,1
"NK_cells_xCell",0.00000000000000000000000000000000000489005649942072,0.000000000000000000000000000000000000317787351623747,1
"NKT_xCell",0.00000000000000000000487043944671223,0.00000000000000000000023498997078955,1
"Osteoblast_xCell",0.0000000000000000000050821976835258,0.000000000000000000000792754641851567,1
"pDC_xCell",0.000000000000000000000000000000000000493707627345361,0.0000000000000000000000000000000000000178215561129771,1
"Pericytes_xCell",0.00000000000000000000190582413132218,0.00000000000000000000000268945884515535,1
"Plasma_cells_xCell",0.000000000000000000000502925812432241,0.00000000000000000000012031615695303,1
"Platelets_xCell",0.00000000000000000000000000000000000507813559555228,0.000000000000000000000000000000000000120889224708329,1
"Preadipocytes_xCell",0.00000000000000000000148230765769503,0.00000000000000000000000160350382759054,1
"pro_B-cells_xCell",0.0000000000000000000000496308367531817,0.00000000000000000000000148054537641798,1
"Sebocytes_xCell",0.0000000000000000000000000000000000000499585099099472,0.00000000000000000000000000000000000000739895060218007,1
"Skeletal_muscle_xCell",0.0000000000000000000000165436122510606,0.0000000000000000000000000149580580934102,1
"Smooth_muscle_xCell",0.000000000000000000447233396150271,0.0000000000000000000247143019038809,1
"Tgd_cells_xCell",0.00000000000000000000000000000000000451389830715758,0.0000000000000000000000000000000000000490872353332568,1
"Th1_cells_xCell",0.0000000000000000000000463221143029695,0.000000000000000000000000314867122861617,1
"Th2_cells_xCell",0.00000000000000000000000496308367531817,0.00000000000000000000000000448741742802614,1
"Tregs_xCell",0.00000000000000000000000827180612553028,0.00000000000000000000000000747902904666067,1
"ImmuneScore_xCell",0.000000000000000000000489690922631392,0.00000000000000000000001882406169523,1
"StromaScore_xCell",0.00000000000000000000487043944671223,0.0000000000000000000000565235099225207,1
"MicroenvironmentScore_xCell",0.00000000000000000000465868120989865,0.0000000000000000000000705545891093109,1
