"Signature","Max_abs_difference","Mean_abs_difference","Pearson_r"
"CD_8_T_effector",0.00000000000000049960036108132,0.00000000000000024441034294142,1
"IFNG_signature_Ayers_et_al",0.000000000000000555111512312578,0.000000000000000248294453111241,1
"T_cell_inflamed_GEP_Ayers_et_al",0.00000000000000049960036108132,0.000000000000000254518126486174,1
"CAF_Peng_et_al",0.000000000000000555111512312578,0.000000000000000252661062656557,1
"TAM_Peng_et_al",0.00000000000000049960036108132,0.000000000000000237578692905207,1
"MDSC_Peng_et_al",0.00000000000000049960036108132,0.000000000000000250427566969585,1
"Immune_Checkpoint",0.00000000000000049960036108132,0.000000000000000247723531460919,1
"EMT1",0.000000000000000444089209850063,0.000000000000000248394834939869,1
"EMT2",0.00000000000000049960036108132,0.000000000000000248244262196927,1
"EMT3",0.00000000000000049960036108132,0.000000000000000247064775710549,1
"Pan_F_TBRs",0.000000000000000444089209850063,0.000000000000000242371925222192,1
"CD8_T_cells_Bindea_et_al",0.000000000000000444089209850063,0.000000000000000251707435284591,1
"NK_cells_Bindea_et_al",0.00000000000000049960036108132,0.000000000000000245533952823972,1
"Cytotoxic_cells_Bindea_et_al",0.00000000000000049960036108132,0.00000000000000025788091774521,1
"Macrophages_Bindea_et_al",0.000000000000000555111512312578,0.00000000000000024638719836731,1
"DC_Bindea_et_al",0.00000000000000049960036108132,0.000000000000000250612645966118,1
"B_cells_Bindea_et_al",0.00000000000000049960036108132,0.000000000000000249561773697669,1
