"Feature","Comparison","Z_abs_diff","P_unadj_abs_diff","P_adj_abs_diff"
"T_cells_MCPcounter","Immune_Low - Immune_Mid",0.0000000000000248689957516035,0.0000000000000000000000000000000000000000000000000026727647100922,0.0000000000000000000000000000000000000000000000000026727647100922
"T_cells_MCPcounter","Immune_Low - Immune_High",0.000000000000035527136788005,0.00000000000000000000000000000000000000000000000000000000000000000000000000000000000000000000000000000000000000000000000000000000000000000000000000000000000000000000325599426194103,0
"T_cells_MCPcounter","Immune_Mid - Immune_High",0.0000000000000124344978758018,0.0000000000000000000000000000000000000000000000000000000395086793960848,0.0000000000000000000000000000000000000000000000000000000407831529249908
"CD8_T_cells_MCPcounter","Immune_Low - Immune_Mid",0.000000000000014210854715202,0.0000000000000000000000000000000000000000344383110592467,0.0000000000000000000000000000000000000000344383110592467
"CD8_T_cells_MCPcounter","Immune_Low - Immune_High",0.000000000000021316282072803,0.0000000000000000000000000000000000000000000000000000000000000000000000000000000000000000000000000000000000000000000000000000000000901658068143138,0.00000000000000000000000000000000000000000000000000000000000000000000000000000000000000000000000000000000000000000000000000000000432795872708706
"CD8_T_cells_MCPcounter","Immune_Mid - Immune_High",0.0000000000000408562073062058,0.0000000000000000000000000000000000000000000000000855284707229503,0.000000000000000000000000000000000000000000000000128292706084425
"Cytotoxic_lymphocytes_MCPcounter","Immune_Low - Immune_Mid",0.00000000000000888178419700125,0.0000000000000000000000000000000000000000000000273691106313441,0.0000000000000000000000000000000000000000000000273691106313441
"Cytotoxic_lymphocytes_MCPcounter","Immune_Low - Immune_High",0.000000000000014210854715202,0.000000000000000000000000000000000000000000000000000000000000000000000000000000000000000000000000000000000000000000000000000000000000000000000000000000916480909049881,0.00000000000000000000000000000000000000000000000000000000000000000000000000000000000000000000000000000000000000000000000000000000000000000000000000000244394909079968
"Cytotoxic_lymphocytes_MCPcounter","Immune_Mid - Immune_High",0.0000000000000337507799486048,0.0000000000000000000000000000000000000000000000000000208809742975953,0.0000000000000000000000000000000000000000000000000000313214614463929
"B_lineage_MCPcounter","Immune_Low - Immune_Mid",0.0000000000000159872115546023,0.0000000000000000000000000000000000000000172191555296234,0.0000000000000000000000000000000000000000172191555296234
"B_lineage_MCPcounter","Immune_Low - Immune_High",0.0000000000000177635683940025,0.00000000000000000000000000000000000000000000000000000000000000000000000000000000000000000000000000000000000000000000000309807353187945,0.0000000000000000000000000000000000000000000000000000000000000000000000000000000000000000000000000000000000000000000000433730294463124
"B_lineage_MCPcounter","Immune_Mid - Immune_High",0.00000000000000532907051820075,0.0000000000000000000000000000000000000000000224207754291971,0.0000000000000000000000000000000000000000000336311631437956
"NK_cells_MCPcounter","Immune_Low - Immune_Mid",0.000000000000049737991503207,0,0
"NK_cells_MCPcounter","Immune_Low - Immune_High",0.000000000000042632564145606,0.000000000000000000000000000000000000000000000000000000000000000000000000000000000000000000000000000000000000000000355311857224191,0
"NK_cells_MCPcounter","Immune_Mid - Immune_High",0.0000000000000248689957516035,0,0.000000000000000000000000000000000000000000358732406867153
"Monocytic_lineage_MCPcounter","Immune_Low - Immune_Mid",0.000000000000014210854715202,0.000000000000000000000000000000000000000367341984631965,0.000000000000000000000000000000000000000367341984631965
"Monocytic_lineage_MCPcounter","Immune_Low - Immune_High",0,0.00000000000000000000000000000000000000000000000000000000000000000000000000000000000000000000000000000000000000000142124742889676,0.00000000000000000000000000000000000000000000000000000000000000000000000000000000000000000000000000000000000000000406070693970504
"Monocytic_lineage_MCPcounter","Immune_Mid - Immune_High",0.0000000000000301980662698043,0.000000000000000000000000000000000000000000448415508583941,0.000000000000000000000000000000000000000000358732406867153
"Myeloid_dendritic_cells_MCPcounter","Immune_Low - Immune_Mid",0.0000000000000301980662698043,0.0000000000000000000000000000000000000000000336311631437956,0.0000000000000000000000000000000000000000000336311631437956
"Myeloid_dendritic_cells_MCPcounter","Immune_Low - Immune_High",0.0000000000000390798504668055,0.000000000000000000000000000000000000000000000000000000000000000000000000000000000000000000000000000000000000000000000000000000000721326454514511,0.00000000000000000000000000000000000000000000000000000000000000000000000000000000000000000000000000000000000000000000000000000000144265290902902
"Myeloid_dendritic_cells_MCPcounter","Immune_Mid - Immune_High",0.00000000000000532907051820075,0,0
"Neutrophils_MCPcounter","Immune_Low - Immune_Mid",0.0000000000000035527136788005,0.0000000000000000000000463221143029695,0.0000000000000000000000330872245021211
"Neutrophils_MCPcounter","Immune_Low - Immune_High",0,0,0.000000000000000000000000000000021570415377137
"Neutrophils_MCPcounter","Immune_Mid - Immune_High",0.00000000000000444089209850063,0.00000000000000000303576608295941,0.00000000000000000303576608295941
"Endothelial_cells_MCPcounter","Immune_Low - Immune_Mid",0.00000000000000177635683940025,0.0000000000000000000000000000000986076131526265,0.000000000000000000000000000000295822839457879
"Endothelial_cells_MCPcounter","Immune_Low - Immune_High",0.000000000000049737991503207,0.000000000000000000000000000000000000000000000000684227765783602,0.0000000000000000000000000000000000000000000000328429327576129
"Endothelial_cells_MCPcounter","Immune_Mid - Immune_High",0.00000000000000488498130835069,0.000000000000000000135525271560688,0.000000000000000000135525271560688
"Fibroblasts_MCPcounter","Immune_Low - Immune_Mid",0.0000000000000479616346638068,0.00000000000000000000000000000000000000000000280259692864963,0.00000000000000000000000000000000000000000000350324616081204
"Fibroblasts_MCPcounter","Immune_Low - Immune_High",0.0000000000000390798504668055,0.00000000000000000000000000000000000000000000000000035497656305912,0
"Fibroblasts_MCPcounter","Immune_Mid - Immune_High",0.000000000000000888178419700125,0.000000000000000305311331771918,0.000000000000000305311331771918
