"Feature","KW_chisq_abs_diff","df_match","Pvalue_abs_diff","BH_FDR_abs_diff"
"T_cells_MCPcounter",0.000000000000227373675443232,TRUE,0,0
"CD8_T_cells_MCPcounter",0.000000000000227373675443232,TRUE,0.00000000000000000000000000000000000000000000000000000000000000000000000000000000000000000000000000000000000000000000000000000000432795872708706,0.0000000000000000000000000000000000000000000000000000000000000000000000000000000000000000000000000000000000000000000000000000000173118349083483
"Cytotoxic_lymphocytes_MCPcounter",0.000000000000454747350886464,TRUE,0.0000000000000000000000000000000000000000000000000000000000000000000000000000000000000000000000000000000000000000000000000000000000000000000000000000439910836343943,0.000000000000000000000000000000000000000000000000000000000000000000000000000000000000000000000000000000000000000000000000000000000000000000000000000273722298169565
"B_lineage_MCPcounter",0.000000000000397903932025656,TRUE,0.00000000000000000000000000000000000000000000000000000000000000000000000000000000000000000000000000000000000000000000039655341208057,0.000000000000000000000000000000000000000000000000000000000000000000000000000000000000000000000000000000000000000000000198276706040285
"NK_cells_MCPcounter",0.000000000000056843418860808,TRUE,0.00000000000000000000000000000000000000000000000000000000000000000000000000000000000000000000000000000000000000000406070693970504,0.0000000000000000000000000000000000000000000000000000000000000000000000000000000000000000000000000000000000000000259885244141122
"Monocytic_lineage_MCPcounter",0.000000000000397903932025656,TRUE,0.0000000000000000000000000000000000000000000000000000000000000000000000000000000000000000000000000000000000000000389827866211684,0
"Myeloid_dendritic_cells_MCPcounter",0.000000000000454747350886464,TRUE,0.0000000000000000000000000000000000000000000000000000000000000000000000000000000000000000000000000000000000000000000000000000000519355047250448,0.000000000000000000000000000000000000000000000000000000000000000000000000000000000000000000000000000000000000000000000000000000115412232722322
"Neutrophils_MCPcounter",0.000000000000014210854715202,TRUE,0.000000000000000000000000000000021570415377137,0.000000000000000000000000000000021570415377137
"Endothelial_cells_MCPcounter",0.000000000000341060513164848,TRUE,0.00000000000000000000000000000000000000000000000410536659470161,0.00000000000000000000000000000000000000000000000342113882891801
"Fibroblasts_MCPcounter",0.000000000000369482222595252,TRUE,0.0000000000000000000000000000000000000000000000000000000000398272977783113,0.000000000000000000000000000000000000000000000000000000000199136488891557
