"Component","Max_numeric_difference","Exact_nonnumeric_match"
"ESTIMATE descriptive",0.00000000000250111042987555,TRUE
"MCP-counter descriptive",0.000000000000049737991503207,TRUE
"xCell descriptive",0.000000000000049737991503207,TRUE
"ESTIMATE Kruskal-Wallis",0.000000000000511590769747272,TRUE
"MCP-counter Kruskal-Wallis",0.000000000000454747350886464,TRUE
"xCell Kruskal-Wallis",0.000000000000440536496171262,TRUE
"ESTIMATE Dunn-BH",0.000000000000049737991503207,TRUE
"MCP-counter Dunn-BH",0.000000000000049737991503207,TRUE
"xCell Dunn-BH",0.0000000000000479616346638068,TRUE
