"Gene","Median","N_equal_to_median","N_Low","N_High","Rule"
"CCL2",9.93369065495223,1,541,542,"High if expression >= exact cohort median"
"CXCL10",10.3083390301394,1,541,542,"High if expression >= exact cohort median"
"CXCL8",6.6724253419715,5,541,542,"High if expression >= exact cohort median"
"CCL5",10.4696418172395,1,541,542,"High if expression >= exact cohort median"
"CCL4",8.02790599656988,1,541,542,"High if expression >= exact cohort median"
"CCL22",8.13955135239879,4,540,543,"High if expression >= exact cohort median"
"CCR5",8.9915218460757,1,541,542,"High if expression >= exact cohort median"
"CCR2",7.56985560833095,2,540,543,"High if expression >= exact cohort median"
"CCR7",7.67948009950545,3,539,544,"High if expression >= exact cohort median"
"CXCR3",7.22881869049588,5,541,542,"High if expression >= exact cohort median"
"CXCL11",8.4093909361377,3,540,543,"High if expression >= exact cohort median"
"CCL19",8.59245703726808,3,540,543,"High if expression >= exact cohort median"
"IL6",5.39231742277876,6,539,544,"High if expression >= exact cohort median"
"CCL20",4.64385618977472,13,540,543,"High if expression >= exact cohort median"
"CXCL9",10.9076418036655,1,541,542,"High if expression >= exact cohort median"
"CXCL1",4.58496250072116,13,529,554,"High if expression >= exact cohort median"
"CX3CL1",11.0375469539622,1,541,542,"High if expression >= exact cohort median"
"CXCL2",5.70043971814109,5,538,545,"High if expression >= exact cohort median"
"IL10",4.75488750216347,19,524,559,"High if expression >= exact cohort median"
"IFNG",3,45,526,557,"High if expression >= exact cohort median"
