"Item","Value"
"External cohort","SCAN-B / GSE96058"
"Phenotype source","GEO Series GSE96058 phenotype"
"Historical phenotype retrieval","GEOquery::getGEO(""GSE96058"", GSEMatrix=TRUE); Biobase::pData(gse[[1]])"
"Historical expression bridge","Historical hub_scanb.RData derived from the transformed GSE96058 expression matrix"
"Historical hub expression samples","3409"
"Final SCAN-B survival samples","3069"
"Genes required by final validation","CCL19; IL10"
"Median definition","Cohort-specific median in all 3069 SCAN-B patients"
"Tie rule","Expression >= exact median -> High"
"Adjusted model","ImmuneState + Age + LymphNode + NHG + TumorSize"
"Interaction term","FALSE"
"New analysis added","FALSE"
